avg_reliability,min_reliability,on_time_rate,farm_count,quantity_buffer,avg_distance_km,max_distance_km,harvest_buffer_days,price_headroom,prior_buyer_share,fulfilled
0.6597,0.6597,0.5816,1,0.2538,254.7,254.7,2.95,0.2255,0.3039,0
0.7888,0.6912,0.8257,4,0.1155,54.6,140.3,1.52,0.2092,0.3791,0
0.8855,0.8607,0.8472,2,0.065,49.9,170.2,5.64,0.0798,0.2392,1
0.8404,0.7208,0.8175,4,0.309,155.9,184.9,3.01,0.1736,0.5205,1
0.8377,0.72,0.8516,5,0.0308,193.1,310.1,1.26,0.1464,0.5205,0
0.873,0.873,0.9111,1,0.0168,307.4,307.4,1.27,0.2206,0.6163,0
0.793,0.4909,0.8434,5,0.1377,305.6,358.0,2.66,0.0414,0.3677,0
0.7345,0.6849,0.7455,2,0.4393,88.5,110.6,8.56,0.074,0.3887,0
0.9049,0.8195,0.8543,2,0.5166,75.9,220.7,5.47,0.1237,0.1123,0
0.8825,0.7213,0.8187,5,0.1484,198.9,273.2,1.45,-0.0909,0.115,0
0.8323,0.6899,0.8323,5,0.0984,28.3,60.9,14.0,0.3088,0.6021,1
0.7757,0.7757,0.7091,1,0.5738,252.7,252.7,3.1,0.1076,0.1157,1
0.8672,0.7515,0.9718,4,0.3861,260.3,356.2,3.13,0.2388,0.0849,1
0.8157,0.5584,0.8522,4,0.2237,174.4,311.9,3.99,-0.1276,0.4472,0
0.8179,0.6818,0.83,4,0.0875,129.8,307.4,5.28,0.1865,0.9439,0
0.8595,0.688,0.9016,3,0.3198,42.6,204.1,4.3,0.0984,0.4067,1
0.9718,0.9718,0.8318,1,0.0151,259.3,259.3,2.41,0.2507,0.7083,1
0.9572,0.9572,0.8684,1,0.0517,97.6,97.6,5.11,-0.0459,0.3127,1
0.9205,0.8419,0.9006,3,0.2063,60.3,151.8,3.82,0.3692,0.1879,1
0.9335,0.9335,0.8091,1,0.1441,26.0,26.0,2.39,0.2527,0.1372,1
0.8687,0.8041,0.8907,4,0.0353,116.9,148.0,5.53,0.0797,0.7051,1
0.8392,0.7745,0.834,2,0.0672,175.2,204.6,1.72,0.3155,0.0493,0
0.8923,0.8449,0.9045,5,0.0447,179.6,240.5,3.91,0.1556,0.73,0
0.8543,0.8494,0.9083,2,0.1034,22.6,189.5,4.35,-0.0538,0.44,0
0.8951,0.8231,0.9439,5,0.7279,313.3,387.3,1.89,0.0447,0.1059,0
0.8588,0.6929,0.8268,4,0.2613,219.8,262.6,0.21,0.4259,0.2469,0
0.8775,0.6341,0.8254,5,0.3907,119.7,195.4,0.6,0.0117,0.5618,0
0.7268,0.7268,0.684,1,0.0323,113.4,113.4,3.82,0.1662,0.4182,0
0.8111,0.6273,0.7964,5,0.0809,132.3,143.2,1.32,0.187,0.2483,0
0.9054,0.7883,0.8942,5,0.2825,17.8,51.7,5.12,-0.1497,0.7028,1
0.943,0.9392,1.0,2,0.1179,263.0,320.3,4.61,0.27,0.3391,1
0.9183,0.8662,0.921,5,0.2068,204.6,253.8,1.63,0.1813,0.4039,1
0.8377,0.7481,0.7693,5,0.1277,75.9,230.5,3.74,-0.134,0.1708,0
0.7952,0.5989,0.7658,5,0.0397,130.0,201.0,3.02,0.171,0.1064,0
0.7966,0.7381,0.7904,3,0.3985,290.0,467.2,1.16,-0.0112,0.436,0
0.8899,0.8665,0.9187,2,0.1588,138.5,275.3,2.68,0.0453,0.1369,1
0.6643,0.6643,0.6065,1,0.1164,90.8,90.8,0.47,0.016,0.3485,0
0.8132,0.6827,0.8652,3,0.451,113.1,222.5,6.45,0.0773,0.3136,1
0.9074,0.8351,0.9207,5,0.5202,112.3,243.1,6.11,-0.05,0.7086,1
0.972,0.972,0.9538,1,0.5625,107.3,107.3,7.53,0.2778,0.1854,1
0.8382,0.7788,0.8836,2,0.0123,114.6,150.2,2.02,-0.0054,0.1153,1
0.8404,0.7098,0.8104,3,0.0146,137.0,294.5,5.7,0.2167,0.304,0
0.816,0.7361,0.8124,5,0.0894,258.2,409.3,2.82,-0.0138,0.3983,0
0.839,0.8337,0.8145,2,0.0297,268.9,300.7,2.42,0.121,0.4824,0
0.8478,0.8478,0.8789,1,0.091,255.2,255.2,0.9,0.2764,0.5288,0
0.8438,0.7248,0.8339,5,0.246,93.5,228.9,2.8,0.3263,0.003,1
0.7869,0.6801,0.6964,4,0.1566,183.0,332.2,8.91,0.0764,0.0849,0
0.7368,0.7368,0.7618,1,0.052,187.0,187.0,1.56,0.1187,0.0411,0
0.8238,0.8238,0.9414,1,0.0557,222.3,222.3,7.55,-0.0387,0.2025,1
0.7843,0.4957,0.7125,3,0.2905,245.1,392.6,3.98,0.0119,0.5193,0
0.8521,0.7372,0.9431,5,0.1861,215.9,315.7,1.81,0.1154,0.4896,1
0.8505,0.8505,0.8903,1,0.0178,219.0,219.0,7.76,0.075,0.3754,1
0.9089,0.7571,0.8509,5,0.0805,129.2,147.4,4.54,0.0899,0.6177,0
0.8463,0.7468,0.86,3,0.0283,174.3,212.9,2.72,-0.1054,0.0752,0
0.9119,0.9025,1.0,2,0.0205,230.3,284.6,2.75,0.1875,0.0393,1
0.886,0.886,0.8633,1,0.022,310.5,310.5,5.3,0.1652,0.0399,0
0.8771,0.8771,0.9104,1,0.094,289.2,289.2,7.5,-0.224,0.5825,1
0.8555,0.742,0.8946,5,0.1561,76.6,220.7,10.99,0.2713,0.2843,0
0.8424,0.7703,0.8025,5,0.0204,195.9,236.9,2.68,0.3991,0.706,0
0.7214,0.6637,0.7792,2,0.2376,128.1,204.6,5.71,-0.0344,0.2159,1
0.6145,0.4988,0.6483,2,0.0726,247.0,374.4,1.54,-0.0448,0.4818,0
0.8822,0.7835,0.8901,4,0.0436,148.8,203.4,0.4,0.1452,0.1782,0
0.8869,0.7737,1.0,3,0.1633,256.9,409.5,1.38,0.0887,0.4984,0
0.8254,0.6509,0.7764,4,0.1298,86.8,136.5,1.1,0.2076,0.038,0
0.8045,0.6012,0.7607,4,0.2955,140.6,213.2,3.54,-0.0081,0.1545,0
0.8275,0.7153,0.8955,5,0.1434,84.4,93.5,6.02,0.0203,0.2876,0
0.8664,0.763,0.9115,5,0.276,315.2,378.5,2.77,0.263,0.1505,0
0.8412,0.7205,0.8089,3,0.0952,31.8,94.5,1.96,0.103,0.7871,0
0.8249,0.6978,0.79,4,0.1665,191.5,216.9,1.27,0.05,0.4052,1
0.833,0.6652,0.8634,5,0.0514,224.2,378.4,1.89,0.061,0.6054,0
0.7744,0.6173,0.711,2,0.1985,139.8,155.4,5.23,0.4571,0.4191,0
0.8746,0.8487,0.8156,2,0.1506,157.8,331.0,0.68,0.2419,0.0228,0
0.8966,0.808,0.9131,4,0.24,95.2,200.0,4.69,0.1781,0.1604,1
0.6865,0.6865,0.6339,1,0.1066,258.5,258.5,3.11,0.1698,0.3886,0
0.7966,0.7081,0.836,5,0.1998,36.9,181.4,3.67,0.0949,0.4071,0
0.8339,0.7304,0.8774,2,0.0272,232.0,235.3,0.4,-0.0076,0.2655,0
0.8623,0.7722,0.8885,4,0.6768,182.8,196.9,5.84,-0.0559,0.3565,1
0.8696,0.7443,0.8752,4,0.1991,316.1,343.2,0.52,0.0109,0.1161,0
0.7618,0.7618,0.7446,1,0.0275,285.0,285.0,1.79,0.0917,0.125,0
0.8722,0.8134,0.7906,5,0.0524,302.4,306.4,5.63,0.167,0.4588,1
0.863,0.8412,0.8725,2,0.3429,42.7,118.9,4.15,0.0252,0.5932,1
0.8061,0.7561,0.8238,3,0.0162,121.4,250.4,1.61,0.0007,0.4249,1
0.8329,0.7297,0.8143,3,0.1156,202.0,204.5,4.3,0.0789,0.0582,1
0.7689,0.7549,0.7408,3,0.0797,251.1,388.7,4.58,0.2183,0.2107,1
0.8073,0.6585,0.8406,5,0.0472,142.4,188.7,2.93,0.3848,0.1038,0
0.8061,0.5003,0.7553,5,0.9248,287.9,321.4,3.77,0.2013,0.1019,0
0.874,0.802,0.8139,4,0.33,282.3,306.8,2.08,0.1859,0.6491,1
0.8204,0.7038,0.8212,5,0.0257,169.8,300.1,0.77,0.0278,0.5262,0
0.9281,0.8908,0.9576,4,0.0061,237.2,245.0,2.87,-0.0044,0.8098,1
0.7041,0.6612,0.7327,2,0.1807,68.2,205.8,3.99,0.1958,0.9757,1
0.7251,0.7251,0.7417,1,0.2196,225.4,225.4,4.79,0.2365,0.0167,1
0.8447,0.7869,0.8943,3,0.001,160.7,320.2,4.21,0.0854,0.4333,1
0.7877,0.7628,0.8384,4,0.3503,245.6,310.3,2.59,0.0036,0.1233,0
0.7557,0.6478,0.85,2,0.2573,312.3,387.3,4.16,0.2976,0.6963,1
0.8901,0.8901,0.9204,1,0.1768,207.6,207.6,2.8,0.2148,0.0242,1
0.8882,0.8882,0.9306,1,0.236,179.5,179.5,1.44,0.067,0.189,0
0.7436,0.7436,0.6448,1,0.0551,175.9,175.9,0.22,0.0119,0.8447,0
0.7453,0.4765,0.7308,4,0.128,48.8,158.4,1.31,0.2395,0.2002,0
0.9159,0.8033,0.8371,4,0.1004,84.1,182.9,1.59,0.2787,0.527,0
0.8522,0.7478,0.8065,5,0.057,167.3,283.2,0.3,0.2678,0.2774,0
0.8483,0.8004,0.8355,4,0.1381,38.4,73.4,2.84,0.2499,0.1334,0
0.7319,0.5528,0.7619,4,0.1597,285.4,432.9,0.35,0.0744,0.0027,0
0.8917,0.7985,1.0,2,0.0032,166.5,326.2,2.83,0.0221,0.0489,0
0.7508,0.5543,0.7455,5,0.1295,90.0,178.5,1.3,0.2193,0.0344,0
0.8431,0.6931,0.9311,3,0.107,92.8,184.8,1.31,0.1206,0.429,1
0.9176,0.9037,1.0,3,0.0989,91.1,116.3,6.77,0.1175,0.304,1
0.9254,0.8904,0.886,2,0.0386,116.9,165.9,4.18,0.1639,0.8865,1
0.9027,0.8882,0.7881,2,0.372,39.6,198.4,2.26,0.2345,0.345,1
0.8594,0.8435,0.8509,3,0.0889,94.2,118.6,5.88,0.1411,0.5369,1
0.5318,0.5264,0.5302,2,0.0386,222.2,360.9,12.23,0.0176,0.794,0
0.8214,0.7358,0.8748,4,0.1462,262.8,395.4,8.69,0.2124,0.5495,1
0.9556,0.9556,0.895,1,0.0171,78.9,78.9,4.22,0.1662,0.3253,1
0.8341,0.6902,0.7752,3,0.8467,26.0,137.9,0.45,-0.0451,0.2085,1
0.7945,0.7266,0.7326,2,0.0015,314.3,425.5,1.4,0.2365,0.1076,0
0.7929,0.6912,0.8787,3,0.1741,25.5,153.1,7.92,0.1351,0.4977,1
0.8805,0.7748,0.949,5,0.5884,61.8,201.6,3.31,0.0801,0.1368,0
0.6873,0.6873,0.6355,1,0.0634,101.5,101.5,0.85,0.0555,0.1142,0
0.7193,0.45,0.7732,4,0.049,186.7,271.8,2.36,0.2244,0.6823,0
0.6136,0.6136,0.6151,1,0.1993,286.2,286.2,3.51,0.1707,0.6842,0
0.9907,0.9907,1.0,1,0.0438,96.4,96.4,9.6,0.1167,0.3593,0
0.8402,0.8402,0.8383,1,0.2438,248.2,248.2,3.74,-0.0413,0.1978,0
0.805,0.6176,0.9449,4,0.0275,20.0,193.5,4.76,-0.0657,0.6608,0
0.9453,0.9404,0.968,2,0.2345,294.4,447.4,1.03,0.1682,0.1377,1
0.7227,0.6176,0.7311,2,0.2702,231.9,350.1,6.67,0.0132,0.2352,0
0.8888,0.8082,0.8381,5,0.0507,210.0,342.4,5.01,0.0171,0.5391,1
0.9096,0.867,0.9678,2,0.2033,225.6,243.0,1.58,-0.0161,0.7511,0
0.8292,0.7485,0.8492,4,0.2231,184.3,201.2,3.55,0.1149,0.3313,1
0.8836,0.856,0.8722,2,0.2822,123.2,125.6,3.58,0.1647,0.2462,1
0.8555,0.6519,0.9141,5,0.0402,159.1,334.0,5.3,0.1953,0.6887,0
0.8538,0.621,0.8194,4,0.1589,177.7,236.0,4.03,0.1776,0.4662,0
0.7344,0.7344,0.8069,1,0.3058,163.5,163.5,7.32,-0.0794,0.025,1
0.8651,0.8111,0.9319,3,0.0217,109.9,112.2,4.18,0.0187,0.0485,1
0.783,0.5515,0.8067,3,0.1434,168.4,289.4,1.53,0.0809,0.6676,0
0.7667,0.7476,0.8272,2,0.1636,111.0,170.4,1.26,0.1533,0.2654,1
0.8068,0.7656,0.7463,2,0.2213,303.1,382.2,2.62,0.2505,0.6095,1
0.7973,0.7335,0.6842,3,0.514,55.9,147.9,2.48,-0.0095,0.0183,0
0.8571,0.7498,0.9327,3,0.0684,115.3,173.3,2.87,0.1459,0.2644,1
0.8336,0.7721,0.8711,2,0.313,301.0,463.4,3.51,0.3454,0.1221,0
0.9772,0.9772,0.9144,1,0.1083,139.9,139.9,1.41,-0.103,0.1215,1
0.8427,0.6511,0.8496,4,0.1592,141.3,244.0,3.0,0.2477,0.0822,0
0.7195,0.6184,0.7223,3,0.0296,146.9,166.4,2.32,0.2374,0.4648,0
0.8423,0.6945,0.8789,5,0.6145,171.9,299.9,3.03,0.2267,0.3718,0
0.8061,0.6527,0.8663,2,0.0061,248.6,391.1,2.49,0.1963,0.0291,0
0.8037,0.7798,0.8305,2,0.0343,167.9,207.5,1.66,0.0825,0.0132,0
0.9222,0.8733,0.9433,3,0.3962,220.1,335.8,1.78,0.2459,0.2216,0
0.8976,0.7933,0.9487,4,0.0186,40.3,68.8,2.83,-0.1078,0.2912,1
0.8645,0.8272,0.8615,2,0.031,189.3,239.4,2.24,0.0687,0.0834,1
0.6956,0.6246,0.7343,2,0.0834,29.5,33.9,0.49,0.263,0.1757,0
0.6794,0.5169,0.6405,5,0.1105,189.9,294.2,2.21,0.1262,0.4575,0
0.8022,0.64,0.8338,4,0.0575,316.4,375.2,9.71,0.1933,0.2245,0
0.8172,0.5093,0.8142,4,0.087,227.9,267.8,4.28,0.0986,0.4781,0
0.8557,0.7472,1.0,5,0.127,206.5,303.4,2.04,0.0392,0.2999,0
0.865,0.7223,0.8563,3,0.3109,230.2,272.7,2.12,0.1564,0.2662,0
0.8619,0.7519,0.9714,4,0.0004,305.6,309.2,2.06,0.075,0.4856,0
0.8918,0.8204,0.9854,5,0.1526,159.7,315.5,2.85,0.0805,0.2119,1
0.8522,0.7467,0.8877,5,0.1466,200.5,232.5,3.19,-0.0179,0.2459,0
0.9051,0.8417,0.9229,4,0.652,75.1,88.8,6.58,0.1267,0.1214,1
0.8755,0.7082,0.7857,4,0.2925,88.5,185.4,0.93,0.0907,0.201,0
0.8407,0.7494,0.8645,3,0.0125,291.1,383.0,7.53,0.0835,0.0632,0
0.7358,0.7358,0.8788,1,0.1017,88.7,88.7,3.04,0.0288,0.6629,0
0.9204,0.9204,0.8577,1,0.0254,193.8,193.8,0.71,0.1482,0.5887,0
0.8895,0.8557,0.822,2,0.1671,237.4,293.2,3.65,0.0834,0.2302,0
0.7784,0.6466,0.7937,3,0.13,237.0,401.8,2.75,0.2361,0.2029,0
0.8512,0.7581,0.7646,5,0.0964,257.7,328.0,1.91,0.1273,0.4243,0
0.8342,0.8342,0.8489,1,0.0058,152.5,152.5,1.81,0.1698,0.1356,1
0.7529,0.6665,0.7307,3,0.2367,53.9,179.7,0.59,0.2106,0.8184,1
0.8068,0.6427,0.8403,3,0.0028,151.9,188.3,1.54,0.2552,0.643,1
0.765,0.59,0.7044,4,0.0528,132.2,288.5,2.55,0.0743,0.5743,0
0.8474,0.7751,0.8794,3,0.8946,285.7,336.7,1.13,0.1087,0.3172,0
0.8783,0.6781,0.9129,5,0.0202,194.9,340.6,3.65,-0.1249,0.7875,0
0.7686,0.7322,0.7606,2,0.0878,15.9,127.5,6.49,0.3263,0.1583,1
0.7146,0.6595,0.657,2,0.1651,271.3,283.9,3.46,0.1106,0.6006,0
0.8379,0.5709,0.7977,5,0.0245,146.7,197.9,6.3,-0.0325,0.032,0
0.8917,0.8367,0.8398,4,0.0413,245.7,274.0,2.45,0.3213,0.1471,0
0.7147,0.5876,0.7515,3,0.1326,202.1,243.3,1.68,-0.0595,0.3961,0
0.7647,0.6673,0.7738,2,0.037,282.8,446.9,0.38,0.1103,0.157,0
0.8344,0.5735,0.8926,4,0.3178,100.0,216.6,4.9,0.0492,0.0479,0
0.8628,0.7615,0.8074,4,0.113,250.0,253.4,2.08,-0.032,0.4008,0
0.839,0.839,0.9247,1,0.0322,146.5,146.5,1.63,0.016,0.4963,0
0.9574,0.9403,0.8678,2,0.0792,42.5,162.4,3.89,0.2217,0.4535,1
0.861,0.7128,0.8265,4,0.004,216.5,352.4,6.05,0.2383,0.4719,0
0.8122,0.6531,0.9177,5,0.1945,70.5,130.1,3.75,0.0626,0.1058,1
0.9675,0.9675,1.0,1,0.0332,56.5,56.5,6.72,0.131,0.5315,1
0.8558,0.6942,0.9193,5,0.1513,156.4,308.4,4.4,-0.2033,0.7042,1
0.8227,0.679,0.8043,2,0.0355,108.5,114.8,2.52,0.1342,0.2733,0
0.8068,0.7507,0.7044,4,0.0871,55.8,109.3,7.8,0.0849,0.5279,1
0.8994,0.7811,0.9035,5,0.0678,83.8,224.1,1.96,0.0362,0.2885,1
0.8736,0.8333,0.8711,2,0.9404,169.7,248.6,3.37,0.0066,0.5919,1
0.9433,0.9433,0.9217,1,0.1464,109.1,109.1,6.84,0.3423,0.1431,1
0.8622,0.7035,0.8197,3,0.2377,237.6,311.1,1.87,0.1552,0.3749,0
0.8226,0.8226,0.7139,1,0.0902,217.8,217.8,4.43,0.0782,0.1021,0
0.569,0.569,0.5475,1,0.0008,52.5,52.5,1.41,0.0772,0.4056,0
0.5538,0.5538,0.5305,1,0.0168,41.5,41.5,5.42,0.1143,0.2495,0
0.8658,0.7062,1.0,4,0.01,197.0,305.5,3.87,0.2472,0.0352,1
0.8234,0.7627,0.7705,5,0.2487,243.4,363.6,2.11,0.123,0.2794,0
0.9076,0.863,0.9181,2,0.1069,235.9,349.6,4.44,0.0635,0.2214,1
0.8773,0.7445,0.8172,3,0.105,86.9,88.5,5.31,0.1957,0.1741,0
0.78,0.5412,0.7858,4,0.222,229.6,293.6,1.06,0.0667,0.4147,0
0.8263,0.7678,0.8598,2,0.033,236.5,272.0,1.48,0.1938,0.6392,0
0.8183,0.5879,0.8352,4,0.0101,61.0,117.9,3.41,-0.0498,0.482,0
0.7808,0.545,0.731,5,0.0727,315.2,355.4,10.16,-0.135,0.5557,0
0.81,0.7471,0.8437,3,0.4531,186.8,239.8,3.44,0.3481,0.0356,0
0.8777,0.8487,0.8806,2,0.2455,108.6,186.3,1.71,0.1482,0.0246,1
0.9757,0.9757,0.9757,1,0.0014,27.2,27.2,1.37,-0.0229,0.3268,1
0.6935,0.6935,0.5803,1,0.0938,81.3,81.3,6.64,0.2417,0.0743,0
0.7815,0.5502,0.7186,5,0.0115,279.2,283.3,2.39,-0.1343,0.3131,0
0.8408,0.8408,0.845,1,0.0626,66.9,66.9,1.31,0.132,0.1291,1
0.7593,0.6589,0.7437,5,0.1499,138.5,266.8,3.01,0.3176,0.4611,0
0.8168,0.7806,0.6446,5,0.0203,115.0,271.6,3.24,0.0287,0.1386,0
0.976,0.9591,0.8871,2,0.009,254.4,354.3,1.7,-0.0119,0.4001,0
0.7925,0.7322,0.7889,2,0.0856,100.9,177.5,2.98,-0.0054,0.2736,1
0.9126,0.8255,0.8697,5,0.0068,280.0,384.8,4.5,-0.1173,0.4219,0
0.8594,0.7763,0.9103,3,0.3577,254.1,403.2,5.94,0.5,0.6842,1
0.9037,0.828,0.9482,4,0.1945,110.2,168.8,1.83,0.0407,0.0226,0
0.8914,0.7722,1.0,3,0.0739,164.3,305.7,2.9,0.1677,0.0794,1
0.9473,0.9358,0.9366,2,0.0502,262.6,410.0,6.94,0.1504,0.5724,1
0.8828,0.8828,0.9061,1,0.0621,73.5,73.5,8.4,-0.0072,0.4186,1
0.8109,0.6194,0.7612,3,0.0001,121.9,187.8,2.86,0.1039,0.0711,0
0.8913,0.8307,0.983,5,0.0359,314.2,345.9,1.38,0.3125,0.0742,0
0.794,0.7541,0.7943,2,0.0034,127.7,127.9,1.19,0.2133,0.4216,0
0.8717,0.7971,0.9328,4,0.9176,62.6,97.6,2.82,0.178,0.207,0
0.8264,0.7182,0.8168,4,0.0864,208.2,373.0,4.18,0.2972,0.4305,0
0.8438,0.7619,0.9583,3,0.0283,150.1,206.2,2.46,0.0951,0.1474,1
0.8418,0.788,0.866,3,0.0861,204.9,245.9,0.73,0.0711,0.1003,0
0.768,0.7419,0.7658,2,0.084,227.3,273.6,3.37,-0.0186,0.0835,0
0.8961,0.8293,0.8358,2,0.0366,19.6,32.2,1.81,0.1397,0.4544,1
0.9834,0.9834,1.0,1,0.0336,34.3,34.3,2.72,0.2237,0.1589,1
0.8201,0.697,0.787,2,0.049,34.6,47.0,2.6,0.1279,0.2783,1
0.8361,0.7717,0.8642,3,0.0385,70.9,242.6,7.41,0.0731,0.2673,1
0.8275,0.7279,0.8952,5,0.0777,279.1,323.0,0.68,0.1672,0.0319,0
0.8223,0.8223,0.8369,1,0.3195,141.2,141.2,5.76,0.1581,0.1948,1
0.8926,0.8926,0.7938,1,0.1878,257.1,257.1,5.26,0.3474,0.3724,1
0.7863,0.6729,0.7696,3,0.0304,75.5,143.4,1.3,0.2415,0.5434,1
0.8531,0.73,0.8622,2,0.0456,92.0,200.3,3.33,-0.0853,0.3997,1
0.8735,0.7616,0.9414,2,0.173,110.0,150.3,5.32,-0.0601,0.1145,1
0.8791,0.8791,0.8678,1,0.052,50.6,50.6,11.97,0.0485,0.649,1
0.8344,0.7981,0.8447,2,0.046,258.4,398.3,0.73,0.0579,0.2174,0
0.8741,0.7426,0.8404,5,0.1992,127.4,244.7,4.42,0.2125,0.2394,1
0.7308,0.5748,0.6821,3,0.3517,318.6,493.0,1.6,-0.0512,0.1733,0
0.7391,0.6912,0.8114,4,0.1221,51.3,153.7,4.17,-0.0779,0.1825,0
0.8374,0.6566,0.9573,5,0.6062,101.8,141.4,4.04,0.1262,0.3033,1
0.8129,0.7048,0.7983,4,0.0755,280.4,368.0,0.99,0.1076,0.4621,0
0.9551,0.9551,1.0,1,0.006,189.7,189.7,0.5,0.1996,0.0339,1
0.7853,0.6197,0.8997,3,0.12,40.9,109.8,3.26,0.1725,0.343,1
0.9375,0.9142,0.7888,2,0.1684,210.6,341.1,3.4,-0.1349,0.5532,1
0.8462,0.8462,0.8597,1,0.5023,114.5,114.5,4.52,0.1854,0.112,1
0.8703,0.7905,0.7901,3,0.0222,134.6,211.7,5.27,0.1616,0.5605,1
0.9018,0.7983,0.9516,3,0.0454,255.4,282.2,2.78,0.1945,0.644,1
0.8693,0.7417,0.7869,5,0.0923,219.0,369.8,1.72,-0.0347,0.1738,0
0.8204,0.8204,0.7779,1,0.3202,123.9,123.9,3.71,0.0885,0.8273,1
0.7696,0.6137,0.7942,4,0.1983,96.9,167.0,5.39,0.2083,0.1469,0
0.8443,0.8443,0.8134,1,0.1328,309.4,309.4,6.78,0.0841,0.3333,0
0.9028,0.9028,0.92,1,0.5017,169.3,169.3,2.06,0.1856,0.4558,1
0.873,0.8319,0.8751,2,0.6505,242.6,310.8,5.24,0.0743,0.4754,1
0.9419,0.9185,1.0,3,0.0861,210.0,303.6,2.85,0.2893,0.2016,0
0.7881,0.6882,0.8424,2,0.2824,281.0,399.5,3.03,0.1229,0.1452,1
0.8298,0.6923,0.9034,3,0.4285,308.5,346.1,2.03,0.1489,0.1417,1
0.8712,0.7361,0.7495,4,0.5126,197.7,267.7,2.73,0.3174,0.416,0
0.8308,0.6332,0.8903,5,0.1013,239.5,411.2,0.55,0.2718,0.0217,0
0.675,0.6516,0.6598,2,0.1618,216.0,219.7,12.83,0.0678,0.3094,0
0.8084,0.6964,0.8458,2,0.0133,194.6,298.1,3.83,0.197,0.4429,0
0.8686,0.8419,0.8083,3,0.0082,151.8,182.7,10.43,0.1352,0.4778,1
0.7341,0.6432,0.8042,4,0.0156,303.0,381.9,6.04,0.1229,0.0308,0
0.7459,0.5261,0.8275,2,0.0415,161.1,207.4,2.91,-0.2007,0.1758,0
0.7927,0.678,0.8805,5,0.1224,96.4,242.0,3.77,0.0403,0.3869,0
0.8292,0.7599,0.7895,5,0.479,316.7,437.2,1.92,0.1166,0.0783,0
0.8576,0.7337,0.8185,4,0.0557,216.5,376.3,0.44,-0.0177,0.1036,0
0.8459,0.6927,0.8867,5,0.4502,110.0,223.4,2.92,-0.2201,0.2214,0
0.9327,0.8851,0.9057,2,0.0571,257.8,275.5,1.28,-0.0291,0.0672,1
0.9355,0.9081,0.9526,3,0.3468,285.0,359.4,8.54,0.2657,0.1914,1
0.864,0.8294,0.9015,2,0.2361,123.2,253.4,2.86,0.322,0.431,1
0.736,0.6675,0.7088,3,0.128,130.8,290.1,2.34,0.2098,0.4939,0
0.8486,0.8486,0.7489,1,0.4097,164.4,164.4,4.01,0.0716,0.6279,1
0.7919,0.7919,0.7667,1,0.0321,209.0,209.0,1.41,0.1818,0.025,1
0.8195,0.5215,0.7543,4,0.1465,28.2,145.0,5.58,0.3282,0.12,1
0.7795,0.639,0.7107,2,0.1703,95.6,205.2,2.89,0.2546,0.1326,0
0.8534,0.7669,0.7713,3,0.3465,218.3,351.5,4.29,0.0832,0.5091,1
0.8256,0.8256,0.7984,1,0.4138,88.7,88.7,7.8,0.0735,0.2782,1
0.9428,0.8756,0.9874,5,0.1138,44.2,145.9,3.13,0.0782,0.1997,1
0.7977,0.7706,0.8187,2,0.0366,206.9,314.5,3.56,0.0552,0.3855,0
0.7801,0.7801,0.6267,1,0.8015,197.6,197.6,2.5,0.2304,0.0795,1
0.8218,0.681,0.9561,5,0.0904,205.9,224.4,7.8,0.0853,0.3793,0
0.9102,0.9102,0.9558,1,0.0434,146.0,146.0,2.99,-0.0847,0.2989,1
0.904,0.8566,0.8984,2,0.0546,107.6,203.0,1.05,-0.0552,0.1476,0
0.804,0.7955,0.7062,2,0.1071,249.6,371.3,2.32,0.2885,0.0252,0
0.8812,0.7586,0.8476,4,0.1401,17.1,189.1,9.63,0.2859,0.2293,1
0.7498,0.621,0.6753,3,0.2732,118.5,256.0,7.31,0.0854,0.1902,0
0.8024,0.7268,0.7397,4,0.0004,50.2,225.4,1.43,0.0951,0.3949,0
0.8348,0.6826,0.8652,5,0.1128,205.1,297.7,2.18,-0.0256,0.2681,0
0.7333,0.6865,0.7932,2,0.0073,316.5,371.1,9.67,-0.0967,0.4397,0
0.8304,0.8304,0.8253,1,0.0969,255.0,255.0,5.62,0.1259,0.4514,1
0.8257,0.753,0.7876,2,0.1759,206.8,371.1,0.61,0.0544,0.6345,0
0.8256,0.7993,0.8606,2,0.0013,72.1,138.4,3.41,0.1062,0.4,0
0.7692,0.4943,0.7357,4,0.5585,311.1,393.6,5.23,0.2291,0.1135,0
0.7864,0.672,0.7947,2,0.0654,55.3,217.6,2.17,0.1226,0.4379,0
0.8872,0.8745,0.8608,3,0.4267,288.6,436.8,1.83,0.0112,0.3318,0
0.8808,0.8166,0.7921,5,0.38,289.0,359.1,3.27,0.1121,0.5742,0
0.8738,0.7803,0.8564,3,0.0203,75.3,126.2,0.24,0.176,0.034,0
0.768,0.7231,0.8014,3,0.0538,210.9,277.4,1.85,0.3435,0.3025,0
0.8234,0.481,0.93,4,0.0589,133.1,227.0,1.48,0.093,0.2326,0
0.898,0.898,0.7891,1,0.0125,289.2,289.2,1.48,0.1223,0.3376,1
0.7717,0.5893,0.8735,4,0.1209,65.9,100.0,1.02,0.0964,0.7061,0
0.8167,0.6714,0.8214,4,0.2726,106.0,145.8,4.64,0.1927,0.0591,1
0.781,0.781,0.7334,1,0.0289,291.4,291.4,6.06,0.2036,0.3556,0
0.908,0.8724,0.9225,4,0.1073,229.6,302.4,0.93,0.0297,0.2062,0
0.9721,0.9721,0.9522,1,0.0458,261.7,261.7,1.67,0.2933,0.8774,1
0.8692,0.6295,0.866,5,0.0012,132.4,189.5,1.56,-0.0713,0.2771,0
0.7992,0.5099,0.8063,3,0.296,68.0,236.4,4.12,0.0948,0.2877,0
0.9271,0.8921,0.8543,4,0.0295,176.1,275.6,2.7,0.0993,0.3271,1
0.898,0.874,0.8743,4,0.1769,148.6,208.8,8.0,0.0929,0.4171,1
0.8026,0.6457,0.6466,4,0.0296,122.2,291.8,2.96,0.1077,0.2933,0
0.8403,0.7641,0.8376,3,0.1864,130.6,304.3,2.2,0.1505,0.0417,0
0.8392,0.7076,0.738,5,0.0594,216.1,391.2,0.5,0.0622,0.2636,0
0.7934,0.636,0.7605,4,0.0139,99.4,190.7,3.52,0.2282,0.2278,0
0.8977,0.8719,0.8906,4,0.0247,180.3,202.6,3.55,0.1508,0.18,0
0.8604,0.6653,0.8266,4,0.115,303.3,422.6,1.67,0.2768,0.5067,0
0.8228,0.7644,0.8092,5,0.1119,84.8,123.5,1.09,0.1423,0.0068,0
0.8444,0.6858,0.8652,5,0.0307,19.3,159.7,2.5,0.378,0.2947,0
0.723,0.7002,0.8096,2,0.1017,31.9,93.0,2.68,-0.0437,0.4195,1
0.8556,0.7382,0.9798,5,0.0469,133.0,264.4,6.42,-0.0374,0.6004,0
0.8234,0.6771,0.885,4,0.1492,194.5,298.4,2.27,0.1142,0.1672,0
0.8473,0.8003,0.9385,3,0.131,316.7,354.6,0.87,0.1946,0.3563,0
0.7489,0.6835,0.7044,2,0.1898,75.7,108.1,1.14,0.1914,0.5816,0
0.7444,0.7444,0.7432,1,0.5715,192.6,192.6,0.62,-0.0717,0.7226,0
0.7806,0.7806,0.7481,1,0.3055,259.1,259.1,5.0,0.1834,0.4854,1
0.7947,0.7012,0.6947,2,0.388,173.8,277.1,2.57,-0.065,0.4815,0
0.7643,0.6345,0.7002,3,0.0573,205.8,308.7,3.84,0.1113,0.3371,0
0.9155,0.8912,0.8884,3,0.0114,314.2,360.8,1.57,-0.0822,0.3625,0
0.704,0.704,0.7939,1,0.0937,141.4,141.4,2.03,0.1937,0.4649,0
0.8001,0.6534,0.8531,5,0.0805,31.0,102.0,3.25,0.2716,0.6757,0
0.8755,0.8755,0.9011,1,0.4095,299.9,299.9,7.13,0.205,0.0159,1
0.8941,0.8011,1.0,3,0.2334,17.6,141.5,1.8,0.0558,0.1613,1
0.836,0.77,0.7549,3,0.0898,26.1,124.1,1.97,0.2833,0.0174,1
0.9083,0.8165,0.9369,3,0.114,268.8,360.7,2.9,0.1733,0.4677,1
0.8666,0.7287,0.7849,3,0.3019,182.4,219.4,2.33,0.1782,0.075,0
0.7559,0.6219,0.7896,3,0.0152,179.7,278.2,3.36,-0.004,0.6664,0
0.757,0.5744,0.7318,5,0.0714,309.0,415.7,3.22,0.1083,0.3781,0
0.83,0.582,0.7856,5,0.3251,215.8,367.7,3.57,0.1356,0.1623,0
0.8331,0.6994,0.808,5,0.0279,293.9,394.1,2.83,0.0583,0.282,0
0.9466,0.9378,0.9753,3,0.1815,126.5,300.7,4.78,-0.1026,0.3598,1
0.7994,0.6383,0.7138,5,0.2416,59.4,181.4,0.98,-0.1665,0.8083,0
0.8348,0.8348,0.8032,1,0.1334,305.0,305.0,4.09,0.1353,0.4399,1
0.8487,0.7723,0.9426,2,0.0798,38.5,177.6,1.64,-0.0191,0.5295,0
0.7652,0.7652,0.774,1,0.098,62.1,62.1,4.93,-0.0796,0.3898,1
0.8191,0.6411,0.8377,5,0.4988,32.5,90.0,5.67,0.0016,0.5315,0
0.8897,0.7505,0.8091,4,0.4105,35.4,98.4,1.57,0.1219,0.5148,0
0.45,0.45,0.4518,1,0.0919,93.2,93.2,3.43,0.1302,0.6259,0
0.82,0.82,0.7953,1,0.0601,79.1,79.1,9.88,0.2166,0.4365,1
0.8929,0.838,0.8986,3,0.0438,53.4,118.8,7.82,0.1136,0.6617,1
0.86,0.86,0.8795,1,0.1646,188.0,188.0,3.7,0.0157,0.1139,0
0.7511,0.6624,0.73,2,0.1525,136.6,212.4,5.78,0.066,0.5123,0
0.8076,0.4698,0.8499,5,0.1002,160.6,268.7,3.16,0.103,0.1952,0
0.8979,0.8722,0.6862,4,0.0589,282.1,412.0,6.86,0.2179,0.1249,1
0.7627,0.7627,0.8255,1,0.0247,56.9,56.9,3.49,0.1501,0.0571,0
0.711,0.6497,0.6368,2,0.0929,133.2,286.7,0.71,0.2021,0.1945,0
0.7057,0.5605,0.7734,2,0.2734,22.5,112.5,4.64,-0.0424,0.2518,0
0.9133,0.9076,0.8864,2,0.0635,304.0,347.0,2.32,-0.0437,0.0503,0
0.8282,0.7601,0.8337,2,0.0845,149.3,233.9,7.29,0.1267,0.0312,0
0.8643,0.7832,0.8647,4,0.3646,310.8,396.2,0.33,0.1641,0.6787,0
0.8698,0.7407,0.78,5,0.094,243.3,293.9,1.11,0.1364,0.2597,0
0.7583,0.5955,0.7133,5,0.3566,231.9,378.8,1.98,0.1707,0.4958,0
0.836,0.7481,0.7458,5,0.0413,42.2,146.8,1.9,0.2755,0.9316,0
0.7993,0.6227,0.8871,5,0.018,78.2,82.7,1.25,-0.042,0.2597,0
0.7337,0.5754,0.6481,5,0.0817,272.9,300.9,5.75,0.0601,0.0259,0
0.9056,0.8518,0.9471,2,0.0697,111.3,137.5,1.72,-0.0502,0.0414,1
0.842,0.6493,0.8938,4,0.0409,201.7,224.1,1.85,0.0984,0.0492,0
0.9181,0.9181,0.8504,1,0.0809,315.1,315.1,2.84,-0.0142,0.5938,1
0.8727,0.6953,0.8458,3,0.4941,205.9,280.8,0.64,0.2925,0.5345,0
0.8999,0.8176,0.8356,5,0.2724,308.1,361.3,4.76,0.1243,0.5675,0
0.8683,0.7433,0.9874,5,0.0169,245.8,411.7,5.39,0.1714,0.3799,0
0.9619,0.9289,0.9306,2,0.3317,229.5,244.4,2.43,0.3449,0.2901,1
0.8798,0.7335,0.8728,5,0.0376,158.3,253.7,2.37,0.0152,0.0446,0
0.7615,0.6449,0.8186,2,0.0592,191.0,262.9,4.61,0.0986,0.3739,0
0.8885,0.8552,0.9893,4,0.0849,310.4,413.7,2.39,0.1763,0.063,0
0.6953,0.5706,0.6792,4,0.0882,231.4,341.3,0.95,-0.1036,0.1022,0
0.8235,0.7618,0.8753,3,0.2905,166.4,203.5,0.83,0.138,0.1912,1
0.9121,0.9121,0.8869,1,0.2877,175.6,175.6,9.72,0.1763,0.2103,1
0.7819,0.677,0.7264,3,0.026,20.9,35.7,4.42,0.29,0.2878,0
0.7511,0.7511,0.6932,1,0.0958,64.0,64.0,0.98,0.1833,0.0177,1
0.8884,0.8077,0.8636,5,0.1649,170.2,185.1,1.27,0.2081,0.4379,1
0.8814,0.8219,0.8531,3,0.3394,50.1,163.3,1.45,0.1566,0.0953,0
0.8583,0.7726,0.7623,5,0.0701,266.5,412.3,6.75,0.0973,0.1521,0
0.9232,0.8692,0.9663,2,0.0837,70.7,240.6,2.84,0.4415,0.033,1
0.8342,0.6955,0.8216,4,0.1717,261.6,371.5,4.12,0.0809,0.4563,0
0.9045,0.9045,0.8797,1,1.0,276.3,276.3,1.32,0.026,0.0661,1
0.9035,0.8493,0.9785,3,0.0642,138.2,211.3,4.49,0.3156,0.3657,0
0.9147,0.8678,1.0,3,0.3052,100.3,155.6,2.89,0.0697,0.6002,0
0.9878,0.9878,0.8867,1,0.0289,17.4,17.4,1.22,0.0294,0.07,0
0.8511,0.7684,0.8372,4,0.4482,55.6,227.8,3.44,0.1479,0.2001,1
0.681,0.5429,0.6475,2,0.0168,129.0,263.0,1.53,0.1919,0.6232,0
0.8608,0.8258,0.7428,3,0.0026,102.5,112.9,4.71,0.305,0.3867,1
0.7525,0.7525,0.749,1,0.1258,31.9,31.9,1.76,0.1769,0.301,0
0.7585,0.6403,0.8752,4,0.0602,210.0,247.8,3.71,0.1454,0.3224,0
0.8183,0.6332,0.85,3,0.0002,254.8,284.7,1.92,0.1806,0.7605,0
0.727,0.5345,0.6956,4,0.5682,214.9,358.3,5.59,0.2519,0.0817,0
0.8009,0.5124,0.8583,5,0.3502,37.9,160.5,7.24,0.1161,0.3602,0
0.8612,0.7225,0.8517,4,0.0409,117.3,200.1,1.5,-0.0263,0.6098,1
0.8555,0.5219,0.9175,5,0.1774,57.7,121.8,5.5,0.0848,0.007,0
0.7879,0.7769,0.7489,2,0.023,208.7,351.3,3.44,0.1891,0.7724,1
0.8469,0.8469,0.7722,1,0.2984,236.4,236.4,3.91,0.227,0.441,1
0.8137,0.7502,0.7493,2,0.1739,271.0,302.2,3.19,0.4878,0.1625,1
0.8806,0.8329,0.913,3,0.0476,234.0,362.5,2.59,0.118,0.4761,0
0.8227,0.7214,0.8722,4,0.2435,124.6,191.8,1.42,0.3669,0.3849,0
0.9369,0.9369,0.9377,1,0.0295,107.1,107.1,3.16,0.3554,0.1282,1
0.9318,0.9049,0.9086,2,0.1396,17.6,27.7,4.04,-0.0775,0.1591,1
0.7758,0.6796,0.7899,3,0.0271,168.6,225.9,2.57,0.1883,0.2528,0
0.7867,0.674,0.6809,3,0.0,295.9,313.7,6.01,0.0911,0.473,0
0.7926,0.6159,0.6824,5,0.2826,37.6,49.0,8.11,0.1302,0.5065,0
0.6356,0.6356,0.7237,1,0.097,110.7,110.7,5.0,0.0968,0.54,0
0.9082,0.9082,0.9333,1,0.1538,293.8,293.8,6.63,0.0849,0.0232,1
0.8322,0.6979,0.7342,3,0.1571,306.4,342.3,4.27,0.0971,0.0413,0
0.7119,0.458,0.7201,4,0.0055,164.0,267.0,7.72,0.1362,0.0128,0
0.8424,0.7541,0.8196,5,0.1063,124.6,273.7,2.67,0.0156,0.1985,0
0.7924,0.6488,0.8401,3,0.0615,236.4,376.1,1.28,0.1344,0.2418,0
0.6687,0.4638,0.6857,3,0.2117,260.5,427.4,1.68,-0.089,0.5686,0
0.8499,0.7884,0.8699,4,0.0463,254.3,331.0,1.06,0.1189,0.2664,0
0.7932,0.6581,0.6483,2,0.019,29.3,78.8,8.2,0.1004,0.0766,1
0.8274,0.7392,0.7786,5,0.044,312.1,321.4,4.94,0.0957,0.2649,0
0.7249,0.554,0.773,2,0.0266,203.0,342.6,2.87,0.1714,0.1876,0
0.753,0.6047,0.7867,5,0.0642,225.4,365.0,3.39,0.0739,0.0944,0
0.7476,0.7196,0.7083,2,0.1724,37.3,182.1,1.5,0.1291,0.4503,1
0.8738,0.79,0.8394,3,0.1313,141.7,233.3,0.88,0.0624,0.4254,0
0.838,0.6825,0.7557,5,0.3704,163.3,242.6,3.63,0.2294,0.0794,0
0.8525,0.7581,0.88,3,0.1671,209.2,267.1,0.7,0.0876,0.0585,1
0.9242,0.857,0.931,4,0.175,190.2,277.5,2.99,0.0395,0.243,0
0.8786,0.7789,0.8351,2,0.0161,199.5,357.6,1.53,0.092,0.1515,0
0.8499,0.7606,0.7705,4,0.3136,252.0,413.4,2.74,0.0038,0.4702,0
0.9194,0.8874,0.881,3,0.0428,222.7,254.9,3.41,0.2723,0.3952,1
0.7147,0.6703,0.6507,2,0.1359,193.6,220.5,0.81,-0.0001,0.2961,0
0.9354,0.9185,0.9664,2,0.06,185.5,218.5,4.88,-0.0353,0.2656,1
0.8283,0.7228,0.7582,3,0.0184,70.9,148.3,2.24,-0.0578,0.1486,1
0.9548,0.9271,1.0,3,0.5577,230.5,240.4,3.69,0.1732,0.6524,1
0.8614,0.7423,0.8421,2,0.0117,30.7,155.8,1.39,0.1549,0.096,1
0.9161,0.7917,0.9913,4,0.2953,247.2,251.3,7.14,0.0449,0.82,1
0.7947,0.5489,0.7535,4,0.127,185.1,350.6,2.47,0.1321,0.4062,0
0.8394,0.8394,0.807,1,0.3167,159.7,159.7,2.09,0.0474,0.4449,1
0.8862,0.7997,0.9176,5,0.0385,200.5,250.7,5.07,0.1699,0.1392,1
0.8905,0.7678,0.9295,5,0.0969,118.3,277.5,1.0,0.0505,0.6311,0
0.8064,0.7993,0.8449,2,0.1506,300.7,368.7,3.36,0.0612,0.0646,0
0.8152,0.8152,0.7911,1,0.2191,260.5,260.5,3.19,-0.086,0.1336,0
0.8692,0.7987,0.8836,3,0.3429,132.9,306.4,10.43,0.0103,0.1183,1
0.7789,0.7609,0.7502,2,0.218,194.7,294.2,0.2,0.059,0.6025,0
0.8549,0.7198,0.876,4,0.3264,289.7,388.8,6.41,-0.0132,0.3514,0
0.6374,0.5188,0.6312,5,0.0261,85.2,220.4,6.07,0.0889,0.3295,0
0.8296,0.7691,0.9343,2,0.4266,306.8,411.3,2.72,0.0135,0.4591,0
0.7885,0.6867,0.8325,2,0.3148,195.6,312.2,0.56,0.0589,0.8047,0
0.8093,0.5825,0.9045,5,0.1241,104.5,233.6,1.77,0.0369,0.0007,0
0.9937,0.9937,1.0,1,0.051,167.7,167.7,2.61,-0.0002,0.657,1
0.8798,0.8798,0.9115,1,0.0762,163.7,163.7,2.5,0.1301,0.1117,1
0.8915,0.7907,0.8392,4,0.0791,101.8,274.9,7.31,0.2893,0.5064,1
0.8935,0.8229,0.9066,3,0.0747,138.1,243.6,1.92,0.2549,0.5465,1
0.7095,0.5623,0.7747,5,0.0574,114.5,149.7,1.02,0.2918,0.0825,0
0.8206,0.64,0.7706,5,0.0171,35.0,196.6,4.27,0.0595,0.2878,0
0.9363,0.9363,0.9644,1,0.0417,153.6,153.6,0.73,-0.0382,0.4719,0
0.8145,0.4551,0.8068,5,0.0126,38.6,163.3,0.73,-0.0417,0.4055,0
0.8092,0.6826,0.7629,4,0.1679,127.0,142.9,1.11,0.0671,0.2505,0
0.8846,0.7859,0.9907,4,0.5637,100.4,193.9,6.54,-0.116,0.635,1
0.8144,0.7511,0.7547,2,0.0941,285.1,339.4,0.88,0.0846,0.1357,0
0.8846,0.7717,0.7823,4,0.0473,88.8,178.6,2.16,0.2276,0.1656,1
0.8407,0.7455,0.7737,2,0.1433,146.5,183.2,0.65,-0.0687,0.0341,1
0.8726,0.6503,0.7924,4,0.174,279.0,454.0,2.34,-0.0961,0.0249,0
0.8555,0.794,0.843,3,0.139,43.0,43.7,0.88,0.1645,0.4268,1
0.8465,0.635,0.7905,5,0.3137,38.3,111.3,0.3,0.2298,0.2387,0
0.9101,0.8703,0.8269,2,1.0,142.3,196.5,3.2,0.0611,0.2199,1
0.8518,0.8518,0.7881,1,0.2,169.6,169.6,0.61,0.0529,0.0678,1
0.8435,0.8003,0.8409,4,0.0069,145.2,238.8,5.06,0.1766,0.001,0
0.8055,0.6373,0.6827,5,0.5753,191.7,268.1,8.43,0.0999,0.3469,0
0.9152,0.8184,0.9139,5,0.2734,119.2,236.0,1.53,0.1153,0.7496,1
0.7835,0.7526,0.8635,5,0.0432,220.4,330.4,3.2,0.0204,0.4174,0
0.8439,0.6634,0.8195,3,0.0244,79.2,183.6,5.27,-0.0216,0.1985,0
0.8589,0.774,0.8594,2,0.0586,127.2,287.8,0.64,0.2152,0.5886,0
0.8017,0.6379,0.8364,5,0.0433,136.4,312.3,1.31,0.1327,0.6077,0
0.7734,0.6957,0.663,4,0.2683,257.4,377.6,9.53,-0.225,0.0904,0
0.784,0.7755,0.7961,2,0.1223,288.2,468.0,0.94,0.0324,0.4499,0
0.9203,0.9154,0.9231,2,0.2462,78.4,166.4,3.46,-0.0325,0.409,1
0.7928,0.7928,0.8603,1,0.0633,88.3,88.3,1.56,0.1196,0.4514,1
0.9088,0.8884,0.8696,3,0.3092,203.2,296.5,1.04,0.0434,0.1079,0
0.8963,0.8963,0.9747,1,0.1191,81.4,81.4,3.56,0.2151,0.7167,1
0.8403,0.761,0.8985,3,0.2611,31.2,53.1,1.77,0.1034,0.4521,1
0.8968,0.8741,0.9767,2,0.3336,257.2,315.8,2.09,-0.0872,0.7439,1
0.8496,0.731,1.0,5,0.133,133.1,154.0,7.73,0.1713,0.4442,1
0.8595,0.8595,0.91,1,0.0181,239.0,239.0,4.78,0.0805,0.2461,1
0.8805,0.7281,0.8265,3,0.1746,161.5,296.6,5.7,0.1345,0.2855,1
0.8109,0.7705,0.799,4,0.2051,36.5,51.1,3.51,0.1287,0.7597,1
0.8166,0.8031,0.7089,3,0.2617,56.6,72.0,2.83,0.0783,0.4212,0
0.7992,0.5675,0.8403,3,0.0554,36.4,113.5,1.31,0.0644,0.273,1
0.847,0.7892,0.7577,3,0.1485,220.5,260.7,3.34,-0.0454,0.7088,1
0.807,0.746,0.758,2,0.5775,142.4,226.8,0.54,0.3024,0.0841,1
0.9085,0.8181,0.9194,4,0.246,118.5,243.3,1.81,0.1234,0.9089,1
0.8628,0.7836,0.9581,5,0.0983,46.6,111.9,3.58,0.1887,0.5742,1
0.8227,0.6565,0.8393,2,0.0172,283.4,427.4,2.61,0.088,0.2577,0
0.9358,0.8579,0.8606,4,0.1436,18.7,51.5,2.22,-0.0725,0.4405,0
0.8671,0.6803,0.8208,5,0.3327,175.9,213.2,3.66,0.146,0.4339,0
0.8734,0.8534,0.8259,2,0.005,213.4,373.5,0.4,0.1344,0.2666,0
0.9026,0.7966,0.9345,5,0.3647,55.6,201.0,0.63,0.0059,0.1321,1
0.9789,0.9789,0.9618,1,0.0505,225.1,225.1,3.69,0.179,0.0483,1
0.7795,0.5251,0.7418,4,0.0296,285.2,389.0,2.06,0.1142,0.174,0
0.954,0.9175,0.9245,3,0.0326,18.5,136.5,4.32,0.2837,0.3303,1
0.737,0.737,0.7863,1,0.0187,146.6,146.6,2.83,0.1619,0.5818,0
0.7974,0.7841,0.81,3,0.0597,122.3,300.5,9.16,0.1603,0.7706,1
0.9102,0.9102,0.9821,1,0.6056,209.1,209.1,0.59,0.2288,0.2899,1
0.8343,0.7522,0.8732,5,0.0142,257.3,357.5,9.5,0.2282,0.418,0
0.8171,0.7048,0.7407,4,0.0912,141.7,302.7,3.34,0.1799,0.1942,0
0.9556,0.9504,1.0,3,0.3664,142.1,302.6,2.56,0.1401,0.1314,1
0.8271,0.7228,0.8162,5,0.05,227.8,348.4,2.85,-0.0867,0.225,0
0.8804,0.8292,0.8668,2,0.0237,22.7,197.8,1.03,0.3372,0.3851,1
0.6922,0.5002,0.7057,2,0.0928,192.2,344.1,2.61,0.008,0.0709,0
0.8693,0.8045,0.9133,2,0.0872,234.4,316.8,3.03,0.1555,0.2764,1
0.8554,0.7532,0.8512,2,0.3769,117.4,245.3,3.59,0.1393,0.5165,1
0.7571,0.6154,0.7052,3,1.0,104.4,233.4,2.53,0.0983,0.2438,1
0.8578,0.8139,0.7903,5,0.1207,178.3,255.2,1.73,0.3636,0.5445,0
0.8811,0.8356,0.8649,3,0.007,67.4,229.7,1.05,0.1692,0.5286,0
0.7762,0.6514,0.7631,4,0.2248,88.9,219.4,4.37,0.0795,0.6082,1
0.8921,0.8507,0.8503,2,0.4028,184.8,351.1,1.58,-0.0829,0.5513,0
0.89,0.7753,0.9349,3,0.078,159.9,208.0,3.83,0.0359,0.5457,0
0.7568,0.583,0.7262,3,0.1478,33.9,105.0,1.55,0.1582,0.5059,1
0.6486,0.5715,0.6927,2,0.0561,73.1,217.5,3.04,-0.0003,0.0574,0
0.7476,0.5581,0.7307,4,0.062,200.3,220.6,5.74,-0.1051,0.0538,0
0.9237,0.8662,0.8694,4,0.0165,131.9,182.6,0.51,0.2044,0.4078,0
0.7886,0.7886,0.7446,1,0.014,205.7,205.7,1.99,0.1749,0.9318,0
0.8337,0.7205,0.8278,5,0.0119,66.1,140.2,0.8,0.4832,0.7142,1
0.7568,0.5722,0.7499,4,0.1917,52.9,170.6,5.05,0.0875,0.9026,0
0.8528,0.7483,0.8352,4,0.156,285.5,291.7,3.96,0.2066,0.2055,1
0.7733,0.45,0.7146,5,0.0673,101.1,277.2,1.8,0.29,0.7088,1
0.8384,0.7238,0.8819,3,0.7306,192.0,302.1,2.48,0.0499,0.5007,0
0.8559,0.661,0.7841,3,0.4543,63.0,116.7,4.48,-0.0664,0.3217,1
0.9807,0.9807,0.9539,1,0.9502,125.2,125.2,4.32,-0.0116,0.5636,1
0.8564,0.7435,0.76,2,0.1179,187.1,243.1,2.91,-0.0649,0.6111,0
0.8968,0.8065,0.9296,5,0.2357,19.1,159.1,1.92,0.2419,0.337,1
0.897,0.7954,0.872,5,0.1515,267.6,408.6,11.88,0.0218,0.0995,0
0.7868,0.5955,0.721,2,0.0524,106.9,228.2,3.51,0.0936,0.2818,1
0.7015,0.5439,0.6652,2,0.0477,273.4,362.6,1.23,0.288,0.3775,0
0.7183,0.6211,0.8159,5,0.0157,152.8,214.5,4.75,0.224,0.4964,0
0.9081,0.9026,0.9169,2,1.0,138.3,191.3,1.22,0.1263,0.418,1
0.88,0.8258,0.9446,2,0.03,240.0,266.5,8.55,0.3097,0.0913,1
0.7618,0.6627,0.7145,2,0.0372,60.4,154.5,7.91,0.1548,0.0494,1
0.881,0.8236,0.8047,3,0.0702,243.9,335.8,1.71,-0.08,0.2555,0
0.8787,0.796,0.9735,3,0.0319,243.0,405.5,2.78,-0.0607,0.6572,0
0.9108,0.9108,0.9339,1,0.0126,310.2,310.2,4.36,0.1553,0.1179,1
0.8934,0.7899,0.8606,5,0.0392,174.4,348.2,0.86,0.1543,0.4273,1
0.7086,0.4765,0.7501,3,0.0684,106.1,271.7,5.19,-0.0281,0.0852,0
0.8294,0.7151,0.8248,4,0.0233,275.7,301.2,2.78,0.08,0.202,0
0.9053,0.7493,0.9772,5,1.0,297.3,334.7,5.59,-0.0177,0.0488,1
0.5866,0.5866,0.5963,1,0.0409,113.7,113.7,3.2,0.1316,0.7292,0
0.8144,0.7995,0.8373,2,0.0259,156.7,326.6,1.86,0.2327,0.0942,0
0.9937,0.9937,0.8744,1,0.6953,243.0,243.0,0.64,0.0933,0.3395,1
0.6759,0.45,0.6758,2,0.1186,149.9,180.2,5.12,0.0687,0.1647,0
0.805,0.5999,0.8743,5,0.0172,196.3,268.2,1.94,0.131,0.0516,0
0.8554,0.8375,0.8773,2,0.3328,111.6,250.5,1.61,0.0487,0.2137,0
0.822,0.7642,0.8318,4,0.0025,85.5,93.2,2.34,0.2072,0.2337,1
0.8471,0.7833,0.8928,5,0.3331,63.0,85.5,1.07,0.1374,0.2787,0
0.8523,0.7132,0.7341,3,0.2262,227.2,254.9,3.87,0.1052,0.5179,1
0.8396,0.6057,0.8418,5,0.3739,318.7,438.9,3.24,0.1728,0.6927,0
0.8926,0.876,0.745,2,0.1153,78.1,88.6,5.14,0.0598,0.2778,0
0.9385,0.904,0.9784,3,0.1473,84.1,228.3,1.73,0.0991,0.3022,0
0.7683,0.5422,0.8659,5,0.083,231.9,353.8,1.32,0.3759,0.1632,0
0.9295,0.8731,0.9262,4,0.2092,87.8,173.7,0.87,0.0021,0.289,0
0.9024,0.7809,0.9042,5,0.0778,148.3,256.0,6.64,0.1448,0.0353,0
0.8034,0.6356,0.8358,4,0.6428,215.0,220.5,2.91,0.1513,0.2476,0
0.8466,0.7651,0.8617,3,0.0983,98.3,184.0,2.37,0.0299,0.5488,0
0.8431,0.7122,0.8105,3,0.1953,126.6,291.1,2.4,0.0961,0.7422,0
0.7794,0.5928,0.7218,2,0.6566,180.8,320.7,9.04,0.3732,0.5261,0
0.9392,0.9017,1.0,5,0.2761,294.3,451.6,1.17,0.227,0.2105,0
0.8146,0.6948,0.8493,3,0.1013,311.8,314.4,6.08,-0.2934,0.5404,0
0.8342,0.6231,0.8322,3,0.3059,240.4,282.7,9.39,0.1851,0.2023,0
0.7578,0.6899,0.7491,3,0.4074,233.7,357.5,4.69,0.3062,0.2875,0
0.9349,0.8471,0.9242,5,0.306,144.1,210.9,4.72,0.0833,0.1505,0
0.9361,0.9361,0.8189,1,0.1628,155.2,155.2,2.73,0.0703,0.8113,1
0.8526,0.733,0.8634,4,0.1827,189.8,206.7,4.99,0.0695,0.6759,1
0.9027,0.9027,0.9028,1,0.2906,299.6,299.6,3.7,0.2396,0.1009,1
0.9413,0.9413,0.836,1,0.0876,29.8,29.8,2.53,0.0606,0.0764,1
0.8678,0.6862,0.9456,4,0.0869,15.4,32.3,3.71,-0.0847,0.3125,1
0.9495,0.9395,1.0,2,0.1551,28.6,167.9,2.17,0.3452,0.6695,1
0.8139,0.5299,0.838,5,0.5777,54.8,90.9,3.95,0.1886,0.2994,0
0.8684,0.7901,0.9147,3,0.0804,230.0,389.1,3.27,0.1392,0.038,1
0.7928,0.7417,0.7845,3,0.3758,200.3,310.5,2.11,-0.0057,0.7571,0
0.7247,0.7071,0.6814,3,0.191,256.5,432.4,5.7,0.2013,0.4105,1
0.838,0.7154,0.8185,4,0.0345,97.1,274.3,0.68,-0.1815,0.2693,1
0.884,0.7686,0.9113,4,0.0293,99.5,193.6,0.53,0.2953,0.1154,1
0.9217,0.9217,0.9978,1,0.2224,103.0,103.0,6.07,-0.0314,0.0341,1
0.8516,0.8516,0.8039,1,0.0478,28.9,28.9,1.61,0.0581,0.2507,0
0.8841,0.7582,0.8715,5,0.0671,256.1,348.3,2.5,0.1048,0.2399,0
0.777,0.7164,0.7353,2,0.2144,234.8,305.7,4.52,0.0462,0.3295,0
0.8397,0.7818,0.8097,3,0.0893,120.1,215.5,5.78,0.3816,0.4572,1
0.8619,0.7144,0.9307,5,0.9831,203.1,294.4,2.31,-0.0226,0.621,0
0.7518,0.5859,0.7596,4,0.0534,112.5,162.4,1.89,0.0041,0.4926,0
0.7958,0.5722,0.8764,5,0.2176,101.3,113.8,9.34,0.1057,0.3057,0
0.9709,0.9709,0.9785,1,0.1262,173.9,173.9,0.66,-0.0072,0.1387,0
0.879,0.879,0.9333,1,0.1565,195.9,195.9,7.0,0.0307,0.2118,1
0.9644,0.9644,0.9835,1,0.6968,241.9,241.9,5.66,0.0042,0.0678,1
0.8701,0.7382,0.9994,4,0.074,248.7,250.5,2.76,0.2586,0.3098,0
0.7334,0.6772,0.7669,2,0.2356,268.7,341.2,4.16,0.2152,0.145,0
0.8837,0.8394,0.9368,4,0.2762,141.5,195.3,0.99,0.3337,0.3951,0
0.8295,0.7764,0.9372,2,0.2443,146.1,282.7,0.89,0.0252,0.5632,0
0.8946,0.8233,0.8314,4,0.2573,287.4,396.3,2.38,0.2057,0.4267,1
0.7645,0.6838,0.8005,2,0.0453,107.6,261.9,7.32,0.1597,0.1421,0
0.7905,0.5689,0.6863,4,0.2108,194.3,353.6,1.42,0.0099,0.8716,0
0.82,0.6764,0.7467,3,0.4101,187.1,341.7,8.82,0.273,0.2124,1
0.7811,0.5715,0.8329,5,0.0484,59.8,198.2,2.16,0.2876,0.2261,0
0.959,0.959,0.9541,1,0.3471,241.9,241.9,3.76,0.169,0.055,1
0.8206,0.6546,0.7689,4,0.0423,254.8,265.3,4.18,0.0573,0.2231,0
0.9194,0.9,0.9776,2,0.2229,270.0,308.5,7.99,0.1768,0.5818,1
0.8185,0.8185,0.8438,1,0.0293,218.7,218.7,4.17,0.1124,0.0652,1
0.8128,0.6571,0.7809,4,0.0884,301.0,317.9,2.68,-0.0208,0.7157,0
0.8058,0.8018,0.7682,2,0.2862,250.9,251.0,2.95,0.1473,0.4131,1
0.8536,0.676,0.8081,4,0.0388,192.4,214.0,2.87,0.2184,0.3264,1
0.7582,0.6557,0.6952,2,0.0477,244.0,256.1,1.11,0.109,0.1785,0
0.7308,0.6712,0.8105,2,0.0665,171.1,333.2,6.4,0.3068,0.1959,0
0.8586,0.7596,0.7859,3,0.1823,200.4,259.2,1.86,0.0013,0.1424,0
0.9027,0.8714,0.824,2,0.0597,313.6,412.0,2.18,-0.0778,0.3786,1
0.8644,0.7722,0.8306,4,0.0125,282.0,291.7,1.3,0.2314,0.4321,0
0.8378,0.769,0.8986,3,0.1782,80.6,247.4,0.89,0.1819,0.2565,0
0.9405,0.9347,1.0,2,0.0822,57.9,135.2,0.88,0.1234,0.4889,1
0.8663,0.7909,0.8721,3,0.4019,202.8,259.1,6.28,0.0875,0.2231,0
0.9007,0.891,0.9531,2,0.0916,186.1,325.8,4.52,0.0283,0.3232,1
0.8195,0.7648,0.8649,2,0.0348,80.3,185.9,2.96,0.2041,0.3651,0
0.8857,0.7471,0.9496,4,0.1877,41.1,149.4,7.47,0.0459,0.4338,1
0.9281,0.9281,0.9218,1,0.2923,149.2,149.2,3.85,0.163,0.5931,1
0.7946,0.704,0.6975,3,0.0982,228.1,296.1,5.21,0.0503,0.4507,0
0.7819,0.7819,0.8637,1,0.0661,125.8,125.8,2.9,0.3079,0.3353,0
0.7657,0.564,0.6867,2,0.0184,56.8,200.4,1.82,0.0502,0.783,0
0.796,0.796,0.7469,1,0.009,184.8,184.8,3.59,0.1405,0.0537,0
0.9043,0.7791,0.9178,4,0.278,55.9,214.6,3.07,0.2089,0.5844,1
0.6799,0.6799,0.6793,1,0.1568,199.4,199.4,2.16,0.1091,0.5637,1
0.9339,0.9339,0.9142,1,0.6547,70.4,70.4,2.3,-0.0257,0.0245,1
0.8227,0.689,0.7819,4,0.0513,64.0,142.9,2.43,0.1118,0.6405,0
0.9088,0.8467,0.9822,2,0.0123,146.4,274.7,9.45,-0.1193,0.4007,1
0.8913,0.7395,0.8446,5,0.0356,177.3,302.4,2.21,0.0147,0.4502,0
0.8593,0.7321,0.8912,3,0.2084,15.9,137.4,5.76,0.2299,0.5358,1
0.6965,0.6547,0.6494,2,0.3072,286.0,455.4,1.9,0.216,0.1272,0
0.829,0.5751,0.8186,4,0.1608,172.7,281.8,0.86,-0.0491,0.3999,0
0.7616,0.6872,0.7242,3,0.1198,110.4,144.9,1.73,-0.03,0.1958,1
0.7781,0.7781,0.7202,1,0.1143,44.4,44.4,9.64,0.099,0.8473,1
0.7731,0.7036,0.8462,4,0.622,119.2,242.0,2.32,0.036,0.8354,1
0.8471,0.6924,0.8674,4,0.0003,241.0,256.7,5.12,-0.0906,0.5038,0
0.8819,0.7804,0.8177,5,0.1417,83.8,160.4,2.63,0.0668,0.2102,0
0.9113,0.8858,0.9047,4,0.0709,231.0,246.3,2.71,0.2149,0.0911,0
0.8778,0.7725,0.881,5,0.2285,230.7,409.9,1.07,0.3459,0.4675,0
0.8655,0.7782,0.8479,4,0.049,289.7,428.8,5.42,0.1939,0.5039,0
0.9194,0.877,0.8719,4,0.121,37.6,100.3,0.31,0.0106,0.1497,0
0.747,0.6816,0.7874,2,0.1904,39.7,112.4,6.43,0.039,0.2595,1
0.9043,0.8601,0.873,2,0.0306,319.0,486.3,2.45,0.1867,0.5105,0
0.9042,0.9042,0.887,1,0.103,139.8,139.8,7.8,0.3548,0.5096,1
0.778,0.6251,0.8528,2,0.5913,163.3,245.2,1.42,0.1017,0.1965,0
0.8042,0.7318,0.8661,5,0.2328,304.3,335.8,1.56,-0.1028,0.5612,0
0.8892,0.8892,0.9144,1,0.0685,188.2,188.2,2.05,-0.0322,0.7045,1
0.8761,0.8082,0.9266,3,0.1547,88.9,252.7,2.51,0.2926,0.2043,1
0.9671,0.9671,0.9782,1,0.0154,178.1,178.1,4.69,0.2618,0.2507,1
0.9053,0.8034,0.9438,3,0.5184,313.4,492.1,3.45,0.0676,0.4908,1
0.8218,0.8218,0.9401,1,0.7158,156.2,156.2,2.6,0.1208,0.35,1
0.7863,0.45,0.7321,5,0.2473,214.6,250.7,12.72,-0.01,0.1726,0
0.8858,0.8858,0.9575,1,0.0072,287.0,287.0,2.97,0.0965,0.5452,1
0.8206,0.7538,0.8432,2,0.3873,119.1,213.0,2.46,-0.0073,0.4708,1
0.8476,0.7995,0.7835,3,0.5086,41.2,123.9,1.53,-0.1443,0.1691,1
0.8308,0.7451,0.7974,5,0.2113,222.6,301.1,3.15,0.2162,0.4581,0
0.8367,0.7509,0.8361,5,0.0685,248.8,380.0,1.06,0.0344,0.0266,0
0.7724,0.7114,0.7895,2,0.1988,253.6,292.2,0.91,0.107,0.7066,0
0.7566,0.7498,0.7564,2,0.0779,29.0,127.8,2.15,0.1241,0.696,0
0.7421,0.5586,0.5973,4,0.1836,274.8,304.0,6.62,-0.0428,0.5348,1
0.6794,0.6794,0.7245,1,0.0644,139.9,139.9,2.67,0.3477,0.0806,1
0.8454,0.7149,0.8379,5,0.0048,209.6,339.4,3.75,0.1814,0.4123,1
0.8759,0.8514,0.8811,3,0.1735,115.5,147.5,4.47,0.0017,0.3364,1
0.9652,0.9652,0.934,1,0.0244,216.4,216.4,1.38,0.1112,0.354,1
0.7396,0.4762,0.8895,5,0.0911,210.5,274.7,1.08,0.3924,0.1545,0
0.7565,0.622,0.7614,5,0.1222,130.3,179.2,1.26,0.0371,0.496,0
0.925,0.925,0.8845,1,0.0444,74.6,74.6,2.17,0.1155,0.5649,1
0.7869,0.765,0.8117,2,0.4276,99.0,212.2,9.97,0.1512,0.2537,0
0.6496,0.4957,0.5842,2,0.2664,309.6,461.9,1.63,0.0874,0.3907,0
0.9518,0.9445,0.9544,2,0.2318,155.8,309.0,3.49,0.2236,0.1847,1
0.8358,0.7058,0.8749,5,0.0709,211.6,312.2,4.44,0.0807,0.05,0
0.8977,0.8237,0.8708,5,0.0003,183.5,311.7,3.65,0.0207,0.312,0
0.8831,0.8252,0.8404,3,0.0763,139.1,278.8,4.68,0.1198,0.7445,1
0.9013,0.8112,0.8867,4,0.0023,108.7,219.5,5.99,0.436,0.2915,0
0.7856,0.6769,0.8794,5,0.1025,156.1,223.2,4.44,0.1134,0.1165,1
0.6564,0.6564,0.7729,1,0.4852,97.0,97.0,2.84,0.0696,0.6235,0
0.6453,0.6453,0.5632,1,0.2431,83.0,83.0,0.79,0.268,0.3839,0
0.8659,0.8188,0.8407,2,0.1433,110.3,269.7,14.0,0.148,0.3906,0
0.8365,0.6157,0.7938,5,0.4961,97.5,101.0,1.18,-0.0172,0.4427,0
0.909,0.859,0.901,5,0.0635,96.0,200.8,7.88,0.2316,0.3501,0
0.9209,0.8861,0.9023,3,0.1688,100.1,224.9,1.8,0.2726,0.3389,0
0.8477,0.7069,0.7772,4,0.14,258.5,323.6,2.29,0.0948,0.255,0
0.8652,0.8652,0.7196,1,0.0699,110.5,110.5,3.49,0.2652,0.3764,0
0.8567,0.8386,0.8028,3,0.0608,194.6,372.3,4.19,0.2953,0.3868,1
0.7108,0.7108,0.727,1,0.069,195.6,195.6,1.38,0.2419,0.294,0
0.7666,0.7666,0.7642,1,0.0492,318.7,318.7,3.13,0.054,0.5794,0
0.894,0.836,1.0,2,0.1095,93.7,160.9,1.38,0.1625,0.0434,1
0.7586,0.7586,0.767,1,0.084,95.7,95.7,8.45,0.1978,0.1047,0
0.7647,0.6762,0.818,3,0.0558,169.0,226.4,0.98,0.3143,0.1465,0
0.964,0.9465,1.0,4,0.1196,265.0,322.3,4.49,0.1788,0.8547,1
0.6863,0.5861,0.7814,2,0.1863,16.1,66.9,4.12,0.1044,0.5651,0
0.8313,0.8088,0.8485,3,0.2267,74.1,253.1,1.3,0.2466,0.3735,1
0.7567,0.6788,0.6731,5,0.1522,46.8,95.7,2.51,0.1166,0.4783,0
0.7329,0.6829,0.8511,2,0.0997,15.4,65.1,4.4,0.1375,0.2508,1
0.8691,0.732,0.9803,5,0.0574,289.6,377.1,1.79,0.0855,0.2891,0
0.8325,0.7276,0.9537,2,0.2907,247.9,336.3,1.58,-0.0332,0.8668,0
0.8521,0.7918,0.84,3,0.0406,298.4,385.2,2.4,0.1643,0.1364,0
0.8,0.5899,0.9054,5,0.2628,216.5,234.0,3.68,0.0772,0.1566,0
0.8756,0.7625,0.8438,5,0.1296,239.3,369.8,2.02,0.1434,0.2728,0
0.8473,0.6589,0.9149,5,0.0918,279.5,352.1,2.1,0.0689,0.6134,0
0.8443,0.6718,0.7939,3,0.0497,133.5,157.7,11.65,0.1926,0.4093,1
0.9055,0.8048,0.8948,4,0.3798,140.0,174.8,4.58,0.1475,0.3515,1
0.8285,0.8285,0.8984,1,0.0101,303.3,303.3,2.43,0.0681,0.0614,0
0.9414,0.9414,0.8921,1,0.027,199.6,199.6,4.8,0.1652,0.3655,1
0.88,0.7036,0.9191,5,0.1004,116.4,194.3,3.71,0.0824,0.0441,0
0.8589,0.6622,0.8239,3,0.2532,135.2,183.0,13.38,0.1857,0.0844,1
0.941,0.9382,0.9368,2,0.0049,313.4,414.2,7.27,0.2823,0.1104,1
0.6197,0.6197,0.5737,1,0.797,160.0,160.0,1.92,0.2537,0.1974,0
0.7102,0.5073,0.7158,5,0.0794,208.6,374.6,4.87,0.1549,0.7228,0
0.8931,0.7964,0.8848,2,0.0494,134.9,239.9,2.41,0.1685,0.2703,1
0.8396,0.7009,0.9095,4,0.0355,224.0,316.2,1.58,0.2131,0.2126,0
0.8049,0.7662,0.8558,2,0.0511,87.0,167.3,0.89,0.3115,0.3947,1
0.8554,0.8554,0.8254,1,0.0476,57.3,57.3,3.12,0.0788,0.3126,1
0.9203,0.8589,0.9336,3,0.0544,210.4,225.4,0.61,-0.0215,0.41,1
0.9038,0.8493,0.9062,4,0.4204,161.2,305.8,4.53,0.1229,0.393,1
0.8831,0.8628,0.8866,3,0.0784,244.9,376.7,3.08,0.1966,0.4283,1
0.8796,0.8159,0.8766,5,0.0028,79.8,210.2,8.2,0.1805,0.3472,0
0.7961,0.7961,0.8002,1,0.2942,135.4,135.4,2.02,0.1073,0.3326,0
0.7701,0.7275,0.8486,2,0.7912,182.4,348.0,3.17,0.0537,0.4727,1
0.7767,0.5913,0.8329,5,0.0143,35.3,143.1,1.57,0.0913,0.6419,0
0.851,0.8172,1.0,2,0.6276,144.7,144.8,4.24,-0.1389,0.3761,1
0.809,0.7553,0.8655,3,0.4222,265.3,399.4,2.76,0.077,0.518,0
0.8123,0.7032,0.7258,5,0.4336,207.2,269.2,2.53,0.1195,0.0667,0
0.8276,0.7069,0.8362,5,0.0501,168.4,260.2,4.36,0.1639,0.3992,0
0.7967,0.5344,0.7199,4,0.0482,30.8,92.2,9.84,0.0506,0.3081,0
0.8911,0.829,0.9188,2,0.1321,24.4,31.4,0.61,0.0208,0.2083,1
0.6942,0.6339,0.701,2,0.1152,139.5,146.9,1.6,-0.0246,0.5777,1
0.8538,0.7078,0.8687,5,0.1052,19.5,148.8,2.1,0.1699,0.9359,0
0.7607,0.6636,0.7298,2,0.2358,297.4,349.1,3.44,0.0412,0.128,0
0.764,0.6292,0.7726,5,0.0153,116.1,285.5,3.07,0.3123,0.0289,0
0.7227,0.5211,0.8144,2,0.047,54.4,91.4,3.0,0.0719,0.0215,0
0.8605,0.8605,0.8916,1,0.248,121.8,121.8,3.2,0.0529,0.8814,1
0.8404,0.6948,0.9142,2,0.0314,226.6,372.2,1.24,-0.024,0.1111,0
0.8292,0.803,0.6941,2,0.0964,198.8,307.8,4.89,0.0912,0.2144,1
0.8583,0.7012,0.8118,4,0.0466,260.3,410.0,9.95,0.204,0.4103,0
0.7334,0.573,0.7041,2,0.0227,205.0,349.6,3.51,0.12,0.4087,0
0.873,0.7842,0.7858,5,0.0681,186.4,335.3,5.79,0.2104,0.4547,0
0.8175,0.6673,0.741,4,0.1497,274.2,366.2,2.74,0.1597,0.6826,0
0.9164,0.8311,0.8666,5,0.2028,244.3,301.3,2.62,0.2127,0.6589,0
0.7944,0.6836,0.7823,2,0.0289,104.4,218.4,3.85,0.2055,0.4441,1
0.7796,0.7038,0.7181,4,0.0357,270.7,383.4,7.61,0.1164,0.068,0
0.8029,0.6963,0.7572,5,0.0021,44.0,44.9,1.78,0.0836,0.0015,0
0.7794,0.497,0.834,4,0.1352,17.9,123.5,3.74,0.2155,0.1982,0
0.9149,0.8542,0.873,3,0.0207,37.1,163.8,4.34,0.1505,0.2113,0
0.9475,0.9289,0.9481,3,0.09,280.5,388.4,3.62,0.0806,0.1836,0
0.821,0.7224,0.6988,5,0.1737,184.6,309.8,4.56,0.2716,0.0999,0
0.9294,0.9294,1.0,1,0.4941,167.8,167.8,4.72,0.186,0.3996,1
0.9129,0.8807,0.9966,2,0.1129,113.1,124.1,3.16,0.2427,0.1996,1
0.9362,0.8999,0.9893,4,0.2471,79.5,238.5,6.26,-0.0112,0.6516,1
0.8565,0.7254,0.7978,5,1.0,128.0,165.8,1.51,0.1895,0.2781,0
0.8308,0.8308,0.8969,1,0.0988,292.3,292.3,0.31,-0.0413,0.1374,0
0.928,0.8726,0.9674,5,0.2715,288.9,460.5,8.59,0.2984,0.1653,1
0.6523,0.6523,0.6368,1,0.2014,275.9,275.9,3.47,0.0905,0.3439,1
0.7611,0.4737,0.8035,4,0.0091,290.0,364.7,7.28,0.2107,0.1503,0
0.7601,0.6575,0.7853,4,0.0126,291.4,326.4,6.24,0.1816,0.0458,0
0.7454,0.7454,0.6129,1,0.4084,318.8,318.8,3.35,0.2683,0.1143,1
0.8788,0.8551,0.9143,3,0.0469,249.6,283.3,2.88,0.1379,0.562,1
0.9037,0.8581,0.9037,2,0.1602,160.0,172.8,1.28,0.1417,0.6808,1
0.8943,0.7593,0.8816,4,0.0265,165.6,276.8,4.68,0.3232,0.7098,0
0.8593,0.7891,0.8244,3,0.0763,234.5,315.2,2.15,0.028,0.6137,1
0.8322,0.7994,0.8769,3,0.256,286.0,378.1,1.57,0.0358,0.0326,0
0.9017,0.7278,0.9208,5,0.0194,141.6,253.4,1.97,0.2534,0.3127,1
0.995,0.995,0.9425,1,0.2899,105.6,105.6,1.76,-0.019,0.5218,1
0.8273,0.8249,0.8525,2,0.3128,270.1,279.4,1.67,0.184,0.2229,0
0.7332,0.7332,0.7918,1,0.0187,209.6,209.6,8.83,0.2098,0.4244,0
0.854,0.6282,0.8269,5,0.5189,186.8,355.5,1.9,0.2806,0.4626,0
0.902,0.8883,0.9354,2,0.0554,307.7,444.3,1.03,0.1526,0.5297,1
0.8443,0.644,0.8752,5,0.1186,50.7,54.6,2.04,-0.0405,0.1015,0
0.918,0.8785,0.9467,2,0.0337,296.0,467.5,4.96,0.066,0.2838,1
0.8164,0.7718,0.8403,3,0.0095,26.4,179.8,0.3,0.0882,0.2858,0
0.6698,0.6698,0.7818,1,0.1168,79.0,79.0,5.2,0.257,0.71,1
0.7842,0.6498,0.861,2,0.0048,293.4,293.5,7.11,0.0173,0.2336,0
0.7348,0.7348,0.7095,1,0.1245,212.5,212.5,2.33,0.2287,0.2331,0
0.8406,0.6759,0.9012,3,0.0598,282.9,395.9,2.75,0.0498,0.7098,0
0.7778,0.7778,0.7713,1,0.6395,216.3,216.3,4.24,0.182,0.8245,1
0.7324,0.7324,0.7517,1,0.0852,249.1,249.1,3.98,0.2532,0.0305,0
0.8577,0.8131,0.9361,4,0.2152,291.8,398.5,3.74,0.1497,0.1031,1
0.7829,0.6011,0.6897,5,0.0151,46.5,220.5,5.15,0.0165,0.5658,1
0.7353,0.7353,0.9218,1,0.0976,255.6,255.6,0.81,0.2853,0.4278,0
0.8383,0.7342,0.8628,2,0.0113,192.6,369.3,0.99,0.0258,0.724,0
0.8702,0.7431,0.8179,5,0.2563,301.6,455.6,2.12,0.0448,0.071,0
0.8884,0.8884,0.9582,1,0.1523,33.5,33.5,1.78,0.2659,0.0866,1
0.8359,0.8359,0.7125,1,0.311,319.5,319.5,3.7,0.3762,0.3621,0
0.8427,0.8427,0.7741,1,0.1112,75.5,75.5,2.28,-0.0623,0.2056,1
0.9486,0.9486,0.8414,1,0.1615,90.9,90.9,4.29,0.0889,0.7449,1
0.8495,0.7718,0.7381,3,0.2721,45.9,46.2,2.74,0.1647,0.588,1
0.8587,0.7611,0.7978,2,0.1575,62.1,68.6,1.66,0.057,0.0814,0
0.9523,0.9523,1.0,1,0.0446,149.4,149.4,3.2,0.1668,0.0975,1
0.9269,0.8689,0.9028,5,0.0844,298.2,424.8,2.95,0.1469,0.0518,1
0.9398,0.8204,1.0,4,0.1565,154.1,298.5,1.46,-0.1112,0.5897,0
0.9083,0.8769,0.8928,4,0.1187,99.2,235.1,4.22,0.3724,0.3222,1
0.815,0.815,0.9005,1,0.1355,288.0,288.0,0.25,0.1818,0.2116,0
0.8473,0.6963,0.8594,4,0.4082,300.5,314.5,0.69,0.2855,0.2729,0
0.7011,0.6365,0.8744,2,0.1433,41.9,168.1,0.62,0.1246,0.2764,1
0.8105,0.6619,0.8833,4,0.0365,318.9,494.8,2.01,0.3611,0.1918,0
0.7541,0.7541,0.8342,1,0.2538,290.2,290.2,2.74,0.1121,0.2209,0
0.8492,0.5565,0.8777,5,0.0812,58.6,156.7,3.09,0.0164,0.5913,1
0.7491,0.45,0.7365,4,0.6928,27.9,196.8,0.73,0.2984,0.2368,0
0.8733,0.7516,0.8158,2,0.0502,122.7,192.0,4.66,0.2144,0.1275,1
0.7617,0.7617,0.6775,1,1.0,305.6,305.6,1.47,0.1967,0.3353,0
0.9357,0.9325,0.9498,2,0.2508,65.3,130.2,1.24,0.2137,0.4589,1
0.8595,0.7991,0.7837,3,0.4509,58.1,191.4,2.2,0.365,0.3087,1
0.7698,0.5579,0.6815,4,0.1277,226.4,276.8,5.09,0.119,0.6206,0
0.904,0.8588,1.0,5,0.055,28.5,29.2,2.13,0.1983,0.0788,0
0.8964,0.8964,0.7904,1,0.2767,27.8,27.8,4.32,0.1299,0.2653,0
0.8751,0.8166,0.8631,5,0.0019,291.9,358.1,1.02,0.2287,0.4156,0
0.8458,0.8458,0.8491,1,0.2172,87.9,87.9,1.48,-0.0657,0.406,0
0.7253,0.7253,0.7132,1,0.0029,188.2,188.2,1.16,0.3338,0.3357,0
0.7654,0.6173,0.8727,2,0.1526,31.6,106.2,3.22,0.1478,0.2969,0
0.9042,0.76,0.8931,5,0.2799,176.2,303.2,2.39,0.0564,0.1343,0
0.7658,0.5813,0.7607,5,0.0906,252.7,395.6,1.75,0.3196,0.3093,0
0.7603,0.6259,0.8168,5,0.1277,299.6,441.3,1.01,0.2051,0.3287,0
0.8991,0.8041,0.8701,3,0.1871,32.6,146.6,6.43,0.2013,0.3253,1
0.8653,0.7345,0.8457,3,0.1156,161.6,230.3,1.2,0.0905,0.6086,0
0.7744,0.7744,0.687,1,0.1071,258.6,258.6,5.24,-0.0821,0.2344,0
0.7965,0.6585,0.8266,5,0.2224,20.9,78.8,3.91,0.185,0.0657,0
0.9419,0.9419,0.9,1,0.0153,284.8,284.8,4.39,0.2463,0.5564,1
0.8742,0.7927,0.9077,4,0.3405,193.0,320.5,1.67,0.1343,0.5719,0
0.8752,0.8004,0.784,5,0.1747,130.1,134.2,2.82,0.225,0.3383,1
0.7273,0.7273,0.6602,1,0.0097,226.5,226.5,3.79,0.0446,0.1104,0
0.8352,0.722,0.7865,5,0.1824,68.7,173.4,0.63,0.113,0.0961,0
0.8919,0.8296,0.8442,4,0.5346,223.9,391.0,2.54,0.2822,0.0202,1
0.9049,0.8301,0.8124,5,0.0273,172.2,264.5,1.22,0.152,0.1518,0
0.8567,0.7596,0.7784,2,0.0221,161.2,303.0,4.49,0.0109,0.5122,1
0.8603,0.7306,0.8598,5,0.0674,166.8,276.0,4.63,0.0601,0.9236,1
0.7252,0.6733,0.6273,3,0.3671,304.2,365.3,2.18,0.0269,0.3495,0
0.9672,0.9559,0.9773,2,0.4708,22.0,58.4,2.73,0.4206,0.0905,1
0.8203,0.5872,0.7463,4,0.2204,172.3,312.6,1.56,0.2428,0.4375,0
0.8027,0.769,0.7713,2,0.4743,181.8,291.6,4.06,0.1594,0.2731,0
0.898,0.8116,0.9118,4,0.187,266.2,314.4,3.34,0.2621,0.1587,1
0.8152,0.7488,0.9455,4,0.2139,269.2,290.1,9.46,0.007,0.4048,0
0.7816,0.6302,0.7576,5,0.1514,111.9,123.6,1.34,0.3918,0.1981,0
0.8402,0.8238,0.8494,3,0.2219,265.2,330.8,5.11,0.3383,0.4293,0
0.8258,0.8258,0.7065,1,0.0959,138.8,138.8,5.27,0.2937,0.4217,1
0.9283,0.8599,0.9124,3,0.0135,19.3,69.0,1.19,0.0299,0.2016,0
0.8655,0.7311,0.9297,3,0.0218,28.3,182.4,8.28,0.2257,0.0514,1
0.9409,0.8431,1.0,5,0.0749,207.2,370.4,1.43,-0.0794,0.533,0
0.6635,0.5031,0.6576,3,0.0402,31.5,208.5,2.15,-0.0036,0.4206,0
0.7916,0.6135,0.77,3,0.1678,129.6,307.4,4.51,0.3704,0.4273,0
0.7206,0.6662,0.7412,3,0.1715,125.3,257.2,2.25,0.283,0.3869,0
0.9388,0.8843,0.9598,3,0.2105,243.7,343.6,3.7,0.0018,0.2309,1
0.853,0.8051,0.7934,3,0.3274,83.5,228.7,1.66,-0.0814,0.8053,0
0.9014,0.7869,0.8746,4,0.8842,168.7,242.7,2.33,0.2693,0.2691,0
0.8845,0.8097,0.8297,5,0.0384,205.3,305.4,5.34,0.1955,0.1621,0
0.8206,0.6561,0.8753,3,0.0337,310.7,390.4,1.81,0.1805,0.7432,0
0.7804,0.7804,0.7594,1,0.0219,95.3,95.3,5.01,-0.0419,0.0964,1
0.8375,0.8375,0.8136,1,0.4581,268.5,268.5,3.81,0.0701,0.619,0
0.9335,0.9335,0.8392,1,0.0508,275.2,275.2,6.0,0.0514,0.678,1
0.9143,0.8474,0.8101,3,0.0074,226.6,264.8,2.86,0.1173,0.007,0
0.7847,0.7483,0.7465,3,0.0783,173.7,240.3,0.16,0.1925,0.3043,0
0.7115,0.7115,0.7285,1,0.0755,169.9,169.9,1.14,0.2922,0.9323,1
0.6959,0.6959,0.6499,1,0.1776,301.8,301.8,4.64,0.1802,0.1008,1
0.7977,0.6737,0.7727,3,0.2869,159.0,160.2,4.64,0.2342,0.4001,1
0.9631,0.9554,1.0,2,0.4154,278.5,285.6,10.87,0.2962,0.0341,1
0.8674,0.7994,0.8645,3,0.0612,166.9,314.5,4.34,0.2177,0.2078,0
0.8254,0.6967,0.8015,3,0.0518,235.5,350.5,2.76,-0.1728,0.0715,0
0.7823,0.6408,0.8134,5,0.1755,71.9,86.1,1.93,-0.0922,0.4712,1
0.9045,0.8909,0.8912,2,0.2025,215.3,357.1,1.7,0.2445,0.4796,1
0.9577,0.9577,0.8672,1,0.2417,48.4,48.4,0.57,-0.0101,0.0249,1
0.6835,0.6835,0.6647,1,0.4946,253.2,253.2,3.43,0.1933,0.7784,0
0.827,0.632,0.81,4,0.1987,53.9,233.9,7.23,0.0959,0.4477,0
0.8257,0.8257,0.7831,1,0.3876,66.2,66.2,7.12,0.3168,0.5863,1
0.9036,0.8642,0.9324,3,0.1462,250.8,302.2,2.63,0.2979,0.078,1
0.7214,0.596,0.6252,3,0.0036,39.9,75.1,1.65,0.2049,0.6577,0
0.7953,0.7353,0.785,5,0.094,161.5,294.6,3.06,0.3041,0.4669,1
0.8203,0.7388,0.8054,2,0.3006,284.9,350.4,3.33,-0.1048,0.5632,0
0.8696,0.6189,0.7871,5,0.0811,55.0,195.5,0.65,0.0762,0.48,0
0.5519,0.5519,0.6025,1,0.0326,160.5,160.5,1.36,0.4099,0.1857,0
0.9769,0.9633,1.0,2,0.3031,234.9,271.7,1.45,0.2186,0.0035,0
0.8173,0.5783,0.6681,4,0.0439,193.8,269.7,4.25,0.1741,0.1004,0
0.881,0.881,0.9334,1,0.095,250.2,250.2,4.61,0.1785,0.5646,1
0.8269,0.6191,0.7864,4,0.1755,15.5,158.3,0.84,0.1455,0.3984,0
0.8608,0.78,0.8396,5,0.0411,146.3,157.4,2.97,0.0291,0.1077,0
0.8505,0.8505,0.8749,1,0.0738,165.4,165.4,2.5,0.1796,0.6189,1
0.7843,0.45,0.7635,5,0.1626,66.2,139.7,2.52,0.1677,0.1868,0
0.8549,0.6825,0.8936,4,0.2978,58.7,135.4,6.16,0.0747,0.25,0
0.7475,0.6005,0.6491,4,0.3066,240.6,389.4,0.99,0.1449,0.0821,0
0.785,0.785,0.7609,1,0.3258,259.1,259.1,3.03,0.1213,0.1158,0
0.8162,0.7072,0.8135,3,0.0312,262.4,428.5,3.96,0.0491,0.0719,0
0.8694,0.76,0.8139,5,0.0772,181.6,287.4,0.39,-0.1437,0.0426,0
0.9202,0.8577,0.9452,4,0.1435,256.6,270.7,4.72,0.1113,0.1272,0
0.8363,0.7302,0.9112,2,0.0073,219.9,331.0,1.19,0.3294,0.4719,1
0.7072,0.7072,0.7272,1,0.0793,23.1,23.1,6.09,0.2283,0.0779,0
0.823,0.6498,0.8843,4,0.2472,242.1,409.9,0.86,0.2942,0.6244,0
0.8683,0.8055,0.9343,3,0.2477,235.0,319.6,1.67,0.0039,0.0272,0
0.9732,0.9732,0.9293,1,0.025,302.6,302.6,7.71,0.0372,0.6199,1
0.7935,0.6431,0.7635,3,0.1424,220.3,261.8,6.38,-0.074,0.4328,1
0.8006,0.6567,0.8028,5,0.686,19.7,116.0,5.61,0.2027,0.0899,1
0.7567,0.6867,0.8104,3,0.6516,201.8,364.9,2.03,-0.0162,0.1165,0
0.8267,0.8267,0.8436,1,0.2179,84.0,84.0,1.74,-0.0063,0.3288,1
0.8278,0.6877,0.8492,3,0.16,272.1,305.5,2.76,0.1825,0.6621,1
0.885,0.7486,0.83,3,0.208,217.2,242.4,3.66,0.203,0.756,1
0.9264,0.8846,0.9191,4,0.5956,217.5,380.1,1.04,0.1982,0.429,0
0.7108,0.5973,0.6745,5,0.4117,42.3,63.4,1.93,0.0582,0.3031,0
0.8726,0.7886,0.7317,2,0.3799,97.5,235.7,2.16,0.2851,0.0532,1
0.8513,0.7345,0.8811,4,0.1311,285.2,442.2,1.81,0.3009,0.5279,0
0.7967,0.7332,0.7908,3,0.0404,272.6,349.8,0.9,0.1091,0.7729,0
0.8911,0.7854,0.8975,5,0.1359,147.0,294.0,6.37,0.3209,0.411,1
0.7673,0.6606,0.7066,4,0.037,28.0,186.5,3.87,0.0588,0.2675,0
0.7643,0.4696,0.791,5,0.0373,229.8,318.9,3.32,0.093,0.6661,0
0.6006,0.45,0.6167,2,0.5375,316.4,454.0,5.44,-0.0695,0.0719,0
0.8466,0.7462,0.8931,2,0.0056,206.8,291.3,2.84,0.1822,0.0217,0
0.8338,0.8155,0.7981,2,0.1719,226.6,275.5,2.36,0.1317,0.2239,0
0.9248,0.8862,0.9937,5,0.2483,125.8,213.9,2.97,0.0313,0.3061,1
0.9278,0.9241,0.9492,2,0.0482,158.6,173.1,2.42,0.0997,0.5966,1
0.8649,0.8374,0.9239,4,0.0032,198.0,301.9,3.08,0.1036,0.2558,0
0.9096,0.7737,0.8206,4,0.1451,95.6,136.8,1.98,-0.0076,0.609,1
0.8225,0.7331,0.7562,3,0.149,60.0,193.4,3.9,0.2487,0.084,1
0.8943,0.8721,0.9639,2,0.0398,217.2,221.2,0.12,0.0854,0.3043,0
0.8635,0.8152,0.8383,2,0.0292,133.5,253.6,1.04,-0.0083,0.3685,1
0.7122,0.7122,0.6544,1,0.1488,244.1,244.1,0.43,0.2124,0.5606,1
0.89,0.8187,0.951,2,0.2155,222.6,281.2,1.8,0.0517,0.3604,0
0.8906,0.8906,0.9096,1,0.0524,313.5,313.5,6.45,0.2005,0.6789,1
0.9583,0.9583,0.962,1,0.4585,23.2,23.2,2.1,0.353,0.4759,1
0.7896,0.5466,0.7674,4,0.0548,284.5,405.2,2.27,0.0399,0.4996,0
0.8988,0.8988,0.7619,1,0.3776,38.7,38.7,1.13,0.1652,0.0338,1
0.8388,0.7202,0.9416,2,0.0788,269.5,369.9,0.67,0.1945,0.0534,0
0.7132,0.7132,0.7283,1,0.0888,154.5,154.5,9.22,0.0939,0.4387,0
0.8501,0.5457,0.9496,4,0.0114,169.2,282.9,6.11,0.2602,0.2342,0
0.8826,0.7667,0.9003,5,0.3864,126.5,143.2,4.93,0.1746,0.4592,1
0.9332,0.9332,0.8833,1,0.0002,24.4,24.4,4.95,0.211,0.2057,1
0.8246,0.6928,0.7865,4,0.0095,150.8,156.0,2.16,0.1204,0.516,1
0.8625,0.6878,0.9846,5,0.6369,25.5,72.7,0.58,0.0571,0.6699,1
0.7267,0.7267,0.706,1,0.0807,212.5,212.5,3.93,0.2889,0.8581,1
0.7918,0.7918,0.8401,1,0.0058,64.6,64.6,4.93,0.2711,0.4186,1
0.8705,0.8463,0.9384,4,0.196,75.5,186.8,0.9,0.1832,0.2054,1
0.8219,0.6642,0.8056,2,0.1064,297.5,427.6,2.75,0.0664,0.2866,0
0.8843,0.7373,0.7356,5,0.0077,307.5,371.6,0.33,-0.0391,0.0671,0
0.8344,0.7382,0.8465,5,0.7205,252.2,407.3,3.43,0.1374,0.2202,0
0.9194,0.8685,0.9326,2,0.4825,295.6,301.0,9.24,0.1609,0.6389,1
0.7938,0.6568,0.8437,2,0.2991,81.8,228.5,0.34,0.1629,0.1564,0
0.9211,0.9211,0.9023,1,0.0227,147.8,147.8,1.66,0.0978,0.6592,1
0.8183,0.6889,0.8594,5,0.1136,279.2,344.5,1.36,0.2757,0.5102,0
0.9094,0.89,0.8924,2,0.2532,150.4,321.5,3.2,0.2736,0.5384,1
0.8656,0.709,0.9493,5,0.1433,128.7,301.4,2.94,0.0813,0.2344,0
0.7462,0.5595,0.7128,5,0.2896,176.1,226.2,6.62,0.1948,0.1519,0
0.8225,0.8225,0.7631,1,0.0125,87.6,87.6,1.33,0.2227,0.2909,1
0.8461,0.8092,0.9203,3,0.0662,148.7,245.3,2.58,-0.0648,0.2613,1
0.8802,0.8287,0.9008,3,0.1074,204.2,272.8,2.59,0.0739,0.1952,0
0.8851,0.7159,0.8099,4,0.0607,52.6,56.8,1.59,0.1664,0.136,1
0.9042,0.8318,0.9103,2,0.2361,107.7,183.6,11.91,-0.0764,0.1599,1
0.7663,0.5005,0.8246,5,0.0502,270.5,287.6,3.12,0.1565,0.3914,0
0.7874,0.6612,0.7343,3,0.0004,132.4,302.5,3.55,0.1632,0.7069,0
0.6558,0.5307,0.5744,3,0.3917,162.0,285.9,3.66,0.1092,0.2189,0
0.6983,0.6983,0.6608,1,0.2155,226.1,226.1,2.65,-0.0423,0.6248,0
0.955,0.955,1.0,1,0.1429,264.8,264.8,3.05,0.181,0.0827,1
0.8618,0.7313,0.9172,4,0.2443,87.9,160.4,6.52,0.1685,0.116,1
0.8586,0.8586,0.8285,1,0.3875,55.0,55.0,5.75,0.0108,0.1107,1
0.7861,0.6654,0.7942,5,0.2329,98.0,224.7,5.4,0.1491,0.2466,0
0.8333,0.7448,0.7593,5,0.317,311.1,405.6,4.18,0.1754,0.1076,0
0.8893,0.8893,0.9343,1,0.0693,194.7,194.7,4.25,-0.0153,0.1272,0
0.9053,0.8833,0.8738,2,0.4245,229.1,367.1,4.39,0.0524,0.4712,1
0.836,0.7385,0.8183,4,0.2285,107.0,119.0,0.96,0.3405,0.01,1
0.9361,0.9361,0.9622,1,0.0621,217.3,217.3,0.33,0.0461,0.1805,0
0.6694,0.6694,0.6612,1,0.0523,295.8,295.8,1.33,-0.1401,0.2273,0
0.8936,0.8248,0.8881,3,0.3057,15.4,78.1,2.4,0.2001,0.6497,1
0.7783,0.7783,0.7813,1,0.0049,308.4,308.4,3.06,0.1556,0.6297,1
0.8044,0.7627,0.8031,5,0.2431,162.2,255.2,2.62,0.1473,0.2987,0
0.9366,0.8868,0.9725,3,0.6081,235.9,249.6,2.55,0.0808,0.4855,0
0.7668,0.691,0.6714,2,0.0249,233.0,260.6,2.82,-0.1166,0.4103,0
0.7599,0.6124,0.777,5,0.0432,48.7,194.3,3.02,-0.0876,0.0222,0
0.7977,0.7776,0.8857,2,0.1057,270.5,274.7,6.2,0.2222,0.5535,1
0.8191,0.5314,0.7151,5,0.087,186.1,339.7,6.41,0.1161,0.3407,0
0.8499,0.6554,0.961,3,0.0434,109.0,188.7,2.56,0.033,0.3051,0
0.7743,0.6546,0.8112,5,0.0363,169.3,233.4,2.91,0.1344,0.1599,0
0.907,0.8558,0.8297,3,0.8212,37.1,41.5,5.76,0.109,0.4909,1
0.9474,0.9109,0.8974,2,0.1124,225.0,265.1,0.27,-0.1559,0.3352,0
0.856,0.8353,0.8185,2,0.0794,136.8,272.3,4.64,0.0722,0.1735,1
0.7641,0.6123,0.7833,2,0.008,223.7,292.1,1.32,0.2646,0.2238,0
0.9159,0.9159,0.9149,1,0.0119,267.2,267.2,3.71,0.0557,0.2747,0
0.8644,0.8644,0.8308,1,0.1463,217.2,217.2,0.28,-0.121,0.105,0
0.787,0.592,0.7789,5,0.0865,281.1,293.1,2.47,0.1324,0.4187,0
0.8129,0.5692,0.8122,4,0.2121,115.3,214.4,3.8,0.0268,0.2168,0
0.8322,0.6319,0.7708,5,0.3058,177.0,323.0,0.82,0.1874,0.7311,0
0.8919,0.8228,0.9699,5,0.9541,316.1,360.4,6.46,0.1671,0.5456,1
0.932,0.932,0.8785,1,0.1754,184.2,184.2,2.87,0.1595,0.1702,1
0.8267,0.7576,0.8433,5,0.0874,154.1,259.6,1.91,0.1473,0.5713,0
0.8138,0.7777,0.7926,4,0.0877,290.8,312.0,3.62,0.0939,0.1412,0
0.8642,0.6856,0.8373,5,0.0584,101.5,120.6,2.38,0.3162,0.399,0
0.8731,0.7962,0.8384,4,0.3839,261.5,422.4,4.42,0.2859,0.2383,0
0.8933,0.8179,0.8802,5,0.0543,268.9,321.6,4.73,0.0513,0.2411,0
0.8521,0.7412,0.8672,2,0.4613,160.8,261.4,3.74,0.0015,0.4554,1
0.9068,0.9068,0.8402,1,0.1492,310.1,310.1,5.55,-0.0098,0.0167,1
0.8156,0.7423,0.899,3,0.2961,285.2,422.2,4.81,0.2374,0.0734,1
0.9046,0.9046,0.9038,1,0.2669,136.2,136.2,3.33,0.087,0.0885,1
0.6945,0.6945,0.7604,1,0.0234,58.6,58.6,3.81,0.0719,0.5441,0
0.8499,0.8006,0.8555,4,0.639,150.9,192.7,8.0,0.0536,0.1601,1
0.8734,0.7573,0.8907,3,0.6811,165.7,238.1,4.22,0.0089,0.0148,1
0.6996,0.5315,0.6397,4,0.2175,201.6,206.5,0.8,0.07,0.4326,0
0.709,0.5898,0.6638,3,0.1263,209.7,368.0,5.07,0.1932,0.0203,0
0.8334,0.6952,0.8253,5,0.2432,87.6,246.8,0.7,0.3011,0.4472,1
0.9736,0.9736,0.9872,1,0.0125,97.4,97.4,8.49,0.0259,0.1287,1
0.8535,0.779,0.8951,4,0.0865,188.0,243.0,2.25,0.1115,0.2064,0
0.9559,0.9235,0.8706,2,0.0462,48.3,206.8,4.85,0.0672,0.3912,1
0.8746,0.8033,0.8373,3,0.0668,102.1,207.6,1.24,0.1902,0.5945,0
0.7682,0.5133,0.7238,5,0.059,258.8,260.7,9.21,0.0379,0.6419,0
0.78,0.6384,0.715,4,0.0423,177.5,280.4,3.13,0.0352,0.2931,0
0.7724,0.5519,0.8237,5,0.2504,286.8,302.4,0.54,0.2654,0.3299,0
0.7877,0.7877,0.8073,1,0.0412,241.1,241.1,1.88,0.069,0.0912,0
0.8339,0.7883,0.9065,3,0.2729,187.0,305.4,5.91,0.227,0.1668,0
0.7898,0.6472,0.8547,2,0.0862,182.3,309.3,4.15,0.2931,0.1128,0
0.8816,0.7913,0.9361,5,0.0763,266.4,315.2,0.62,0.0946,0.4151,0
0.9456,0.9456,0.9473,1,0.3604,319.7,319.7,2.72,0.2178,0.4992,1
0.8004,0.5001,0.7651,5,0.011,78.1,220.1,1.73,0.1552,0.6835,0
0.7467,0.7467,0.7764,1,0.0233,38.0,38.0,1.49,0.3563,0.4623,0
0.8939,0.8004,0.8933,2,0.0015,16.9,186.3,4.07,0.1689,0.4008,1
0.8575,0.8385,0.8715,2,0.2068,119.1,228.5,0.96,0.265,0.2895,0
0.6637,0.6637,0.6596,1,0.3031,16.6,16.6,2.2,0.3036,0.2154,0
0.8875,0.8435,0.9953,4,0.0977,97.5,134.9,4.24,0.092,0.4649,1
0.9053,0.8597,0.8481,4,0.1374,310.7,363.1,2.42,-0.0783,0.405,1
0.8234,0.7704,0.7218,3,0.0721,165.7,342.7,5.23,0.0372,0.3632,1
0.8791,0.8061,0.8689,2,0.0043,263.3,409.8,2.15,0.1989,0.3078,0
0.9062,0.9062,0.9357,1,0.0768,52.2,52.2,1.47,0.0479,0.7415,1
0.9287,0.9287,1.0,1,0.3233,123.5,123.5,8.77,0.0838,0.224,1
0.968,0.968,0.8963,1,0.0398,205.9,205.9,4.43,0.0952,0.567,0
0.9267,0.8508,0.9829,3,0.0911,252.2,427.4,7.54,0.1903,0.651,1
0.8861,0.7345,0.8689,5,0.0357,30.2,50.2,6.97,0.0067,0.116,0
0.8734,0.8118,0.8455,3,0.1838,224.9,236.0,10.31,0.0704,0.3451,1
0.8883,0.779,0.8188,4,0.448,78.0,94.0,2.06,0.0191,0.9103,1
0.8983,0.8427,0.9832,2,0.2103,23.5,44.5,9.35,0.2756,0.081,0
0.8565,0.6573,1.0,4,0.0165,185.1,256.2,2.17,-0.0191,0.0056,0
0.831,0.7958,0.8257,3,0.5529,59.9,105.9,3.37,0.2298,0.6475,1
0.8093,0.6751,0.8103,5,0.3764,263.9,290.5,1.19,0.0974,0.4657,0
0.8452,0.7732,0.8332,2,0.0648,59.4,78.4,2.52,0.1381,0.3866,0
0.7982,0.6774,0.7789,5,0.585,137.6,291.5,0.93,0.1882,0.6097,0
0.9218,0.9078,0.9523,2,0.0517,88.5,100.0,1.9,0.1502,0.2065,0
0.7651,0.7651,0.6724,1,0.1678,140.5,140.5,3.37,0.1763,0.1205,1
0.8272,0.7979,0.837,2,0.0475,17.8,71.5,2.55,0.069,0.1849,1
0.6601,0.4951,0.6829,3,0.0215,276.0,372.7,1.14,0.103,0.076,0
0.8711,0.8108,0.7401,2,0.0302,157.1,313.0,2.11,0.3556,0.6511,1
0.9183,0.8205,0.8475,5,0.0544,179.7,261.4,0.89,-0.0118,0.3237,0
0.7871,0.7495,0.7186,3,0.1727,272.6,365.9,6.39,-0.0107,0.5501,0
0.9033,0.8313,0.8764,2,0.7771,155.9,218.8,3.33,0.1448,0.6348,1
0.8826,0.7106,0.8726,4,0.299,99.0,248.1,2.16,0.073,0.5799,0
0.8784,0.6139,0.9085,4,0.2303,29.9,73.0,1.05,0.205,0.0511,0
0.8335,0.8335,0.859,1,0.1139,110.3,110.3,0.61,-0.017,0.3279,0
0.7625,0.638,0.6376,4,0.0096,292.4,429.8,6.47,0.023,0.394,0
0.7997,0.7822,0.7567,3,0.0884,141.8,250.1,3.08,0.1357,0.0959,0
0.8107,0.5808,0.7748,5,0.33,260.9,351.7,3.62,0.0631,0.2082,0
0.8397,0.8397,0.7998,1,0.3779,306.2,306.2,6.49,0.0411,0.5806,1
0.821,0.6604,0.7492,3,0.1509,259.3,390.3,5.9,0.0802,0.0687,0
0.8103,0.7818,0.8602,3,0.0445,281.4,323.9,7.16,0.4085,0.1084,1
0.7132,0.6571,0.7149,3,0.219,107.5,128.8,4.14,0.2211,0.1014,0
0.8203,0.7508,0.7368,3,0.3269,154.9,201.5,9.4,0.1237,0.2288,0
0.8462,0.6246,0.8492,4,0.1073,18.9,143.7,5.74,0.1774,0.3403,0
0.7844,0.7025,0.8362,3,0.0653,16.6,95.7,1.84,0.0881,0.3919,1
0.71,0.71,0.6704,1,0.1083,116.5,116.5,4.59,0.1538,0.8325,1
0.8204,0.7424,0.9958,5,0.185,277.7,397.6,3.9,0.0481,0.0569,1
0.7263,0.535,0.7169,5,0.0861,104.8,185.0,0.97,0.1363,0.1798,0
0.7022,0.6377,0.6601,4,0.0174,307.4,452.9,1.51,0.1292,0.4041,0
0.7913,0.627,0.8202,5,0.4393,221.7,389.6,2.19,0.3311,0.619,0
0.9028,0.9028,0.8285,1,0.3548,65.5,65.5,5.93,0.1395,0.1558,1
0.8752,0.7944,0.9141,4,0.18,160.9,301.1,1.47,0.067,0.5869,0
0.8692,0.7248,0.8762,3,0.1344,310.6,358.8,1.97,0.0714,0.2821,0
0.8394,0.7595,0.8815,5,0.1283,313.2,468.3,3.08,0.1785,0.16,0
0.8458,0.8458,0.7685,1,0.0068,264.6,264.6,6.66,0.0787,0.3115,1
0.8782,0.8618,0.9424,5,0.3059,17.3,100.6,9.74,-0.1016,0.3771,1
0.8674,0.7099,0.8859,3,0.1335,179.4,273.1,5.18,0.0314,0.2939,1
0.6168,0.6168,0.6798,1,0.3671,125.4,125.4,0.77,0.2076,0.4317,0
0.8397,0.786,0.7884,2,0.0745,245.1,301.7,7.99,0.0218,0.0332,0
0.8068,0.5602,0.7938,3,0.1311,145.7,289.0,2.97,0.0356,0.9465,0
0.824,0.8179,0.7083,2,0.0377,49.7,219.1,3.55,0.3404,0.0555,1
0.8634,0.7186,0.8434,4,0.333,160.1,315.3,1.68,0.058,0.1223,0
0.8526,0.8526,0.7991,1,0.2312,275.7,275.7,3.41,0.1099,0.199,1
0.9196,0.8908,0.9884,2,0.1283,90.0,91.6,11.97,0.0499,0.6559,1
0.8645,0.8125,0.876,2,0.1764,288.7,413.5,2.19,-0.0257,0.6963,0
0.8904,0.8241,0.8551,5,0.1622,87.4,228.8,11.65,0.1622,0.1817,1
0.6779,0.6779,0.7322,1,0.1416,166.5,166.5,4.96,-0.1234,0.8517,0
0.8436,0.6083,0.9002,5,0.3045,57.7,81.6,2.75,0.079,0.4791,0
0.9517,0.9274,0.9528,2,0.1704,85.6,225.4,3.5,0.0496,0.077,1
0.9037,0.8371,0.8066,2,0.181,71.5,112.3,3.29,0.2851,0.5891,1
0.8266,0.6226,0.8053,3,0.0432,314.5,487.5,5.5,0.0967,0.6083,1
0.7622,0.7004,0.7225,4,0.0685,146.5,262.9,1.11,0.2108,0.5283,0
0.8075,0.7505,0.8503,2,0.3583,312.5,446.8,0.59,0.1453,0.3183,1
0.8599,0.5347,1.0,5,0.0281,166.6,313.0,2.99,0.1535,0.1648,0
0.8098,0.696,0.6291,3,0.0989,222.5,342.4,8.46,0.1726,0.288,0
0.8608,0.8145,0.7635,5,0.114,27.9,50.6,4.04,0.143,0.3472,1
0.8187,0.6384,0.8771,4,0.1097,51.6,172.2,3.05,0.0707,0.3292,0
0.8097,0.6318,0.7156,4,0.1721,81.4,123.7,1.61,0.2008,0.4423,0
0.8621,0.7315,0.8355,5,0.1089,232.3,296.5,1.81,0.0436,0.3644,0
0.6945,0.537,0.73,4,0.0232,76.0,199.2,1.38,0.239,0.09,0
0.8284,0.7429,0.8589,5,0.0264,302.0,350.4,2.69,0.1507,0.0701,0
0.6982,0.6982,0.7213,1,0.1895,136.2,136.2,4.74,0.0309,0.2141,1
0.8445,0.709,0.8172,5,0.3462,41.5,206.8,3.74,0.1482,0.2707,0
0.7242,0.5408,0.7447,4,0.6834,242.6,278.7,2.22,0.1612,0.0102,0
0.8023,0.8023,0.7286,1,0.1436,157.0,157.0,8.63,0.2005,0.6826,1
0.8034,0.5872,0.7851,4,0.102,316.6,445.5,3.67,0.2843,0.0343,0
0.8405,0.6294,0.8071,4,0.0989,62.9,86.2,5.0,0.1861,0.0998,0
0.8949,0.8912,0.8337,2,0.1579,110.5,240.5,7.08,0.134,0.0353,1
0.8711,0.6876,0.8349,5,0.2959,160.9,317.8,0.49,0.3823,0.1739,0
0.8605,0.7779,0.9289,5,0.2272,94.8,177.3,1.66,0.2338,0.6443,1
0.8834,0.8429,0.9217,3,0.0552,236.7,393.1,1.51,0.0317,0.283,0
0.9051,0.6526,0.9293,5,0.1042,84.4,159.5,6.88,0.1679,0.0516,0
0.9173,0.8333,0.9769,3,0.0652,73.1,162.0,4.11,0.2658,0.2164,1
0.8228,0.8074,0.858,3,0.1355,193.4,314.0,2.03,0.1281,0.1082,1
0.7577,0.5987,0.801,5,0.061,211.4,314.4,1.71,0.0804,0.2005,0
0.861,0.6417,0.7916,4,0.112,259.0,397.5,0.78,0.3059,0.4484,0
0.7626,0.5645,0.6766,4,0.0493,257.0,311.8,4.61,0.0314,0.1305,0
0.8557,0.6831,0.7512,5,0.2042,128.5,272.6,2.36,-0.2019,0.582,0
0.7405,0.45,0.7163,5,0.1089,280.7,351.3,8.48,0.1009,0.0176,0
0.6413,0.481,0.6694,3,0.0466,121.0,285.2,3.61,0.1302,0.0831,0
0.7349,0.6593,0.827,3,0.2611,195.4,361.1,5.42,0.081,0.218,0
0.9059,0.852,0.891,5,0.0654,79.7,192.7,4.27,0.2002,0.1416,0
0.8758,0.7886,0.9541,3,0.0899,106.1,216.3,1.57,0.1051,0.4753,0
0.8749,0.775,0.8653,3,0.0967,155.2,256.1,6.49,0.0714,0.099,1
0.7921,0.5938,0.8326,4,0.048,27.4,107.0,3.16,0.1413,0.6156,0
0.8138,0.4658,0.8721,5,0.3073,216.3,316.8,4.92,0.0711,0.3957,0
0.8239,0.8239,0.7821,1,0.3516,90.2,90.2,2.32,0.3436,0.3837,0
0.8053,0.702,0.7264,5,0.2895,280.9,331.4,0.75,0.1608,0.2508,0
0.8674,0.7025,0.9108,4,0.4861,25.8,177.2,7.74,0.2412,0.0976,0
0.916,0.8228,0.8909,5,0.153,194.2,242.6,0.32,-0.0085,0.0988,0
0.8014,0.6882,0.8167,4,0.1262,82.2,240.5,1.68,0.2332,0.3764,0
0.8155,0.747,0.8334,5,0.1309,36.7,189.1,2.7,0.1006,0.0733,0
0.7349,0.6411,0.6649,4,0.4077,180.3,220.1,5.4,0.1297,0.3951,0
0.915,0.8938,0.8536,2,0.0195,62.4,191.0,4.67,0.2759,0.3923,1
0.8925,0.8091,0.8522,4,0.0416,272.2,401.8,3.17,0.0554,0.162,0
0.7428,0.5069,0.6237,4,0.125,266.3,326.4,3.81,0.0299,0.5838,0
0.8133,0.5426,0.8047,4,0.1263,71.7,103.8,3.51,0.1505,0.7135,0
0.8005,0.6861,0.7885,3,0.0088,299.5,447.7,2.71,0.0526,0.1845,0
0.888,0.8382,0.8293,2,0.2047,298.4,452.2,4.75,0.1019,0.2395,1
0.7432,0.5718,0.6562,2,0.2261,50.4,78.5,0.74,0.1667,0.6704,0
0.8294,0.8294,0.7871,1,0.2334,25.9,25.9,4.55,0.1802,0.046,1
0.8321,0.7386,0.8352,2,0.1256,309.7,420.7,1.31,0.0837,0.0991,0
0.7807,0.7807,0.7742,1,0.1269,158.8,158.8,0.1,0.1716,0.7268,0
0.7602,0.692,0.7485,2,0.0154,149.8,209.4,5.86,-0.0222,0.1991,1
0.7929,0.6492,0.7161,5,0.039,111.4,230.0,4.89,0.0935,0.1472,0
0.9106,0.9106,0.8442,1,0.1355,300.2,300.2,1.99,-0.082,0.1828,1
0.8576,0.77,0.761,3,0.0443,62.0,113.8,1.75,0.3131,0.5434,0
0.7844,0.7017,0.7625,3,0.0758,142.6,303.5,5.95,0.0204,0.4996,0
0.7807,0.6879,0.8378,4,0.3166,270.7,317.4,2.68,0.3497,0.8288,0
0.8732,0.8435,0.8423,2,0.0894,312.6,476.8,0.85,0.1085,0.6621,0
0.8103,0.6113,0.7898,4,0.3175,75.0,129.1,4.26,0.0982,0.3064,0
0.9837,0.9837,0.9225,1,1.0,191.9,191.9,1.53,0.1829,0.0779,1
0.882,0.8654,0.8459,2,0.0485,221.2,273.9,2.59,0.1205,0.258,1
0.9353,0.9083,0.8565,5,0.1035,164.6,300.1,2.47,0.1202,0.3596,1
0.7476,0.6933,0.8007,2,0.0242,203.1,290.3,1.19,-0.1097,0.0141,0
0.7479,0.6473,0.7171,2,0.3528,158.3,290.1,2.11,0.0196,0.1758,0
0.8035,0.6143,0.8608,5,0.0456,202.2,365.2,0.98,-0.0304,0.6453,0
0.8882,0.7753,0.9473,3,0.258,126.4,175.1,5.72,0.1119,0.3262,1
0.7999,0.6876,0.8122,4,0.1931,67.3,118.7,6.37,0.2691,0.3704,1
0.8689,0.6891,0.8228,3,0.0393,166.2,344.3,0.91,0.1665,0.2073,0
0.8639,0.7744,0.8162,4,0.5227,77.7,96.3,5.84,0.0521,0.4342,1
0.834,0.6914,0.8983,5,0.1588,19.9,88.6,2.72,-0.0605,0.5157,0
0.8376,0.7972,0.8097,2,0.3291,222.0,355.2,2.05,0.048,0.3299,0
0.8444,0.6344,0.9265,3,0.4966,71.0,81.4,0.32,0.0032,0.5351,1
0.807,0.807,0.8731,1,0.1899,222.9,222.9,3.55,0.0611,0.3065,1
0.8474,0.8019,0.8575,3,0.0157,283.5,378.8,5.04,0.1651,0.0875,0
0.7264,0.45,0.7966,4,0.2798,39.3,107.5,2.33,0.2177,0.353,0
0.9381,0.8709,0.9435,3,0.0361,202.8,295.1,2.66,0.3735,0.29,1
0.8195,0.5818,0.9544,5,0.0756,27.5,197.7,2.07,-0.0159,0.0641,0
0.8576,0.6676,0.833,3,0.3448,142.0,204.9,1.87,0.2192,0.2225,1
0.7213,0.7049,0.7215,2,0.0119,262.8,408.3,5.94,-0.0663,0.3739,0
0.8521,0.7529,0.8829,4,0.4682,249.7,426.2,1.32,0.2527,0.2507,0
0.886,0.8381,0.8874,3,0.032,86.5,124.8,4.03,-0.005,0.5712,1
0.8789,0.8231,0.976,3,0.2649,129.4,145.2,4.72,0.1246,0.0548,1
0.9186,0.8594,0.9636,2,0.0095,207.1,276.0,2.93,0.1678,0.4124,1
0.6912,0.45,0.7184,3,0.0405,100.5,123.3,1.56,0.0634,0.0469,0
0.8355,0.741,0.846,5,0.2788,67.1,86.3,3.01,0.1773,0.2891,1
0.8445,0.755,0.8259,3,0.0304,258.8,428.1,3.43,0.1278,0.5641,1
0.7894,0.4946,0.7153,5,0.378,57.5,218.0,3.32,-0.1022,0.2903,0
0.7514,0.581,0.7119,3,0.1642,125.3,193.9,8.34,0.1054,0.1594,0
0.7765,0.6313,0.6821,4,0.0581,287.2,314.9,4.87,0.1319,0.1043,0
0.9243,0.9243,0.966,1,0.3633,285.2,285.2,9.21,0.1682,0.7332,1
0.9081,0.8237,0.8353,5,0.3438,290.8,419.8,1.04,0.121,0.4867,0
0.9112,0.8676,0.965,3,0.0934,152.4,281.0,2.4,-0.0311,0.1766,0
0.8279,0.6754,0.8137,5,0.0069,66.2,109.1,3.65,0.2828,0.0884,0
0.8789,0.7364,0.843,4,0.3089,241.4,396.8,3.0,0.1944,0.5107,0
0.779,0.779,0.8441,1,0.0377,110.1,110.1,2.75,0.2533,0.3235,1
0.8185,0.8185,0.8368,1,0.048,125.1,125.1,0.9,-0.0055,0.2673,1
0.8712,0.6978,0.8071,3,0.1505,216.0,243.3,4.57,0.0604,0.6584,1
0.858,0.858,0.8159,1,0.0618,292.1,292.1,5.7,0.2713,0.5079,1
0.7938,0.5135,0.7899,5,0.0065,310.2,424.1,3.34,0.1701,0.2789,0
0.9617,0.9599,0.8833,2,0.6894,147.4,297.8,1.71,0.0302,0.7941,1
0.8208,0.5592,0.7929,5,0.0508,237.6,397.6,1.75,0.1006,0.1109,0
0.8837,0.8104,0.8745,5,0.0539,192.5,371.0,6.16,0.1029,0.0266,1
0.9217,0.9217,0.9081,1,0.1977,210.3,210.3,3.16,0.0622,0.4617,1
0.8121,0.8121,0.8574,1,0.1207,20.3,20.3,1.49,0.2779,0.4105,0
0.851,0.715,0.9261,5,0.1216,266.9,445.2,4.69,0.0892,0.1521,0
0.9078,0.8731,0.9843,3,0.5143,157.2,322.2,4.11,0.2924,0.8847,1
0.8186,0.6348,0.8205,3,0.0195,162.5,214.5,7.89,0.2304,0.4917,0
0.7266,0.7266,0.703,1,0.8584,143.1,143.1,4.37,0.244,0.373,1
0.8906,0.8906,0.891,1,0.3801,255.5,255.5,0.33,0.1439,0.0651,1
0.8351,0.7227,0.9253,4,0.1281,158.8,245.2,1.69,-0.0008,0.1734,0
0.7243,0.7243,0.765,1,0.2638,107.5,107.5,4.42,0.2602,0.0244,0
0.8762,0.7353,0.8137,5,0.1045,81.7,82.3,1.85,0.0283,0.1709,0
0.7597,0.7597,0.737,1,0.0628,163.2,163.2,1.3,0.0358,0.0371,0
0.8621,0.7573,0.8425,2,0.2553,240.4,325.5,0.95,0.1479,0.4021,0
0.8877,0.8151,0.8765,2,0.0241,212.9,339.0,3.66,-0.0717,0.7882,1
0.8236,0.7052,0.9256,5,0.2193,277.0,391.7,4.44,0.0998,0.2843,0
0.7517,0.6934,0.7455,4,0.2003,153.5,271.0,5.79,0.2755,0.4374,0
0.8392,0.6362,0.929,4,0.2527,245.7,266.1,3.87,0.1649,0.2445,0
0.9426,0.9029,0.9488,3,0.0747,165.0,290.5,5.73,0.2246,0.0285,1
0.6045,0.4628,0.6182,2,0.0992,317.5,433.7,2.59,0.1187,0.2293,0
0.8896,0.8291,0.8339,5,0.1846,239.1,309.5,5.82,0.1201,0.5234,1
0.8204,0.4737,0.7602,5,0.3874,223.0,315.2,9.02,0.1104,0.8415,0
0.8766,0.7089,0.7196,4,0.0381,217.6,252.5,1.36,0.0884,0.1857,0
0.7837,0.5529,0.7593,5,0.1106,294.1,332.2,1.87,0.2148,0.7293,0
0.8727,0.7988,0.8844,4,0.115,189.6,223.2,1.51,-0.0441,0.074,1
0.8873,0.8873,0.949,1,0.1839,117.8,117.8,4.98,0.1148,0.6652,0
0.8994,0.772,0.9129,4,0.3881,171.7,289.3,6.3,-0.0608,0.351,0
0.604,0.604,0.464,1,0.002,166.1,166.1,0.52,0.3081,0.3954,0
0.9119,0.8555,0.9493,3,0.1395,284.0,427.4,2.16,0.1186,0.6755,1
0.9923,0.9923,1.0,1,0.0108,280.3,280.3,1.53,0.1629,0.6415,1
0.8085,0.706,0.7495,3,0.2339,233.7,351.8,2.99,0.0249,0.3176,1
0.8914,0.8914,0.9448,1,0.0113,304.2,304.2,2.39,-0.0599,0.0762,0
0.76,0.6535,0.8077,3,0.3426,308.4,460.9,3.53,0.2387,0.6704,1
0.8807,0.7988,0.8865,3,0.0022,232.4,350.2,0.8,0.0209,0.005,0
0.7065,0.5377,0.8176,3,0.3286,270.8,304.8,5.81,0.0827,0.5795,0
0.938,0.938,0.8688,1,0.0968,238.7,238.7,5.55,0.2721,0.1449,1
0.8602,0.7117,0.8883,5,0.2855,62.2,150.0,2.96,0.2163,0.4347,1
0.8158,0.8158,0.8985,1,0.7452,85.3,85.3,4.0,0.1848,0.0171,1
0.8806,0.8806,0.9724,1,0.2247,138.8,138.8,1.88,0.1268,0.1898,1
0.8605,0.8025,0.8706,2,0.1287,261.0,294.8,1.54,0.052,0.4301,0
0.8754,0.8023,0.9842,3,0.0373,38.3,66.2,2.72,0.0895,0.3076,1
0.5827,0.5827,0.6218,1,0.1233,192.2,192.2,2.5,-0.1776,0.7087,0
0.8935,0.8132,0.8758,2,0.137,260.0,310.0,2.5,0.2557,0.3594,0
0.9678,0.9507,0.9571,2,0.0125,280.5,320.2,7.65,0.1684,0.5577,1
0.7773,0.6107,0.8197,5,0.1021,32.3,73.5,2.88,0.1532,0.7321,0
0.9347,0.9347,0.9959,1,0.0782,261.1,261.1,5.0,0.2162,0.2013,0
0.8813,0.819,0.8198,3,0.0047,203.8,291.1,3.82,0.1221,0.2858,0
0.9405,0.8943,0.8539,2,0.2432,181.7,221.2,1.88,0.1944,0.2578,1
0.822,0.5881,0.824,5,0.1124,35.8,75.4,1.6,0.051,0.1831,0
0.8018,0.7809,0.8038,2,0.4535,235.8,391.9,0.13,-0.0859,0.256,1
0.808,0.808,0.9036,1,0.0486,182.9,182.9,4.55,0.0957,0.7787,1
0.8893,0.8869,0.8227,2,0.0785,285.4,453.2,2.36,0.1546,0.372,0
0.9704,0.9704,0.9635,1,0.0827,204.1,204.1,0.56,0.0972,0.2955,1
0.7763,0.46,0.8408,3,0.2958,178.2,299.0,1.63,0.1803,0.0566,0
0.8353,0.7688,0.7268,3,0.5016,126.9,204.9,3.88,0.1373,0.2425,1
0.8321,0.5578,0.9311,5,0.1139,42.9,58.6,6.56,0.0305,0.152,0
0.9019,0.8446,0.886,4,0.0554,312.9,458.4,0.41,0.1604,0.0852,0
0.806,0.641,0.8376,5,0.0958,131.4,201.6,7.22,0.0279,0.4924,0
0.7548,0.4791,0.7647,5,0.0782,24.9,141.9,9.47,0.0414,0.0277,0
0.9474,0.9474,0.9777,1,0.0965,21.4,21.4,0.54,0.073,0.42,1
0.8532,0.8096,0.899,2,0.0718,276.0,419.9,4.13,0.2923,0.0761,0
0.8839,0.7363,0.908,5,0.1328,54.0,162.2,5.74,0.1726,0.3875,0
0.8495,0.7724,0.889,2,0.2034,283.3,363.6,2.68,0.1824,0.0366,0
0.8492,0.8492,0.778,1,0.1308,79.0,79.0,5.49,0.1738,0.0227,1
0.6434,0.624,0.6675,2,0.0033,282.9,413.5,3.62,0.1592,0.4186,0
0.8777,0.8337,0.8656,3,0.1166,236.5,245.9,7.26,0.1616,0.3869,1
0.8162,0.6282,0.7741,5,0.0371,26.5,135.8,3.58,0.1426,0.3151,0
0.8421,0.7498,0.8441,5,0.1287,33.5,123.4,2.11,0.2507,0.2261,0
0.8897,0.8897,0.8502,1,0.0532,61.1,61.1,6.44,-0.0564,0.0749,0
0.7277,0.5211,0.7574,4,0.1194,217.3,354.7,2.19,0.2279,0.2741,0
0.9287,0.8801,0.8296,2,0.1552,16.3,160.9,4.97,0.088,0.7003,1
0.9273,0.896,0.9061,5,0.066,173.6,306.1,6.09,0.2994,0.3731,1
0.8468,0.7744,0.8584,5,0.0347,34.3,181.1,9.07,0.0453,0.4206,1
0.9014,0.8077,0.9783,2,0.0486,188.3,209.2,0.56,0.2428,0.4303,1
0.8414,0.7925,0.8507,4,0.1535,150.8,185.3,8.21,0.019,0.3265,1
0.8859,0.8632,0.8279,3,0.3555,295.6,426.7,4.72,0.0409,0.468,1
0.8545,0.6505,0.7814,5,0.4264,94.9,219.9,2.78,0.3071,0.3056,1
0.8824,0.6266,0.8054,5,0.1347,153.2,190.8,2.79,0.1393,0.2913,0
0.8881,0.8316,0.9371,2,0.038,198.5,296.3,2.39,0.1258,0.022,1
0.7688,0.5283,0.7626,3,0.0945,224.2,233.3,3.2,0.2639,0.9556,0
0.8523,0.8523,0.862,1,0.2024,261.9,261.9,2.2,0.1205,0.2932,0
0.8744,0.7018,0.9201,5,0.0361,60.1,173.2,3.24,-0.0417,0.3046,0
0.8943,0.8514,0.8135,2,0.3819,106.2,128.6,5.0,0.0132,0.2556,0
0.9385,0.935,0.8761,2,0.2531,244.8,378.2,3.87,-0.0074,0.3467,1
0.694,0.694,0.6525,1,0.0093,280.0,280.0,2.99,-0.1916,0.7545,0
0.789,0.789,0.7566,1,0.4564,102.5,102.5,3.04,0.1327,0.3399,1
0.6728,0.5708,0.654,5,0.2056,206.9,316.0,9.48,0.0988,0.278,0
0.8324,0.5412,0.8725,5,0.1593,139.4,303.7,2.19,0.343,0.211,0
0.8557,0.7752,0.9384,5,0.1301,151.1,235.0,2.26,-0.0434,0.1048,0
0.7953,0.6437,0.8407,2,0.0774,296.9,361.1,3.49,-0.0152,0.5875,1
0.8248,0.8248,0.8107,1,0.1602,292.9,292.9,2.7,0.2867,0.2122,0
0.8237,0.775,0.7857,2,0.0064,201.7,291.8,4.38,0.029,0.1912,0
0.77,0.5126,0.6729,4,0.1954,69.4,132.6,0.55,0.2518,0.4289,0
0.9608,0.9608,0.8857,1,0.0146,233.5,233.5,3.87,0.0596,0.2358,1
0.5953,0.5953,0.6979,1,0.1946,196.9,196.9,1.25,0.1096,0.7415,1
0.9692,0.9692,0.8957,1,0.2868,79.6,79.6,5.2,0.0835,0.5849,1
0.8351,0.6844,0.6406,5,0.0323,50.9,88.7,0.63,0.1945,0.3842,0
0.9601,0.9601,0.9925,1,0.2506,86.3,86.3,5.64,0.2384,0.1399,1
0.7824,0.7451,0.8822,2,0.1185,219.4,343.6,1.4,-0.0952,0.4052,0
0.88,0.8193,0.832,3,0.2569,224.2,346.7,6.46,0.0884,0.4123,1
0.7486,0.6109,0.8226,5,0.2263,78.0,204.1,4.37,-0.0701,0.2257,0
0.8358,0.7088,0.8333,4,0.1221,21.3,191.6,1.56,-0.1709,0.0166,0
0.7594,0.5598,0.742,4,0.0969,174.5,206.2,4.46,0.2364,0.2311,0
0.8732,0.8732,0.8623,1,0.2033,48.4,48.4,1.5,0.0236,0.2031,1
0.901,0.8403,0.9549,3,0.0007,60.1,99.7,6.21,0.0951,0.7938,1
0.868,0.8125,0.8462,5,0.04,17.3,184.7,3.42,0.1929,0.1233,1
0.9472,0.9074,0.9284,5,0.4459,278.5,336.8,7.42,0.0945,0.0199,1
0.8016,0.6855,0.7703,2,0.1451,181.3,359.6,8.57,0.0771,0.6011,1
0.7774,0.5062,0.9194,3,0.0794,80.8,103.5,2.33,0.1066,0.2186,0
0.7779,0.6737,0.7527,4,0.0247,99.8,129.9,5.36,-0.0138,0.1314,0
0.8008,0.7064,0.7063,2,0.1175,160.3,204.6,1.8,0.065,0.4373,0
0.8744,0.8744,0.8407,1,0.0598,179.3,179.3,6.53,0.0388,0.8363,1
0.7978,0.6825,0.813,2,0.5621,315.0,337.4,4.49,-0.1744,0.1964,1
0.8266,0.8266,0.8185,1,0.4404,54.3,54.3,3.8,0.2552,0.0536,1
0.8011,0.7999,0.8305,2,0.2244,93.7,119.7,1.35,0.1585,0.4094,0
0.7572,0.7572,0.665,1,0.5297,304.3,304.3,3.3,0.1437,0.6806,1
0.8576,0.7877,0.8692,3,0.0778,281.7,414.6,6.98,0.2422,0.6853,0
0.7868,0.7572,0.7895,2,0.1584,106.1,146.5,3.05,0.0594,0.4653,0
0.7848,0.702,0.7693,2,0.0209,264.7,268.1,11.19,0.1858,0.4134,1
0.7931,0.6861,0.753,2,0.0589,220.2,301.4,2.0,0.0339,0.4747,0
0.7914,0.6919,0.7628,2,0.1381,199.6,330.6,5.15,0.0585,0.2942,0
0.8755,0.8755,0.886,1,0.0271,203.3,203.3,1.65,-0.0581,0.6511,1
0.8354,0.761,0.9285,4,0.5006,165.3,304.6,4.63,0.0779,0.3643,0
0.8233,0.5801,0.7464,4,0.4247,237.4,394.1,3.01,0.2611,0.3931,0
0.871,0.7776,0.9307,3,0.0501,263.6,375.8,4.61,0.1451,0.2399,1
0.9232,0.9009,0.931,2,0.1004,164.6,199.9,3.22,0.1409,0.2796,0
0.8608,0.8608,0.8731,1,0.0256,48.0,48.0,3.1,0.0817,0.4214,1
0.8792,0.8792,0.9346,1,0.242,40.2,40.2,3.02,0.0097,0.1543,1
0.8306,0.6479,0.8601,4,0.262,245.2,352.9,2.86,0.2528,0.1941,1
0.8455,0.7195,0.8726,3,0.0132,33.6,43.3,1.72,0.0919,0.0705,0
0.8425,0.8,0.8718,2,0.1413,37.9,55.1,1.88,0.0094,0.1678,1
0.7398,0.6207,0.787,3,0.154,55.7,139.3,6.41,-0.0533,0.0352,0
0.8682,0.759,0.8427,3,0.6792,187.9,358.9,8.54,-0.0905,0.2496,1
0.8865,0.821,0.896,4,0.2541,63.4,240.1,2.73,0.0929,0.2679,0
0.995,0.995,0.9259,1,0.2603,88.0,88.0,4.38,0.0857,0.2755,1
0.8638,0.8415,0.7998,2,0.0392,305.3,442.8,1.75,0.306,0.0974,0
0.8224,0.6631,0.9033,5,0.2334,197.7,274.9,5.47,0.1914,0.878,0
0.8736,0.8286,0.8906,4,0.0253,312.0,387.7,8.43,0.2318,0.2067,0
0.5406,0.5406,0.5621,1,0.174,295.6,295.6,1.37,0.2633,0.4513,0
0.8265,0.7019,0.8342,3,0.0286,272.8,406.5,1.35,-0.0399,0.2251,0
0.9163,0.8602,0.9324,2,0.2148,293.6,332.6,3.87,0.2644,0.0643,0
0.7114,0.5,0.6746,4,0.0816,295.4,446.6,0.84,0.2135,0.1583,0
0.789,0.789,0.8266,1,0.0378,267.5,267.5,11.45,0.1934,0.1508,1
0.7915,0.6411,0.8279,5,0.1305,123.6,214.0,1.98,0.2921,0.3418,1
0.888,0.8823,0.914,2,0.6812,235.6,271.0,0.17,0.2029,0.6716,1
0.8548,0.6944,0.8289,4,0.1214,299.4,347.1,1.84,0.4213,0.7811,1
0.872,0.8114,0.8578,3,0.2425,277.6,359.0,2.54,0.063,0.111,0
0.8469,0.6995,0.8064,5,0.4054,39.5,194.1,1.94,0.3677,0.0889,0
0.858,0.858,0.9535,1,0.1044,314.0,314.0,6.8,0.2389,0.6471,1
0.8886,0.8413,0.8806,4,0.0423,293.1,453.6,14.0,0.2732,0.7328,0
0.9241,0.8537,0.8489,3,0.1042,39.4,114.8,2.9,0.1734,0.7255,1
0.6611,0.6611,0.6573,1,0.0213,94.4,94.4,3.37,0.1588,0.3001,0
0.7761,0.5948,0.8982,2,0.0084,121.4,245.8,4.31,0.0709,0.353,0
0.8569,0.8569,0.9042,1,0.0991,183.3,183.3,4.19,0.0714,0.6526,0
0.7458,0.6572,0.7022,3,0.05,52.5,198.9,2.57,-0.0618,0.3788,1
0.8851,0.8311,0.8354,5,0.1636,266.5,423.8,3.8,0.1493,0.2897,0
0.8433,0.7226,0.7706,3,0.0792,266.8,301.3,4.14,0.1114,0.3105,0
0.6174,0.6174,0.671,1,0.1866,209.6,209.6,2.41,0.2171,0.2828,0
0.9337,0.8722,0.9081,3,0.0267,233.6,324.7,8.79,0.2859,0.1145,1
0.8278,0.685,0.8326,5,0.0428,285.7,342.4,6.98,0.0555,0.3632,1
0.8716,0.735,0.8049,5,0.0642,128.5,141.3,1.24,0.1667,0.4093,0
0.7525,0.6544,0.8869,4,0.0069,99.6,209.5,6.15,0.0305,0.1768,0
0.8368,0.745,0.9236,2,0.0799,300.8,437.0,4.88,0.2916,0.7356,1
0.8606,0.8048,0.8735,3,0.0098,118.2,207.2,3.0,0.0799,0.0863,0
0.8686,0.8686,0.8464,1,0.2243,212.1,212.1,4.54,0.3818,0.2269,0
0.8932,0.7098,0.9418,4,0.1741,270.7,362.4,3.63,0.089,0.0443,0
0.9222,0.9222,0.9001,1,0.1064,167.1,167.1,3.44,0.2264,0.0598,1
0.85,0.7265,0.9616,5,0.235,184.3,211.7,2.98,0.1295,0.3699,1
0.7897,0.6862,0.8813,3,0.0894,88.1,225.4,3.1,0.1256,0.5187,1
0.738,0.45,0.7182,5,0.1789,305.5,327.5,2.32,0.1771,0.2584,0
0.7393,0.6084,0.705,3,0.3076,79.5,91.4,2.98,0.032,0.2724,0
0.7344,0.6572,0.8268,3,0.1,112.8,142.4,9.2,0.2568,0.2002,1
0.8995,0.8814,0.9191,2,0.0583,240.5,364.8,3.0,0.0505,0.3591,1
0.7936,0.6303,0.8696,4,0.0551,25.1,196.1,1.6,0.3334,0.3593,1
0.7914,0.6907,0.7473,2,0.0652,234.8,235.5,5.59,0.2779,0.524,0
0.722,0.5451,0.6804,5,0.3814,29.6,100.7,2.07,0.0608,0.0347,0
0.7751,0.7751,0.8157,1,0.4429,20.3,20.3,5.63,0.2203,0.8285,1
0.9229,0.8916,0.8236,3,0.0485,209.4,283.8,1.93,0.1199,0.753,0
0.8275,0.7605,0.843,5,0.2118,59.4,184.3,4.49,-0.0742,0.1374,0
0.5874,0.5874,0.6509,1,0.0399,184.6,184.6,1.37,-0.0158,0.8473,0
0.8924,0.757,0.8247,5,0.35,284.0,346.7,2.76,0.1655,0.047,0
0.8344,0.6748,0.8166,4,0.3661,300.5,362.0,3.68,0.3541,0.1178,0
0.8759,0.6795,0.9377,5,0.1922,28.5,170.0,1.22,0.3493,0.1848,0
0.8943,0.8121,0.781,4,0.1889,230.7,406.8,2.73,0.2433,0.4564,0
0.7738,0.5763,0.7715,4,0.0806,318.5,416.0,4.8,0.3216,0.353,0
0.8774,0.6251,0.8964,5,0.0896,99.3,116.7,7.73,0.0376,0.1209,0
0.8367,0.7414,0.7899,3,0.005,298.7,314.3,1.31,0.0751,0.161,0
0.8051,0.7236,0.8293,3,0.0173,282.0,390.2,7.97,0.076,0.315,0
0.6347,0.6347,0.5875,1,0.4785,114.4,114.4,1.76,0.1622,0.2712,1
0.7696,0.7696,0.7501,1,0.0518,240.8,240.8,2.84,0.0108,0.0422,0
0.8909,0.8909,0.8685,1,0.0227,227.4,227.4,3.82,-0.06,0.2533,1
0.9414,0.9414,1.0,1,0.0983,83.4,83.4,3.99,-0.0659,0.0132,1
0.9302,0.7919,0.9283,5,0.0664,102.6,256.4,4.31,0.0516,0.2156,1
0.8256,0.6501,0.7834,5,0.0332,49.8,211.2,5.96,-0.0058,0.1807,0
0.8965,0.8231,0.9042,2,0.3607,213.6,377.1,8.25,0.2148,0.2075,1
0.8294,0.6155,0.8286,5,0.1449,271.1,271.7,0.75,0.1247,0.4979,0
0.8427,0.8052,0.8231,2,0.134,182.8,250.8,3.05,0.2483,0.6356,0
0.8068,0.6387,0.7879,2,0.0982,286.2,310.2,5.19,0.0584,0.1819,0
0.82,0.6449,0.8189,3,0.0106,277.2,363.8,2.76,-0.0002,0.5751,0
0.9286,0.9205,0.9903,3,0.0807,199.0,215.8,2.32,0.0448,0.0785,1
0.866,0.8434,0.9002,4,0.0844,21.2,121.8,9.39,0.1017,0.0837,1
0.8295,0.7331,0.8746,3,0.1473,58.3,79.8,3.2,0.1243,0.2185,0
0.7252,0.7252,0.6696,1,0.1313,46.9,46.9,3.87,0.1545,0.0802,0
0.8142,0.7378,0.7646,5,0.0094,16.3,35.0,3.26,-0.1206,0.451,0
0.7054,0.6905,0.6666,2,0.2441,118.0,230.6,2.29,0.1858,0.5959,0
0.903,0.8807,0.8555,2,0.1114,39.1,149.6,4.51,-0.025,0.369,1
0.8306,0.7114,0.8535,4,0.1192,312.1,390.7,2.68,-0.0283,0.1225,0
0.909,0.8291,0.943,5,0.1999,228.8,366.2,5.36,0.2432,0.2158,0
0.7772,0.6761,0.7318,3,0.3099,110.4,271.5,2.25,-0.0152,0.1306,0
0.9038,0.8381,0.8938,4,0.2735,213.7,383.8,2.36,0.0394,0.3766,0
0.9199,0.8843,0.817,2,0.1715,206.2,310.8,9.59,0.1847,0.2393,1
0.7792,0.6242,0.7513,3,0.8296,169.2,246.1,1.81,-0.0962,0.035,0
0.8209,0.7994,0.8238,2,0.064,285.5,451.5,1.37,0.1741,0.1321,1
0.9292,0.9292,0.9387,1,0.1298,301.7,301.7,2.19,0.0902,0.4015,0
0.7822,0.6627,0.7728,4,0.0588,182.2,234.6,2.68,0.2353,0.4046,0
0.8801,0.8728,0.9535,4,0.0601,52.1,92.5,5.14,0.1534,0.2975,1
0.8779,0.8121,0.9037,3,0.1183,159.0,229.6,8.12,-0.0135,0.1184,0
0.6386,0.6386,0.6547,1,0.2261,247.2,247.2,4.74,-0.0222,0.2805,0
0.8537,0.6675,0.9594,4,0.0291,192.9,269.8,3.58,0.1115,0.6277,1
0.9069,0.8663,0.9307,5,0.2862,309.9,316.3,0.87,-0.058,0.4135,0
0.9574,0.9574,0.9819,1,0.0465,215.0,215.0,2.83,0.231,0.0572,1
0.9175,0.819,0.9675,5,0.1635,115.6,283.9,11.58,0.2456,0.1265,1
0.915,0.8939,0.8778,3,0.0902,292.0,471.8,0.58,0.0664,0.2658,0
0.9026,0.8886,0.8125,3,0.2283,60.1,154.7,1.19,-0.0373,0.1913,1
0.7752,0.6845,0.754,2,0.0006,173.5,188.9,2.61,-0.0225,0.7048,1
0.7026,0.5793,0.7683,3,0.1713,139.3,273.7,2.83,0.209,0.4888,0
0.86,0.7842,0.8761,5,0.1117,152.1,275.6,2.37,-0.0153,0.1552,0
0.7622,0.6243,0.7353,2,0.1989,187.8,269.0,2.61,-0.0608,0.0078,0
0.8834,0.85,0.9388,3,0.0134,237.8,311.2,1.48,0.0563,0.6542,0
0.876,0.8604,0.8247,3,0.2239,236.2,344.8,5.16,0.1299,0.2113,1
0.9463,0.9215,0.9061,3,0.0538,310.0,475.3,1.09,-0.0001,0.4846,0
0.8638,0.7054,0.8253,3,0.1159,163.9,279.4,8.22,0.1526,0.4702,0
0.8114,0.45,0.8604,5,0.8115,315.2,359.9,10.63,0.1635,0.263,0
0.8642,0.7539,0.8972,3,0.0178,121.9,144.6,3.5,0.0454,0.1956,1
0.6658,0.6658,0.6119,1,0.0435,266.7,266.7,7.31,0.1234,0.2241,1
0.8737,0.7231,0.8999,5,0.2114,34.9,138.9,3.29,0.1431,0.364,0
0.8529,0.7717,0.852,3,0.2301,163.4,184.4,2.3,0.4221,0.0703,1
0.8256,0.7916,0.7542,3,0.2087,148.6,152.2,6.98,0.0452,0.336,0
0.8642,0.6952,0.9123,5,0.08,253.9,362.6,2.89,0.0473,0.3397,0
0.7779,0.7661,0.754,2,0.0146,232.9,281.1,5.53,0.0806,0.1732,1
0.9009,0.9009,0.8878,1,0.0128,115.9,115.9,2.73,0.153,0.1529,1
0.7251,0.7251,0.6889,1,0.1069,107.3,107.3,3.92,0.015,0.5757,1
0.8851,0.75,0.8391,5,0.0304,191.3,259.1,1.47,-0.0329,0.1104,0
0.808,0.7152,0.873,3,0.1256,300.8,457.3,3.49,-0.0385,0.0315,0
0.7559,0.7559,0.8351,1,0.1405,74.2,74.2,4.79,0.3624,0.2552,1
0.8441,0.7174,0.8133,2,0.3081,179.1,356.1,3.02,-0.0119,0.689,0
0.9098,0.9098,0.8992,1,0.0718,305.6,305.6,5.07,0.0808,0.1265,1
0.8676,0.7987,0.942,5,0.3895,301.9,369.3,6.6,0.1135,0.034,0
0.852,0.8042,0.9056,2,0.161,37.6,167.3,1.26,0.1187,0.125,1
0.7399,0.5103,0.7422,5,0.0589,35.9,210.4,4.44,-0.0044,0.2861,0
0.7117,0.4667,0.5711,4,0.0046,144.6,247.0,1.09,0.2635,0.0479,0
0.6968,0.5818,0.6483,4,0.0917,244.0,348.0,2.88,0.4492,0.2925,0
0.9556,0.9339,1.0,2,0.0098,312.5,313.5,9.26,0.1692,0.79,1
0.8864,0.8386,0.9564,2,0.2739,198.0,315.1,2.05,0.2774,0.1729,0
0.7939,0.6166,0.8213,4,0.1913,231.2,381.9,4.06,0.2085,0.4192,1
0.9062,0.8657,0.9691,3,0.1339,152.8,177.3,3.0,0.1505,0.0556,1
0.9,0.9,0.9313,1,0.0156,228.9,228.9,1.83,-0.0511,0.8487,1
0.8625,0.7498,0.8214,4,0.2054,42.5,43.2,1.96,0.175,0.1321,0
0.7861,0.7112,0.786,5,0.0214,289.1,349.2,1.66,0.0081,0.1971,0
0.8506,0.7329,0.7928,4,0.1681,129.6,130.0,1.61,0.0405,0.6672,1
0.8259,0.6348,0.7525,5,0.0145,122.9,284.1,6.55,0.1288,0.6202,0
0.8595,0.7557,0.7803,2,0.0531,76.6,169.1,2.01,-0.0226,0.4275,1
0.5727,0.5727,0.539,1,0.4349,52.1,52.1,1.8,0.1342,0.5281,0
0.8376,0.8376,0.7782,1,0.3945,74.3,74.3,2.32,-0.0049,0.3064,0
0.9211,0.9057,0.8535,5,0.257,118.5,193.7,1.52,0.1571,0.1874,0
0.8049,0.8049,0.6605,1,0.1227,18.4,18.4,6.03,0.1236,0.0778,1
0.8734,0.7953,0.7674,4,0.1376,317.5,396.7,2.57,0.0621,0.1316,1
0.9944,0.9944,1.0,1,0.2661,319.0,319.0,2.69,0.0647,0.8856,1
0.9455,0.9006,1.0,2,0.1337,204.7,330.9,13.96,-0.0243,0.6227,1
0.8195,0.7569,0.9202,3,0.059,223.1,298.2,1.87,-0.0158,0.3501,0
0.6402,0.5207,0.658,2,0.1746,183.9,234.3,4.07,0.1075,0.1947,0
0.8614,0.7352,0.9171,4,0.3151,83.1,120.8,4.32,0.083,0.6824,1
0.939,0.939,0.8556,1,0.19,48.3,48.3,4.35,0.2564,0.0165,1
0.9283,0.9283,0.9169,1,0.0639,238.7,238.7,2.59,0.3759,0.0613,1
0.7293,0.5957,0.7019,2,0.2128,119.2,169.8,2.81,0.2228,0.2794,0
0.8724,0.7332,1.0,3,0.158,197.0,307.9,3.19,0.2827,0.439,1
0.9303,0.9303,0.9576,1,0.1246,171.6,171.6,2.81,0.02,0.4119,1
0.8608,0.8338,0.9014,2,0.0732,141.6,144.1,2.71,0.1652,0.4229,0
0.7794,0.7469,0.8433,2,0.1821,290.9,387.3,5.97,-0.0436,0.3412,0
0.7903,0.4516,0.7284,4,0.0978,46.2,133.8,6.08,0.105,0.0448,0
0.9097,0.8155,0.9112,4,0.1643,24.8,30.7,1.83,0.1493,0.3022,0
0.7905,0.7575,0.8351,2,0.0856,271.5,382.5,0.99,0.2026,0.6186,0
0.8408,0.6156,0.8403,3,0.1684,52.7,162.2,2.37,0.154,0.1041,0
0.7467,0.6121,0.8301,3,0.0999,156.5,259.7,5.84,0.3507,0.3442,0
0.8966,0.8714,0.9592,2,0.086,244.7,293.6,3.56,0.2556,0.0097,0
0.8258,0.5683,0.7565,5,0.0479,309.8,386.8,1.42,0.0718,0.0769,0
0.8426,0.6672,0.8345,5,0.0309,104.2,209.1,2.95,0.2518,0.0797,1
0.6947,0.5685,0.6542,4,0.0044,144.2,184.7,1.06,0.3436,0.0899,0
0.6898,0.45,0.863,2,0.0982,302.2,410.5,0.59,0.2187,0.5498,0
0.791,0.7827,0.7771,2,0.074,32.1,94.2,3.13,0.1305,0.5177,0
0.8497,0.7913,0.9517,5,0.0594,149.0,312.3,3.12,-0.1034,0.344,1
0.7509,0.7509,0.7434,1,0.1261,55.3,55.3,3.06,-0.0656,0.2865,1
0.9128,0.8943,0.8464,3,0.3598,70.3,98.0,2.32,0.1233,0.1214,1
0.7001,0.5516,0.7247,4,0.7683,160.9,255.1,1.87,-0.0619,0.2397,0
0.8651,0.8651,0.7873,1,0.1075,225.4,225.4,2.74,0.1886,0.1136,1
0.8794,0.8022,0.8853,3,0.1712,143.7,209.8,5.44,-0.1903,0.1328,1
0.8494,0.8494,0.8726,1,0.0679,52.1,52.1,0.22,0.1583,0.7279,1
0.7687,0.5572,0.7487,4,0.2214,154.5,194.3,6.42,0.0254,0.5995,0
0.863,0.7174,0.7684,3,0.1054,177.7,215.8,2.03,0.1754,0.3735,0
0.9854,0.9854,1.0,1,0.0425,191.1,191.1,5.26,0.0021,0.4656,1
0.8183,0.7355,0.9012,4,0.0954,123.4,203.7,0.69,0.2098,0.3823,0
0.8565,0.7953,0.8377,4,0.0547,131.0,293.5,7.43,0.1349,0.29,1
0.7606,0.7606,0.7251,1,0.0729,303.4,303.4,4.47,0.043,0.2135,1
0.8344,0.694,0.7474,5,0.5174,221.4,321.5,5.62,0.1051,0.592,0
0.8792,0.7278,0.8213,3,0.0797,140.1,217.5,1.38,0.1719,0.2698,0
0.8816,0.8166,0.8543,3,0.4238,93.5,245.5,3.88,0.186,0.2279,1
0.963,0.963,0.9982,1,0.0694,175.9,175.9,3.05,0.3059,0.7385,1
0.8194,0.7543,0.8884,5,0.1002,70.2,220.9,4.0,0.2023,0.0733,0
0.8192,0.7319,0.88,4,0.1792,83.3,92.4,2.86,0.2378,0.4193,1
0.8236,0.8236,0.8194,1,0.5554,31.7,31.7,3.87,0.3712,0.2058,1
0.8365,0.7192,0.8169,4,0.0239,203.6,331.0,3.62,0.2458,0.1551,0
0.9546,0.9546,0.9758,1,0.5262,74.6,74.6,1.29,0.1513,0.1392,0
0.9457,0.8771,0.9371,3,0.0506,74.0,234.5,5.02,0.0847,0.8444,1
0.708,0.6678,0.8153,2,0.0447,142.0,268.2,3.28,0.2341,0.6769,1
0.8679,0.7418,1.0,5,0.1306,49.6,60.8,11.87,0.185,0.7112,1
0.7932,0.7932,0.7764,1,0.0513,119.8,119.8,2.37,0.0726,0.0362,0
0.8755,0.7061,0.8775,5,0.3872,91.3,192.4,3.1,0.058,0.2487,0
0.8243,0.7454,0.7464,4,0.5355,21.4,127.5,2.27,0.03,0.7445,1
0.7225,0.6846,0.6557,2,0.1797,272.1,407.7,8.0,0.0221,0.5529,0
0.8241,0.6664,0.7805,5,0.0752,86.7,202.2,2.33,0.2205,0.0551,1
0.6127,0.6127,0.6348,1,0.2419,213.1,213.1,1.43,0.1258,0.3512,0
0.8785,0.8388,0.8982,5,0.0419,137.2,220.5,1.75,-0.0523,0.7525,0
0.9132,0.9082,0.9344,2,0.0966,167.8,247.1,7.47,0.1652,0.3827,0
0.9252,0.8725,0.8081,5,0.2643,306.2,357.5,6.54,0.1981,0.1029,1
0.75,0.6511,0.7321,5,0.0438,101.7,256.2,2.06,0.1656,0.1639,0
0.9108,0.8842,0.9402,2,0.1003,297.7,451.3,1.49,0.1678,0.3487,0
0.893,0.8608,0.9195,2,0.0511,205.2,305.0,4.91,0.1843,0.0978,1
0.803,0.6972,0.8925,3,0.0006,76.3,97.3,4.24,0.0645,0.1924,0
0.7811,0.5313,0.7101,4,0.3651,236.4,367.5,1.6,-0.0491,0.6419,0
0.8182,0.7631,0.8078,2,0.3203,31.8,146.1,2.57,-0.0491,0.492,1
0.8896,0.7946,0.8647,3,0.3583,216.6,393.3,8.44,-0.0531,0.2172,1
0.9119,0.8837,0.9267,5,0.1326,250.7,338.6,1.46,0.1497,0.5412,0
0.9505,0.9219,0.9465,4,0.1396,96.0,267.1,3.18,-0.0577,0.0526,1
0.7997,0.7339,0.8668,3,0.0787,262.6,311.0,0.61,0.1449,0.7129,0
0.7256,0.6581,0.7409,3,0.1556,212.4,226.5,1.53,0.1489,0.2888,0
0.9394,0.8952,1.0,2,0.2409,137.4,199.7,0.55,-0.0296,0.7656,1
0.8389,0.7081,0.7914,2,0.0618,60.8,141.0,2.12,0.3489,0.9002,1
0.7777,0.7362,0.7509,2,0.0207,203.0,229.2,3.92,0.0598,0.1211,1
0.8364,0.7538,0.8382,3,0.0742,235.7,353.4,2.83,0.1708,0.7889,0
0.9615,0.9615,0.9587,1,0.193,290.6,290.6,6.49,-0.0254,0.1187,1
0.7877,0.5528,0.8056,4,0.0007,207.6,268.6,0.55,0.1214,0.0565,0
0.8608,0.7386,0.972,4,0.0677,295.9,309.0,1.24,-0.0122,0.9886,0
0.8902,0.8815,0.9145,2,0.0125,30.3,129.5,2.1,0.1,0.0733,0
0.7774,0.5828,0.7813,2,0.1132,193.0,253.5,2.6,0.2528,0.5755,1
0.7978,0.6636,0.859,2,0.1272,276.0,326.4,0.25,0.1457,0.7326,0
0.8244,0.7093,0.7596,3,0.1652,189.3,233.7,3.26,-0.0519,0.1644,0
0.87,0.7746,0.7726,3,0.2159,120.9,232.1,1.85,0.1619,0.1936,0
0.8868,0.8868,0.8908,1,0.0789,293.5,293.5,3.15,-0.066,0.4555,1
0.8705,0.7026,0.8003,5,0.1708,152.2,270.7,2.55,0.2069,0.332,0
0.7471,0.7471,0.6974,1,0.1405,92.4,92.4,6.75,0.0312,0.9185,1
0.9006,0.8891,0.85,2,0.029,312.1,436.8,2.15,0.212,0.0909,0
0.8317,0.6888,0.8039,2,0.1152,44.8,52.9,0.42,0.0668,0.3935,1
0.7873,0.6973,0.7011,4,0.1196,43.4,195.3,7.35,0.1164,0.1639,1
0.845,0.729,0.841,5,0.3218,140.2,175.5,1.22,0.298,0.5564,0
0.8304,0.7938,0.8445,3,0.1087,252.6,430.5,2.04,0.0481,0.0384,0
0.7733,0.6832,0.6945,3,0.0737,182.7,183.2,0.42,0.0352,0.3981,0
0.8149,0.7363,0.8003,2,0.0324,317.3,349.4,0.22,0.0836,0.7638,0
0.7939,0.7298,0.8231,4,0.0459,249.4,320.9,1.16,0.1609,0.0581,0
0.7881,0.6911,0.7776,5,0.3319,305.6,462.3,1.27,0.1604,0.0216,0
0.7511,0.6396,0.7377,2,0.2352,124.0,294.3,1.31,0.2948,0.195,0
0.8985,0.8545,0.9769,2,0.0011,264.0,416.1,3.75,0.1035,0.1204,0
0.8922,0.8922,0.9917,1,0.1457,300.9,300.9,2.13,-0.1068,0.037,1
0.8694,0.8249,0.8207,5,0.5597,174.6,284.4,9.61,0.1442,0.1495,1
0.8828,0.802,0.9465,4,0.0607,184.9,269.9,1.91,0.4162,0.2596,0
0.7895,0.6184,0.847,4,0.0474,168.9,185.0,2.83,-0.0601,0.0717,0
0.8117,0.6849,0.8079,4,0.2149,36.4,194.7,2.28,0.1313,0.3419,0
0.9479,0.9479,0.9781,1,0.1242,103.2,103.2,2.05,0.143,0.056,1
0.8474,0.8062,0.7618,4,0.0042,21.1,126.9,2.7,0.0816,0.351,1
0.6309,0.6309,0.6232,1,0.282,260.9,260.9,2.86,0.3759,0.2481,0
0.8309,0.8064,0.973,3,0.1285,206.4,293.6,5.43,0.154,0.028,0
0.8674,0.754,0.8662,4,0.0453,66.3,105.7,5.93,0.0238,0.4778,0
0.7666,0.6208,0.8102,4,0.229,123.7,138.0,5.22,0.3081,0.127,0
0.6262,0.6262,0.652,1,0.1806,148.5,148.5,11.48,0.1368,0.243,1
0.9003,0.9003,0.8975,1,0.1134,284.8,284.8,3.49,0.3299,0.7407,1
0.8478,0.7215,0.9278,2,0.0221,52.5,69.2,2.18,0.0537,0.3699,0
0.8341,0.6579,0.8448,3,0.851,110.4,128.7,2.94,0.136,0.1751,0
0.8699,0.8688,0.7343,2,0.0099,82.6,87.0,6.32,0.1109,0.0903,0
0.8439,0.6788,0.9998,4,0.0732,70.8,121.3,2.5,0.0845,0.374,1
0.868,0.7803,0.9404,3,0.1012,156.7,243.7,4.98,0.0421,0.0443,1
0.735,0.7312,0.7594,2,0.4461,176.4,329.3,0.88,0.003,0.4147,0
0.8423,0.7529,0.9818,4,0.4938,71.2,202.0,1.4,0.0016,0.0138,1
0.8855,0.8184,0.9094,5,0.1521,298.9,395.0,2.01,-0.0302,0.5168,1
0.8048,0.6457,0.8118,5,0.1969,291.9,310.1,1.55,0.2656,0.0153,0
0.8218,0.7453,0.7869,3,0.0237,95.7,104.4,2.78,-0.0233,0.5142,0
0.9284,0.8776,0.8455,2,0.3121,291.0,314.0,1.74,0.1745,0.1479,0
0.7509,0.577,0.6778,2,0.0938,182.6,222.2,4.6,0.2038,0.0496,0
0.9692,0.9692,1.0,1,0.1363,184.2,184.2,3.24,-0.092,0.4118,1
0.8448,0.7203,0.7518,2,0.2033,275.0,311.0,2.16,-0.0942,0.9595,0
0.8788,0.8643,0.7667,2,0.1655,216.8,298.2,2.28,0.243,0.6316,0
0.898,0.8384,1.0,2,0.0026,36.9,72.0,2.59,0.1368,0.3239,1
0.8552,0.7261,0.8479,3,0.0887,302.0,323.3,2.8,0.3144,0.0186,1
0.8222,0.7906,0.8729,3,0.3978,101.2,181.1,1.1,0.0473,0.3651,0
0.9289,0.9031,0.9973,4,0.0171,48.0,225.3,7.01,0.0294,0.1586,1
0.7277,0.5626,0.6318,3,0.5827,222.9,228.4,1.48,0.131,0.0349,0
0.841,0.666,0.8458,3,0.1232,316.9,326.2,4.02,-0.0187,0.064,0
0.7985,0.6869,0.7057,2,0.0831,85.7,204.2,6.72,0.2498,0.0598,1
0.8475,0.7724,0.7751,4,0.0342,35.0,124.6,1.77,0.3008,0.0136,1
0.7435,0.7435,0.7839,1,0.2511,300.2,300.2,7.01,0.3875,0.0167,1
0.8879,0.7087,0.8564,5,0.0085,65.4,123.8,3.36,0.0261,0.4034,0
0.9506,0.9506,0.9446,1,0.076,318.2,318.2,3.79,0.2432,0.198,1
0.8579,0.785,0.771,4,0.6797,146.6,215.4,7.36,0.1687,0.4683,1
0.9291,0.9134,0.9983,3,0.0503,207.8,340.8,2.26,0.0773,0.2061,0
0.7765,0.7765,0.7184,1,0.2557,213.4,213.4,2.79,0.0678,0.2043,0
0.8639,0.6088,0.7872,4,0.01,118.0,152.2,3.73,0.4447,0.8286,1
0.911,0.7706,0.8869,4,0.0633,228.9,309.2,8.07,0.177,0.2687,1
0.9476,0.9225,1.0,2,0.1946,158.5,183.5,1.26,-0.1707,0.1424,1
0.6597,0.6597,0.6345,1,0.0068,297.5,297.5,1.84,-0.0907,0.4552,0
0.7182,0.7182,0.7181,1,0.0108,257.8,257.8,1.04,0.1718,0.1985,0
0.8487,0.8487,0.8828,1,0.3,242.8,242.8,8.27,0.2637,0.2037,1
0.8599,0.7128,0.8888,5,0.0568,315.0,405.1,4.33,0.246,0.1825,0
0.8747,0.8747,0.8732,1,0.0153,210.8,210.8,6.12,0.1223,0.0011,0
0.7217,0.45,0.6787,5,0.0091,281.3,392.9,2.46,-0.0764,0.4206,0
0.8253,0.7124,0.7684,2,0.7802,298.1,301.6,3.19,0.0081,0.42,1
0.8356,0.7425,0.8597,4,0.0948,184.9,272.6,5.68,0.1853,0.1877,0
0.8995,0.8096,0.9461,4,0.0232,115.9,152.6,4.93,0.3174,0.2572,1
0.9902,0.9902,0.9891,1,0.0803,319.2,319.2,6.94,-0.1139,0.0624,1
0.8032,0.4811,0.7594,4,0.4513,125.6,252.9,2.92,0.1418,0.3569,0
0.8528,0.8188,0.8229,2,0.2104,216.0,321.3,1.66,0.0171,0.1355,0
0.7675,0.6846,0.8585,3,0.3736,264.0,404.8,1.41,0.2118,0.4104,1
0.8469,0.7251,0.773,3,0.0329,147.2,223.6,4.0,-0.0484,0.1371,0
0.7866,0.6983,0.7473,2,0.0263,308.3,486.1,3.25,0.0074,0.2227,0
0.7962,0.6521,0.7922,4,0.1073,234.7,358.1,1.82,0.2464,0.5206,1
0.7691,0.7667,0.7216,2,0.5889,309.0,428.7,3.17,-0.0172,0.4006,0
0.9104,0.8654,0.9154,3,0.0389,174.8,339.2,6.3,0.3229,0.4783,0
0.7786,0.7786,0.7486,1,0.2637,198.8,198.8,3.34,0.0901,0.6663,1
0.8033,0.6904,0.8711,3,0.1257,179.1,213.5,2.5,0.1546,0.101,0
0.7959,0.5486,0.8523,5,0.223,318.4,333.3,2.48,0.0448,0.4589,0
0.8389,0.8182,0.9615,3,0.0369,319.2,321.0,2.87,0.0099,0.2527,1
0.8183,0.7125,0.7476,5,0.1692,261.9,423.0,6.4,0.0134,0.4398,1
0.8443,0.6668,0.908,5,0.207,59.8,157.4,0.48,0.2079,0.1636,1
0.9187,0.8863,1.0,2,0.1625,132.9,165.0,2.15,0.0787,0.8586,1
0.7471,0.6568,0.7265,2,0.4601,196.8,234.5,4.22,0.0735,0.1501,0
0.8275,0.5513,0.8011,5,0.0096,128.3,300.9,0.91,0.151,0.6012,0
0.995,0.995,1.0,1,0.0358,75.9,75.9,0.54,0.1116,0.4676,1
0.822,0.6268,0.772,4,0.1004,185.3,251.4,2.73,0.2537,0.6918,0
0.863,0.8061,0.7875,2,0.4623,139.1,239.0,2.57,0.0307,0.0261,0
0.8655,0.7894,0.9162,5,0.0259,276.8,386.4,7.55,0.0162,0.0396,1
0.8418,0.806,0.8312,2,0.3978,214.5,228.9,4.29,0.1509,0.1218,1
0.7347,0.5997,0.7926,4,0.0686,163.4,302.3,3.14,0.0129,0.0666,0
0.8315,0.7785,0.8078,3,0.2548,226.1,246.1,2.13,0.3225,0.3825,0
0.8842,0.7959,0.8845,5,0.0579,146.1,153.7,3.01,0.2436,0.4987,1
0.9038,0.8354,0.9526,3,0.1147,16.2,67.3,3.47,0.0914,0.7604,1
0.7879,0.5662,0.8107,3,0.0239,110.1,124.0,4.03,0.0071,0.0596,0
0.8923,0.8674,0.8057,2,0.1223,190.0,307.6,6.23,0.0988,0.4145,1
0.8174,0.4977,0.7894,4,0.1634,31.6,184.0,11.05,0.0771,0.2942,0
0.7636,0.7636,0.6697,1,0.144,306.8,306.8,1.73,0.2707,0.2829,0
0.8169,0.7696,0.8107,2,0.22,297.7,436.8,2.05,0.1507,0.6415,0
0.8741,0.7803,0.9368,4,0.0876,236.4,343.4,0.84,0.3054,0.187,0
0.7183,0.7183,0.6337,1,0.2431,235.3,235.3,4.97,0.286,0.2056,1
0.7938,0.5141,0.7806,5,0.3075,210.9,351.7,3.75,0.066,0.5366,0
0.7802,0.643,0.7686,5,0.0569,194.8,303.1,1.95,0.267,0.4097,0
0.7752,0.6636,0.8095,2,0.089,223.3,238.0,5.0,0.0203,0.3998,0
0.9299,0.9028,0.8351,3,0.0879,257.3,416.3,1.4,0.1443,0.6589,0
0.928,0.8459,0.8707,3,0.4887,200.6,370.7,2.62,-0.064,0.0095,1
0.7444,0.7444,0.7512,1,0.1524,92.6,92.6,2.2,0.055,0.2876,0
0.8611,0.5985,0.921,5,0.7492,159.1,235.9,2.13,0.2118,0.0932,0
0.8628,0.7059,0.8833,5,0.1838,231.0,383.1,4.02,-0.0004,0.3478,0
0.7977,0.6957,0.8142,2,0.0447,264.9,357.2,3.19,0.19,0.0384,0
0.9202,0.9202,1.0,1,0.0172,141.1,141.1,3.51,0.2924,0.2653,1
0.8649,0.6639,0.9518,4,0.3382,119.9,171.7,2.88,0.2041,0.3799,0
0.7082,0.588,0.6761,3,0.049,254.8,321.2,1.0,0.0739,0.4002,1
0.8013,0.6334,0.8741,5,0.5188,314.4,345.2,2.43,-0.0614,0.0861,0
0.7044,0.684,0.7481,2,0.1932,74.8,160.2,4.34,0.235,0.4667,1
0.8801,0.8039,0.8669,2,0.0785,157.7,331.0,1.89,-0.0026,0.3953,1
0.7923,0.6834,0.7352,4,0.0415,163.0,205.7,1.61,0.0972,0.0208,0
0.9014,0.8045,0.8027,5,0.0634,49.4,111.9,4.75,0.0502,0.0856,0
0.8272,0.7852,0.8353,2,0.0149,274.3,417.2,4.31,0.0784,0.3286,1
0.7824,0.6533,0.7478,2,0.1767,153.3,312.9,7.83,0.2428,0.4913,0
0.898,0.7932,0.8513,3,0.0892,49.5,130.6,2.24,-0.0039,0.3138,1
0.8732,0.8648,0.9037,2,0.5426,312.9,360.2,4.7,-0.0386,0.6119,1
0.962,0.9506,0.9224,2,0.1303,295.6,432.7,5.13,0.0644,0.4655,0
0.8104,0.7571,0.7511,3,0.2178,209.5,304.6,4.53,-0.0879,0.2759,0
0.9607,0.9607,1.0,1,0.3105,74.9,74.9,1.42,0.1599,0.5913,1
0.8899,0.7525,0.8252,4,0.0953,164.8,302.8,4.8,0.0899,0.3297,1
0.8805,0.7196,0.9089,5,0.0467,218.6,282.7,1.63,0.1943,0.1551,0
0.8992,0.8257,0.9092,5,0.5846,98.4,131.4,7.6,0.2474,0.0458,1
0.9032,0.9032,0.8968,1,0.4037,307.7,307.7,5.2,0.0254,0.0682,1
0.7791,0.7791,0.6777,1,0.0423,231.3,231.3,3.68,0.0445,0.2734,1
0.917,0.8026,0.9219,3,0.0423,314.8,414.3,6.43,0.2157,0.4307,1
0.8299,0.7672,0.8248,5,0.0493,255.0,360.0,4.61,0.1848,0.9207,1
0.8704,0.7583,0.8943,4,0.0028,158.6,286.4,7.83,0.187,0.2123,1
0.8333,0.7483,0.7846,3,0.0027,187.1,305.3,0.9,0.0473,0.2371,0
0.9228,0.9042,1.0,3,0.1137,127.9,286.3,7.34,0.2036,0.2327,1
0.7688,0.6595,0.7121,4,0.0998,24.3,79.9,3.54,-0.0066,0.7332,0
0.8468,0.6966,0.9886,3,0.1449,270.7,325.8,1.7,0.1099,0.3965,0
0.8658,0.8569,0.8329,2,0.0992,15.8,67.6,0.81,-0.0872,0.3323,0
0.7644,0.45,0.8778,5,0.0911,193.3,315.8,7.78,0.1677,0.1915,0
0.8907,0.7856,0.8191,4,0.2566,296.5,429.9,3.47,0.1356,0.0166,0
0.842,0.8033,0.8302,2,0.0969,270.8,277.6,3.49,-0.0279,0.4377,0
0.8971,0.8971,0.8954,1,0.0949,170.6,170.6,6.16,0.0449,0.3211,0
0.8843,0.8164,0.9519,3,0.6093,187.4,328.1,1.72,0.2271,0.1061,0
0.7499,0.7499,0.7644,1,0.0332,46.0,46.0,4.27,0.1999,0.1073,0
0.9088,0.8238,0.8721,4,0.2747,19.1,58.5,4.25,0.2303,0.463,1
0.8012,0.6779,0.7991,5,0.4143,262.8,280.2,4.45,0.0208,0.404,0
0.8509,0.7835,0.8787,4,0.0659,172.9,309.1,4.27,0.001,0.8559,1
0.8862,0.7865,0.8716,3,0.2606,48.5,182.4,5.27,-0.0831,0.1445,0
0.836,0.7774,0.8345,5,0.0264,28.8,187.0,6.13,-0.0332,0.6343,0
0.8573,0.7154,0.7436,3,0.011,88.2,150.6,0.97,0.254,0.5343,1
0.8432,0.7205,0.8425,3,0.2565,226.4,275.5,2.34,0.1017,0.1497,0
0.7984,0.7091,0.7457,4,0.0788,181.1,253.4,0.53,0.0316,0.5729,1
0.8498,0.7199,0.7113,4,0.0385,202.4,208.8,1.9,0.1855,0.1059,0
0.8157,0.6944,0.7592,5,0.0415,315.0,398.2,5.8,0.036,0.2078,0
0.8036,0.7023,0.8195,5,0.0429,276.7,413.6,2.16,0.1077,0.3057,1
0.9307,0.8733,0.9648,5,0.0253,117.4,295.1,1.52,0.0659,0.1228,0
0.8794,0.8395,0.8952,2,0.1175,231.6,318.7,2.21,-0.0961,0.1239,1
0.8475,0.8006,0.8424,2,0.0425,134.3,206.2,2.3,0.0101,0.269,0
0.5696,0.5696,0.4664,1,0.3075,121.9,121.9,10.84,0.1366,0.5602,1
0.7172,0.7047,0.6972,2,0.1571,70.0,161.1,0.77,0.1162,0.2534,0
0.8023,0.7464,0.7552,2,0.0024,200.4,331.3,2.0,0.1723,0.3881,1
0.9032,0.8377,0.8315,3,0.3768,176.9,309.7,7.02,0.0656,0.3719,1
0.8541,0.7304,0.8221,5,0.0391,71.4,232.6,1.31,0.1716,0.7431,0
0.6711,0.5859,0.6516,3,0.0302,300.9,443.3,0.46,0.1263,0.2989,0
0.8688,0.7946,0.8703,4,0.0695,220.4,231.1,1.79,0.084,0.7027,1
0.7066,0.5393,0.6688,2,0.2019,161.7,325.9,4.72,-0.0388,0.0687,0
0.9304,0.9304,0.9802,1,0.0452,106.1,106.1,1.16,0.16,0.0442,1
0.8611,0.75,0.7989,5,0.1069,220.3,377.0,0.2,0.0233,0.2272,0
0.9302,0.9302,1.0,1,0.0779,237.2,237.2,2.97,0.1224,0.5306,1
0.8904,0.7387,0.8411,4,0.4111,115.1,253.0,2.89,-0.0722,0.2831,1
0.8343,0.6665,0.8907,4,0.018,123.7,275.2,1.19,0.3227,0.1895,0
0.8986,0.8808,0.9217,2,0.2845,208.2,233.6,2.78,0.0069,0.6342,1
0.7976,0.7976,0.7283,1,0.0231,158.6,158.6,4.07,0.2867,0.1971,1
0.6962,0.5183,0.5969,5,0.4362,54.3,120.7,1.23,0.1386,0.349,0
0.7312,0.7312,0.6504,1,0.5369,200.2,200.2,1.5,0.2055,0.2832,0
0.6692,0.5701,0.7047,3,0.0795,90.4,240.2,4.0,0.114,0.3264,0
0.8578,0.8578,0.7709,1,0.0361,310.1,310.1,0.28,0.2673,0.276,0
0.7749,0.6382,0.7388,4,0.8176,73.4,104.2,6.7,0.0231,0.5816,1
0.8766,0.8766,0.8701,1,0.0314,239.8,239.8,3.27,0.1276,0.3938,1
0.7167,0.7167,0.7541,1,0.0275,198.1,198.1,2.5,0.0472,0.269,0
0.9043,0.8464,0.926,2,0.0701,86.1,259.4,1.03,0.199,0.0936,1
0.8407,0.7203,0.794,3,0.024,49.4,69.0,4.73,0.3351,0.7253,1
0.7819,0.6947,0.7438,2,0.1425,60.3,202.9,2.71,0.1158,0.2424,0
0.8893,0.8349,0.8119,5,0.0388,66.4,152.0,2.39,0.1284,0.0566,1
0.6619,0.6619,0.5515,1,0.5293,118.2,118.2,1.06,0.07,0.5986,0
0.8903,0.8701,0.8521,2,0.6737,116.8,244.9,3.09,-0.0121,0.0747,1
0.8232,0.6598,0.8313,5,0.0016,41.5,79.0,2.11,0.0329,0.2542,0
0.8096,0.7521,0.8899,3,0.0336,238.5,331.4,6.73,0.0095,0.2895,1
0.8011,0.6805,0.838,5,0.0885,301.9,339.4,3.67,-0.0855,0.2252,0
0.7632,0.6594,0.738,4,0.1371,169.9,238.4,0.87,0.1867,0.1713,0
0.8453,0.7279,0.7393,3,0.1184,74.3,165.0,2.11,0.0672,0.083,0
0.8759,0.7561,0.7191,5,0.1821,193.2,321.1,2.47,0.0198,0.4901,0
0.8371,0.6403,0.8225,5,0.096,299.1,316.4,1.67,0.1456,0.0494,0
0.8384,0.7604,0.7849,2,0.0339,204.5,307.6,5.87,0.0706,0.2211,0
0.8422,0.7659,0.8553,2,0.4607,31.0,87.4,2.58,0.2342,0.8113,0
0.7813,0.62,0.8405,3,0.0497,190.5,317.5,7.59,0.1141,0.7101,0
0.8655,0.7687,0.7972,5,0.034,276.1,287.7,4.19,0.0557,0.2859,0
0.8081,0.7125,0.8973,4,0.1638,296.2,434.5,4.08,0.1825,0.3399,0
0.818,0.6822,0.6775,5,0.0275,42.9,171.0,2.03,0.0735,0.22,1
0.8826,0.8826,0.8532,1,0.5893,293.8,293.8,1.13,0.0404,0.0111,1
0.8896,0.8426,0.9459,3,0.0448,145.2,200.5,5.71,0.2364,0.1806,0
0.8545,0.8133,0.7548,2,0.0572,32.3,94.4,0.68,0.0796,0.0226,0
0.5563,0.5563,0.5278,1,0.224,163.5,163.5,1.47,0.2523,0.0193,0
0.8307,0.7493,0.7651,5,0.3628,319.7,341.8,4.91,0.0293,0.0889,0
0.8581,0.8581,0.9112,1,0.1297,227.6,227.6,0.6,-0.0504,0.7074,1
0.851,0.8051,0.7389,2,0.0028,34.5,139.4,0.89,0.0985,0.4406,1
0.839,0.7889,0.7873,2,0.0116,92.3,187.6,0.9,0.2573,0.494,0
0.9142,0.868,0.9088,5,0.0393,239.8,334.3,3.62,0.336,0.1883,0
0.8847,0.7868,0.8719,5,0.2992,237.0,416.9,2.78,0.1446,0.1575,0
0.8513,0.8173,0.7393,3,0.5701,147.9,291.2,3.1,0.0738,0.5532,0
0.8836,0.8836,0.9229,1,0.003,154.3,154.3,3.49,0.2954,0.1234,1
0.8873,0.7253,0.8753,4,0.1717,308.7,343.4,5.3,0.0853,0.7858,1
0.7845,0.5132,0.8426,4,0.1596,125.2,233.3,3.09,0.0682,0.3139,0
0.8641,0.6718,0.8591,5,0.0463,146.5,173.9,9.19,0.2503,0.2512,1
0.8269,0.7659,0.7692,5,0.1747,106.3,265.1,4.68,0.048,0.0633,1
0.6532,0.6532,0.6579,1,0.3834,186.8,186.8,5.3,-0.037,0.0999,1
0.9122,0.8221,1.0,5,0.0006,144.5,210.0,3.54,0.1862,0.4397,1
0.8393,0.7273,0.857,2,0.0202,41.1,88.9,2.09,0.2147,0.3172,0
0.9265,0.9168,0.8642,3,0.145,271.2,304.4,2.51,0.1519,0.4091,0
0.794,0.6704,0.7152,4,0.0842,24.6,160.0,2.95,0.2015,0.0821,0
0.8734,0.807,0.8523,2,0.1724,72.6,106.3,1.85,0.3568,0.0855,0
0.7099,0.7099,0.7801,1,0.267,32.0,32.0,3.64,0.22,0.0925,0
0.8241,0.7489,0.8173,3,0.2027,26.0,127.8,10.48,0.1718,0.612,1
0.8658,0.8153,0.7996,2,0.1093,225.6,392.7,5.75,0.0845,0.3811,1
0.8302,0.5618,0.8443,5,0.0936,181.6,207.9,8.85,0.2097,0.3247,1
0.7047,0.7047,0.6916,1,0.1246,135.8,135.8,4.48,0.1871,0.4192,0
0.9053,0.9053,0.8648,1,0.0236,123.3,123.3,6.36,0.1832,0.6634,0
0.7721,0.6875,0.8098,4,0.0118,97.8,191.1,3.61,0.1302,0.2406,1
0.8086,0.8086,0.7995,1,0.2323,283.1,283.1,0.76,-0.053,0.2293,1
0.8703,0.8703,0.8338,1,0.1467,238.9,238.9,0.79,0.0491,0.1106,0
0.8708,0.7949,0.8992,3,0.0606,235.4,339.3,2.16,0.0574,0.1821,0
0.9031,0.8301,0.9378,4,0.0264,187.1,250.7,5.5,0.1729,0.1899,1
0.9145,0.8528,0.8412,4,0.2447,52.5,166.0,4.71,0.115,0.0407,1
0.7359,0.45,0.7986,4,0.1196,235.6,340.0,2.72,0.0925,0.1569,0
0.9008,0.8605,0.9157,2,0.1428,106.8,279.9,4.39,-0.113,0.7859,1
0.9088,0.8876,0.8962,2,0.3922,119.8,241.8,5.42,0.2625,0.2394,1
0.8418,0.7661,0.8041,5,0.5795,105.1,128.5,7.16,0.0199,0.589,1
0.8566,0.8484,0.9565,2,0.1649,205.3,296.6,2.9,0.1013,0.4452,1
0.791,0.7231,0.8416,4,0.1227,202.1,217.5,6.55,0.1206,0.4822,0
0.7539,0.6822,0.7535,5,0.1098,145.3,203.5,5.08,0.1281,0.2505,1
0.8022,0.5989,0.796,4,0.1643,21.2,21.9,2.28,0.2268,0.0664,0
0.8596,0.7583,0.7942,4,0.1179,112.0,157.7,2.06,0.2082,0.3406,0
0.7684,0.6644,0.6946,5,1.0,135.6,194.9,1.09,0.2558,0.5681,1
0.9419,0.9221,0.9103,3,0.1286,219.9,392.8,3.41,-0.0396,0.6204,1
0.6888,0.4877,0.7095,4,0.0507,209.9,378.4,2.41,0.3099,0.2813,0
0.8821,0.7559,0.9203,5,0.0018,282.7,421.0,2.92,-0.0618,0.2197,0
0.8799,0.8799,0.7624,1,0.1277,37.0,37.0,4.01,0.0987,0.3717,1
0.7986,0.6256,0.9086,3,0.3888,303.7,406.6,6.11,0.2801,0.3345,1
0.8743,0.8567,0.7861,2,0.1049,77.4,237.4,0.36,0.1812,0.0537,0
0.9096,0.8667,0.9369,2,0.0361,36.8,134.8,1.0,0.0884,0.4953,1
0.8517,0.8517,0.8323,1,0.3929,235.0,235.0,3.86,0.3976,0.4343,1
0.8585,0.6944,0.7345,4,0.0917,251.3,424.0,0.7,0.0341,0.1616,0
0.9033,0.8221,0.7969,2,0.0072,289.9,324.8,5.6,-0.0177,0.3725,1
0.9032,0.8583,0.8026,3,0.4068,34.4,162.0,4.31,0.1148,0.5629,1
0.8986,0.8419,0.8124,4,0.0781,138.8,176.7,5.78,0.1485,0.5,1
0.8022,0.5291,0.757,4,0.187,229.6,387.1,3.95,0.0926,0.2789,0
0.8726,0.8726,0.8259,1,0.0643,68.0,68.0,1.82,0.005,0.7865,1
0.795,0.7199,0.8941,3,0.4685,130.0,203.8,4.92,0.2708,0.0386,1
0.8732,0.6487,0.8908,4,0.1818,265.9,444.4,4.65,0.1319,0.7874,1
0.7614,0.7614,0.7908,1,0.031,132.2,132.2,3.91,0.2297,0.2854,0
0.7719,0.7719,0.8404,1,0.174,286.8,286.8,9.25,0.3145,0.1577,1
0.9003,0.7914,0.9281,4,0.283,107.3,150.5,1.27,0.2504,0.2854,1
0.9,0.9,0.8862,1,0.0719,183.9,183.9,4.89,0.0011,0.0632,1
0.6732,0.4845,0.5745,3,0.4014,219.5,335.1,2.41,0.0941,0.5282,0
0.8301,0.793,0.8879,2,0.0017,311.1,341.9,3.41,0.1998,0.8807,1
0.8988,0.8597,0.8814,2,0.0086,110.5,249.3,1.83,0.0201,0.2369,0
0.9253,0.8811,0.8588,5,0.0209,121.6,230.1,5.61,0.1452,0.0549,0
0.8913,0.8332,0.8784,2,0.0421,269.0,336.3,3.22,0.1749,0.2263,1
0.6868,0.45,0.7477,4,0.5192,138.1,214.0,2.8,0.1043,0.3836,0
0.8855,0.8853,0.8471,2,0.078,163.9,330.0,6.0,0.0894,0.0293,0
0.8063,0.6787,0.8416,5,0.2496,203.5,297.9,1.33,0.0015,0.4297,0
0.8611,0.6932,0.8708,5,0.6093,211.9,288.7,4.02,0.0617,0.115,0
0.8435,0.7973,0.8945,2,0.0901,23.4,87.1,4.57,-0.0265,0.2068,1
0.8797,0.7982,0.8277,4,0.1619,74.9,243.4,2.73,0.2154,0.2926,1
0.8772,0.7717,0.9262,4,0.1069,38.6,189.4,3.88,0.1376,0.3395,0
0.7955,0.7955,0.7743,1,0.07,319.4,319.4,4.72,0.1296,0.4477,0
0.7645,0.5884,0.7569,3,0.015,237.0,376.3,3.96,-0.0108,0.4468,0
0.8779,0.7885,0.8307,3,0.032,58.2,186.3,6.51,0.272,0.1281,0
0.8873,0.8431,0.9132,2,0.0937,151.0,165.6,7.69,0.2944,0.1606,1
0.5671,0.5155,0.462,2,0.2553,153.5,318.4,3.2,0.2309,0.4412,0
0.8519,0.7133,0.8021,5,0.0431,213.1,378.2,7.72,-0.0673,0.0527,0
0.7978,0.4644,0.8142,5,0.0024,20.9,195.8,5.59,0.3062,0.3708,0
0.9728,0.9728,0.9934,1,0.0477,307.4,307.4,4.9,0.1587,0.2479,1
0.9327,0.901,0.8938,3,0.0713,58.9,222.3,1.67,0.1189,0.2673,1
0.8722,0.7786,0.8045,3,0.4697,45.9,69.0,8.39,0.1372,0.1261,1
0.7653,0.5523,0.7279,3,0.1859,108.1,122.9,3.88,0.1531,0.435,0
0.9134,0.8884,0.9545,3,0.1001,268.4,381.8,2.01,0.0448,0.1758,0
0.9243,0.8858,0.8957,4,0.1309,166.9,295.5,1.29,0.303,0.3105,0
0.9676,0.9585,0.9883,2,0.3238,138.7,221.4,1.74,-0.0131,0.5098,1
0.9601,0.9601,0.9389,1,0.6747,28.3,28.3,2.88,0.2085,0.6554,1
0.8086,0.6935,0.7964,5,0.1308,46.3,149.9,6.26,0.1429,0.5966,1
0.9186,0.893,0.8315,2,0.204,246.6,412.4,3.05,0.2145,0.3221,1
0.8359,0.701,0.8148,5,0.1233,247.6,269.1,5.92,-0.0203,0.2702,1
0.7882,0.6003,0.8399,4,0.0083,55.3,223.0,2.76,0.0239,0.9093,0
0.7477,0.6507,0.9148,4,0.2016,48.1,120.9,2.23,0.0713,0.2276,0
0.487,0.487,0.5485,1,0.0335,160.8,160.8,5.36,-0.0078,0.1381,0
0.922,0.9139,0.9641,2,0.0425,39.7,65.2,4.18,0.2089,0.6856,1
0.9106,0.9106,0.7207,1,0.0598,237.8,237.8,4.64,-0.0316,0.4274,1
0.8694,0.8024,0.8564,5,0.0438,65.5,112.9,1.19,-0.0719,0.0923,0
0.811,0.6617,0.6169,3,0.0065,216.3,352.9,11.15,0.1226,0.4064,1
0.848,0.6787,0.8291,4,0.3775,258.4,307.0,0.4,0.2766,0.2442,1
0.8953,0.8953,0.8596,1,0.1179,197.2,197.2,1.61,0.1332,0.7045,1
0.8376,0.4976,0.7859,5,0.0939,145.1,232.5,1.55,0.1862,0.1215,0
0.9177,0.8717,0.9209,2,0.0065,89.4,92.5,1.86,0.2595,0.024,1
0.7922,0.7055,0.8216,4,0.1236,107.6,138.2,2.46,0.1417,0.146,0
0.8566,0.8566,0.9001,1,0.0407,145.2,145.2,8.25,0.209,0.2067,1
0.8997,0.8714,1.0,5,0.2559,115.9,245.1,3.82,0.2126,0.5008,1
0.8157,0.7868,0.8356,2,0.0073,28.1,77.4,8.16,0.1413,0.6928,1
0.8877,0.8877,0.8602,1,0.3289,26.9,26.9,8.38,0.257,0.1635,1
0.8879,0.7499,0.9054,4,0.0271,230.2,307.4,3.12,-0.0489,0.3098,0
0.9093,0.7657,0.9531,4,0.7891,282.9,447.4,6.54,0.0758,0.6156,1
0.6471,0.6471,0.6202,1,0.4574,214.4,214.4,1.92,0.0178,0.2813,0
0.76,0.6682,0.7287,2,0.0468,270.4,440.6,4.6,0.0583,0.376,1
0.608,0.608,0.6697,1,0.2517,104.4,104.4,1.98,-0.0636,0.1966,0
0.8164,0.6781,0.8806,2,0.1382,160.8,239.3,2.08,0.0108,0.1543,0
0.7955,0.7501,0.6972,3,0.1481,43.4,152.9,1.64,0.1255,0.6689,0
0.9156,0.838,0.9119,5,0.0469,271.8,301.8,1.31,0.2881,0.2301,0
0.7808,0.56,0.7677,5,0.0737,70.1,169.2,5.49,-0.024,0.6699,0
0.7368,0.7339,0.8375,2,0.2311,247.3,294.5,1.38,-0.1677,0.0863,0
0.7613,0.5951,0.6254,3,0.03,36.8,106.4,2.44,0.074,0.7395,0
0.6416,0.5248,0.7457,2,0.314,30.1,76.8,5.32,0.2085,0.2723,0
0.9332,0.8626,0.9706,5,0.5441,219.8,244.5,8.91,0.0235,0.4114,1
0.8605,0.7929,0.9087,4,0.2574,273.2,319.4,7.78,0.263,0.1841,0
0.8592,0.8339,0.9186,3,0.227,145.3,256.3,1.26,-0.0053,0.8338,0
0.9251,0.9251,0.9427,1,0.0418,64.6,64.6,7.39,0.0619,0.2675,1
0.9091,0.8648,0.8856,3,0.0827,299.3,393.3,8.83,0.1862,0.4698,1
0.7571,0.7083,0.8501,3,0.4913,281.5,353.7,6.51,0.1444,0.232,0
0.8383,0.8383,0.8789,1,0.1185,143.8,143.8,1.52,0.2099,0.3004,1
0.772,0.6254,0.7794,3,0.1064,262.9,391.5,0.5,0.1677,0.4828,0
0.5347,0.5347,0.5513,1,0.0012,88.3,88.3,8.13,0.1497,0.278,0
0.8211,0.8211,0.8353,1,0.2369,101.6,101.6,2.35,0.3183,0.1007,0
0.8413,0.6686,0.8642,4,0.0016,231.6,388.6,2.74,0.1588,0.7512,0
0.9703,0.9703,0.928,1,0.1128,148.9,148.9,0.88,0.1918,0.2201,1
0.7217,0.7217,0.6443,1,0.2411,100.3,100.3,3.17,0.2499,0.0847,0
0.7858,0.6926,0.7192,5,0.0112,120.7,154.7,2.74,-0.0801,0.0519,0
0.7095,0.7095,0.7808,1,0.1458,210.1,210.1,1.24,-0.0684,0.6809,1
0.9122,0.824,0.9353,3,0.4841,303.2,304.3,3.58,0.0785,0.5456,1
0.7389,0.6108,0.6829,2,0.0298,226.9,284.3,4.07,0.1729,0.2547,1
0.8082,0.6344,0.7616,3,0.6181,308.9,427.0,5.61,0.2125,0.361,0
0.8059,0.6618,0.7499,5,0.0044,150.7,199.5,2.08,0.0802,0.4608,0
0.9186,0.9186,0.9641,1,0.3821,244.0,244.0,3.31,0.1136,0.1679,1
0.8433,0.5893,0.8578,5,0.0791,216.0,286.4,2.63,0.0434,0.0702,0
0.7826,0.5593,0.781,4,0.0065,86.3,101.0,2.68,0.0781,0.5436,0
0.777,0.536,0.7765,3,0.491,163.4,176.4,2.46,-0.0805,0.3806,0
0.8596,0.7962,0.7934,3,0.0357,79.5,187.2,1.25,0.114,0.5253,0
0.8963,0.8344,0.9657,4,0.031,226.4,341.1,8.14,0.0952,0.4046,1
0.6206,0.6206,0.6915,1,0.032,177.4,177.4,0.11,0.2759,0.2605,1
0.7158,0.708,0.7828,2,0.3058,288.6,311.1,1.36,0.0717,0.5231,0
0.7654,0.5185,0.8076,5,0.0019,142.8,218.8,3.97,0.1574,0.0181,0
0.8392,0.7726,0.8941,5,0.1302,50.8,155.4,0.87,-0.0337,0.5562,0
0.7298,0.6114,0.6902,3,0.0033,142.3,216.9,4.96,0.0995,0.1524,0
0.7427,0.5935,0.7367,4,0.172,36.5,197.5,6.72,0.0996,0.5344,0
0.8121,0.6229,0.8027,5,0.048,257.4,288.0,4.84,0.107,0.4733,0
0.7849,0.4544,0.7995,4,0.1922,290.0,341.3,3.54,0.2113,0.3149,0
0.8,0.6074,0.7556,4,0.0331,81.6,100.0,6.85,0.017,0.2133,0
0.8098,0.7532,0.731,4,0.094,201.9,247.2,2.03,0.272,0.466,1
0.829,0.7787,0.8217,3,0.0032,220.1,345.5,2.37,0.0369,0.1249,1
0.9404,0.9404,0.9348,1,0.0386,36.8,36.8,0.96,0.2095,0.4881,1
0.9355,0.9355,1.0,1,0.1517,306.3,306.3,1.32,0.1213,0.8144,1
0.8566,0.8006,0.831,4,0.236,279.4,444.8,6.01,-0.012,0.7621,0
0.8308,0.7361,0.8089,2,0.0079,15.5,57.4,7.12,0.1034,0.0793,1
0.8667,0.8176,1.0,3,0.0157,157.5,239.1,0.24,0.1737,0.007,0
0.45,0.45,0.5345,1,0.0657,271.3,271.3,2.97,0.0514,0.3962,0
0.8656,0.8042,0.801,3,0.1951,246.6,263.2,1.17,-0.0452,0.5419,0
0.7844,0.6396,0.721,2,0.0626,58.9,190.0,0.57,0.185,0.5057,0
0.8247,0.7145,0.8198,5,0.0701,18.5,40.7,1.53,0.1743,0.5327,0
0.7763,0.5676,0.8309,3,0.4187,224.4,388.5,3.83,0.0484,0.109,0
0.8407,0.8375,0.8391,2,0.0414,164.9,217.4,2.01,0.0929,0.1434,1
0.9288,0.9288,0.9701,1,0.1261,81.6,81.6,3.72,0.0003,0.221,1
0.9006,0.8174,0.8429,3,0.0238,58.9,80.4,1.82,0.0227,0.2906,1
0.7707,0.7707,0.7538,1,0.2923,164.3,164.3,4.59,0.19,0.3607,1
0.9289,0.9032,0.9524,4,0.0361,188.5,189.9,4.05,0.2187,0.0155,1
0.8243,0.8243,0.848,1,0.003,242.6,242.6,3.36,0.2973,0.3876,0
0.8255,0.7374,0.7614,4,0.0419,131.9,213.6,3.51,0.0958,0.1042,0
0.8909,0.8909,0.9607,1,0.1829,298.6,298.6,3.43,0.1541,0.277,0
0.5139,0.5139,0.5586,1,0.2211,55.2,55.2,2.62,-0.0643,0.3382,0
0.8561,0.8561,0.8193,1,0.0081,41.9,41.9,14.0,0.1068,0.2958,1
0.7604,0.6693,0.7908,4,0.2813,104.5,252.0,0.93,-0.004,0.5476,0
0.862,0.6895,0.8363,5,0.7135,79.1,81.9,4.54,0.219,0.0078,1
0.8838,0.8144,0.9225,2,0.0855,308.3,461.9,2.8,0.1117,0.1299,0
0.8998,0.8022,0.8654,5,0.2307,199.5,216.5,1.29,0.2133,0.0422,0
0.874,0.8115,0.8953,5,0.0019,74.2,166.5,1.1,0.16,0.2399,0
0.8225,0.723,0.6981,5,0.1581,43.5,93.7,3.37,0.2135,0.2063,0
0.8227,0.684,0.7799,3,0.0352,30.6,57.5,5.05,0.1243,0.7209,1
0.8374,0.6991,0.9253,3,0.23,114.2,212.5,1.51,0.0736,0.0259,0
0.7443,0.7443,0.7314,1,0.2896,186.4,186.4,3.12,0.0981,0.0654,0
0.8964,0.8539,0.9231,4,0.4037,72.5,209.7,4.28,0.2359,0.0872,1
0.6419,0.6419,0.654,1,0.3646,129.8,129.8,3.71,0.3644,0.0538,0
0.678,0.5931,0.737,3,0.0165,265.9,306.2,6.33,0.1035,0.5182,0
0.7115,0.5913,0.697,2,0.5398,99.6,129.6,3.2,0.1276,0.1274,1
0.9791,0.9791,0.8916,1,0.0429,254.3,254.3,7.06,0.1074,0.172,1
0.9013,0.7924,0.8346,5,0.0352,164.9,176.4,2.89,0.0089,0.377,0
0.723,0.561,0.719,3,0.0464,293.6,447.8,1.11,-0.0515,0.0068,0
0.7659,0.5872,0.6358,2,0.0556,134.6,254.0,1.71,0.226,0.2034,0
0.7823,0.7823,0.8537,1,0.0362,133.4,133.4,2.97,0.1831,0.5738,1
0.8211,0.7087,0.8762,5,0.1246,48.1,72.5,1.17,0.0698,0.4373,0
0.9218,0.8632,1.0,3,0.1134,51.9,214.6,2.53,0.1023,0.7524,1
0.8708,0.8531,0.8194,3,0.1675,226.5,327.8,4.31,0.0108,0.2772,1
0.921,0.8746,0.876,3,0.0922,173.2,227.9,1.97,0.0411,0.225,1
0.8333,0.8333,0.855,1,0.0693,233.0,233.0,6.25,0.0649,0.5717,1
0.8802,0.8802,0.9063,1,0.0145,78.0,78.0,1.93,-0.0786,0.2102,0
0.7955,0.687,0.826,2,0.0184,307.7,333.2,2.57,0.0091,0.2738,0
0.8781,0.8479,0.943,3,0.0225,311.9,449.8,9.59,0.043,0.1528,0
0.8143,0.6818,0.7411,3,0.0722,72.9,137.5,4.79,0.0082,0.3563,0
0.8889,0.8889,0.8614,1,0.0258,136.2,136.2,0.78,0.0439,0.3852,1
0.9086,0.9086,0.8557,1,0.1958,77.5,77.5,3.3,0.3278,0.0898,0
0.9332,0.8869,0.9756,4,0.0984,273.0,355.5,1.63,0.0382,0.0439,0
0.7738,0.4888,0.6868,3,0.3441,156.3,201.9,6.16,0.143,0.0214,0
0.8542,0.5605,0.8332,5,0.7103,204.7,243.9,6.24,0.1465,0.0622,0
0.8128,0.6879,0.7545,3,0.1771,131.6,172.7,1.46,0.0426,0.1916,0
0.922,0.922,0.9353,1,0.2198,75.1,75.1,6.75,0.097,0.1587,1
0.8908,0.8388,0.9874,2,0.1498,312.5,347.1,4.95,0.0901,0.0376,1
0.832,0.7318,0.8851,2,0.1212,305.1,410.1,3.5,0.1659,0.3431,1
0.689,0.4581,0.6608,5,0.0042,142.0,298.4,2.95,-0.0244,0.006,0
0.7141,0.6,0.6965,2,0.2926,219.6,330.0,8.76,0.1469,0.4972,0
0.783,0.6269,0.8002,2,0.0917,214.4,394.2,9.03,0.2619,0.2059,0
0.7469,0.5546,0.6714,3,0.4539,76.2,132.3,4.46,0.0161,0.187,0
0.681,0.5394,0.7094,3,0.1153,110.8,164.0,0.85,0.2077,0.7763,0
0.8353,0.7555,0.78,2,0.1038,47.0,186.6,3.08,0.0685,0.684,1
0.7922,0.7922,0.8876,1,0.3095,71.7,71.7,8.23,0.223,0.0695,1
0.789,0.789,0.839,1,0.0044,184.7,184.7,6.05,-0.003,0.499,1
0.8959,0.8321,0.8856,2,0.2478,308.0,434.6,1.27,0.2224,0.3055,0
0.9686,0.9686,0.882,1,0.4552,44.0,44.0,8.88,0.0981,0.3108,1
0.8532,0.7039,0.8151,4,0.3272,121.3,248.9,3.24,0.116,0.2745,0
0.7286,0.6353,0.6593,5,0.1895,82.6,211.6,4.16,0.0009,0.3784,0
0.8618,0.7659,0.9498,5,0.268,188.6,214.8,4.0,0.1582,0.5578,1
0.8742,0.8309,0.8281,3,0.6184,168.9,275.7,2.18,0.0546,0.2255,0
0.7977,0.6448,0.9274,3,0.0866,80.1,254.0,1.24,0.0402,0.1213,0
0.8851,0.7335,0.7402,4,0.3648,64.7,71.9,2.34,0.0403,0.3924,0
0.9505,0.936,1.0,2,0.1152,226.3,279.3,6.14,0.244,0.5209,1
0.78,0.6907,0.8646,5,0.213,63.6,171.3,1.7,0.1023,0.5933,1
0.8912,0.8412,0.9863,5,0.018,170.6,281.9,2.03,0.1389,0.0251,0
0.8787,0.8651,0.8728,2,0.1457,288.4,366.2,4.92,-0.0154,0.4023,1
0.9147,0.822,0.8736,5,0.1094,241.9,327.9,1.09,0.2888,0.196,0
0.8237,0.7048,0.885,4,0.3909,212.7,326.5,3.7,0.3255,0.1997,1
0.9291,0.8937,0.9263,2,0.1577,263.6,407.0,1.92,0.2545,0.2367,0
0.7022,0.5437,0.7733,3,0.0262,73.5,138.7,6.02,0.2183,0.1638,0
0.7888,0.7225,0.7257,4,0.0477,181.0,350.9,1.7,0.1403,0.1666,0
0.8372,0.761,0.8382,3,0.3757,94.4,242.1,1.81,-0.0627,0.0441,1
0.9093,0.9093,0.8975,1,0.0421,108.7,108.7,3.53,-0.0246,0.0787,1
0.8001,0.557,0.8455,5,1.0,268.4,320.1,2.88,0.003,0.436,0
0.8619,0.8619,0.8115,1,0.0404,87.8,87.8,1.34,0.1043,0.3414,1
0.9154,0.9154,1.0,1,0.1223,88.5,88.5,5.0,0.2261,0.0668,1
0.7628,0.7048,0.759,3,0.1625,216.1,309.6,4.93,0.1237,0.3358,0
0.6971,0.5448,0.7168,5,0.5467,310.2,399.0,2.9,0.2806,0.2381,0
0.8528,0.8147,0.8622,3,0.0162,225.8,358.2,3.23,-0.0337,0.1785,0
0.9005,0.8491,0.883,3,0.2359,96.7,127.8,9.32,0.0301,0.1106,0
0.7707,0.686,0.7988,4,0.0277,259.1,411.1,4.0,0.1279,0.4658,0
0.8383,0.7246,0.9245,3,0.4018,36.2,38.7,4.35,0.2961,0.5383,0
0.9447,0.9447,0.8894,1,0.0952,182.3,182.3,5.63,0.1525,0.3149,0
0.8801,0.6776,0.8484,4,0.3736,173.1,335.0,1.69,0.3514,0.4581,0
0.8627,0.8291,0.9139,2,0.1491,129.7,297.1,4.71,0.2902,0.3949,0
0.8434,0.7213,0.9231,5,0.0021,15.5,138.4,3.5,-0.2032,0.1258,1
0.7215,0.7142,0.6864,2,0.2115,182.3,272.2,0.21,0.1141,0.0739,1
0.9459,0.9459,0.8757,1,0.0263,110.9,110.9,3.72,0.1177,0.0039,1
0.8756,0.8756,0.8256,1,0.5424,159.9,159.9,0.61,0.1012,0.2028,1
0.867,0.867,0.8911,1,0.2436,152.7,152.7,2.16,0.0578,0.4826,1
0.9082,0.8236,0.8556,4,0.0319,133.2,259.4,2.02,0.1212,0.1361,0
0.8045,0.8045,0.7602,1,0.1288,112.0,112.0,3.19,0.2364,0.224,0
0.8078,0.636,0.7213,5,0.0897,240.4,312.6,3.24,0.3185,0.1,0
0.9058,0.8879,0.9036,2,0.2429,96.5,163.8,4.93,0.0815,0.2193,1
0.7992,0.691,0.8257,4,0.049,50.9,63.2,2.87,0.1741,0.2239,0
0.8582,0.7217,0.9333,5,0.0282,44.4,179.4,6.08,0.0414,0.288,1
0.8725,0.6874,0.953,4,0.0026,297.7,463.3,4.94,0.073,0.6809,0
0.7255,0.6193,0.7037,2,0.5167,151.0,151.9,1.94,0.2103,0.6492,1
0.8549,0.7513,0.8333,3,0.2138,37.7,191.5,1.23,-0.0493,0.6285,1
0.8387,0.8387,0.9691,1,0.1035,239.9,239.9,1.33,0.2486,0.5128,1
0.9073,0.9073,0.8434,1,0.0372,293.1,293.1,10.6,0.0185,0.3354,1
0.7822,0.6297,0.7536,5,0.1364,67.5,211.3,0.43,0.1242,0.0923,0
0.8727,0.8035,0.8515,2,0.0032,30.0,78.6,4.5,0.1225,0.2069,1
0.8165,0.7135,0.7971,2,0.238,118.7,217.7,4.46,0.0959,0.6784,0
0.7534,0.697,0.7162,2,0.0398,155.9,332.6,7.32,0.1902,0.1779,0
0.7582,0.6779,0.6595,3,0.1852,220.3,301.3,4.45,0.309,0.2703,0
0.9618,0.9421,0.9014,3,0.1647,290.5,322.8,2.61,0.2546,0.3173,1
0.9092,0.8957,0.8918,2,0.1384,216.3,395.9,4.08,0.3642,0.1009,1
0.7664,0.5632,0.6577,2,0.1249,52.4,192.8,8.72,0.2727,0.2591,1
0.757,0.6597,0.7107,2,0.1762,119.6,212.3,0.84,0.1084,0.0642,0
0.761,0.6492,0.8474,2,0.0134,287.8,332.8,3.7,0.0853,0.2724,1
0.9714,0.9697,0.9555,2,0.2919,230.1,320.5,6.21,0.2816,0.167,1
0.8271,0.6663,0.9565,4,0.1353,160.1,325.0,1.2,0.2436,0.6757,0
0.8709,0.7515,0.9,3,0.1968,157.2,186.4,0.76,-0.0366,0.5414,1
0.8928,0.8928,0.814,1,0.4091,261.0,261.0,3.03,0.1154,0.5471,0
0.8567,0.7784,0.9062,3,0.4436,262.8,408.0,0.96,0.125,0.5882,1
0.7811,0.7811,0.8863,1,0.1873,188.3,188.3,5.64,0.0452,0.098,1
0.7894,0.7309,0.8001,2,0.1445,114.5,117.5,6.73,0.1967,0.5636,1
0.8207,0.7613,0.729,5,0.4048,158.8,318.9,3.23,-0.0919,0.055,0
0.9574,0.9574,0.914,1,0.2301,249.0,249.0,2.69,0.2081,0.7206,1
0.8726,0.7535,0.729,4,0.326,51.3,161.2,6.66,0.35,0.5597,0
0.8378,0.7655,0.7625,2,0.2315,132.6,168.8,4.46,-0.0055,0.403,1
0.8785,0.7455,0.9361,4,0.0731,76.2,136.9,1.06,0.1057,0.2202,0
0.9365,0.9346,0.9049,2,0.185,316.4,492.0,1.89,0.1712,0.6333,1
0.8057,0.6794,0.8112,4,0.4199,58.4,200.5,6.44,0.1901,0.308,1
0.8478,0.6782,0.8596,3,0.0001,20.1,88.0,4.06,0.0851,0.0505,0
0.868,0.8113,0.8777,4,0.1886,233.7,307.4,2.92,0.336,0.2611,1
0.8043,0.8043,0.7719,1,0.3415,39.4,39.4,2.66,0.3212,0.756,1
0.8055,0.45,0.7183,4,0.133,31.1,164.6,9.84,-0.0624,0.1625,0
0.719,0.6313,0.859,5,0.0707,16.8,23.4,2.55,0.2405,0.1753,0
0.9145,0.9145,0.9068,1,0.0882,129.9,129.9,1.36,0.1354,0.3772,1
0.8185,0.8185,0.7483,1,0.2171,186.2,186.2,7.99,0.3161,0.5925,0
0.8262,0.6926,0.9043,4,0.0475,198.5,275.3,4.7,-0.0708,0.3393,0
0.8099,0.7903,0.8773,2,0.1913,277.7,408.3,5.3,0.1638,0.6506,0
0.8644,0.8053,0.8961,4,0.0069,50.8,70.6,1.16,0.2005,0.1226,1
0.8608,0.8608,0.9053,1,0.2532,100.9,100.9,3.68,0.0451,0.2098,1
0.7894,0.5852,0.7961,5,0.4188,202.6,233.5,5.91,0.2419,0.059,0
0.9114,0.9114,0.8939,1,0.2771,270.5,270.5,1.19,0.0329,0.6023,1
0.8507,0.759,0.8447,2,0.1467,111.7,281.1,9.35,0.124,0.111,1
0.9194,0.9054,0.9501,3,0.0542,232.3,266.6,1.44,0.2613,0.3921,1
0.8771,0.7084,0.8508,4,0.0927,123.7,220.0,3.3,0.2364,0.2266,1
0.8703,0.6161,0.7919,5,0.0978,93.6,94.9,6.4,0.1568,0.1435,0
0.7997,0.7997,0.8548,1,0.2266,158.3,158.3,4.17,0.1266,0.2104,1
0.8615,0.6938,0.784,5,0.0232,276.6,353.3,1.85,0.303,0.6899,0
0.8003,0.7673,0.8035,4,0.2795,243.2,294.2,3.18,-0.0326,0.3513,0
0.8621,0.7723,0.8747,4,0.0801,94.6,118.1,0.47,0.107,0.0986,0
0.8956,0.8841,0.8859,2,0.174,18.1,83.7,5.6,0.2229,0.5321,1
0.7787,0.45,0.8425,5,0.0738,115.9,156.0,2.92,-0.0354,0.3169,0
0.45,0.45,0.5066,1,0.0931,156.5,156.5,1.49,0.0812,0.3537,0
0.9275,0.9275,0.9616,1,0.0385,165.6,165.6,3.64,0.1172,0.4872,1
0.9211,0.8774,0.9153,3,0.0498,27.5,136.7,0.73,0.2334,0.4083,1
0.7933,0.7368,0.8655,5,0.2253,60.0,120.9,0.93,0.1169,0.6415,1
0.7363,0.5603,0.8073,4,0.3744,103.6,247.6,3.74,0.1913,0.5063,0
0.9044,0.9044,0.8433,1,0.0823,258.1,258.1,6.65,0.2445,0.8693,1
0.7903,0.6465,0.8217,5,0.0608,183.9,261.8,2.94,0.174,0.3361,0
0.822,0.7483,0.7924,4,0.7035,156.2,329.2,7.41,-0.0738,0.0667,1
0.8908,0.782,0.9042,3,0.1518,222.7,381.6,9.3,0.0614,0.318,1
0.8106,0.6751,0.8217,3,0.0533,99.8,192.0,1.32,-0.0343,0.2006,0
0.7413,0.6013,0.7428,3,0.1311,264.5,333.7,1.27,0.0144,0.0854,0
0.8308,0.6221,0.8361,3,0.0649,315.5,342.0,7.27,0.0478,0.61,1
0.7574,0.6789,0.8709,3,0.052,75.1,162.8,3.85,0.1169,0.1669,0
0.8717,0.8188,0.8186,2,0.0443,33.5,64.6,1.08,0.1034,0.5711,0
0.6853,0.4712,0.6492,5,0.4222,226.7,260.8,13.22,0.0097,0.1312,0
0.8579,0.6967,0.8761,3,0.2253,311.7,397.7,2.04,0.1899,0.2434,0
0.7603,0.5769,0.75,4,0.1657,164.7,272.7,0.65,0.0681,0.0349,0
0.8797,0.8117,0.8832,5,0.0724,145.0,282.6,5.24,0.269,0.2136,0
0.8578,0.8578,0.794,1,0.0275,100.4,100.4,7.79,-0.0028,0.3051,1
0.8248,0.7024,0.7346,4,0.0184,181.9,335.7,3.24,0.1147,0.2668,1
0.873,0.7348,0.8992,4,0.2215,61.8,140.3,4.21,0.1363,0.6849,1
0.8499,0.6846,0.878,5,0.33,62.7,63.9,2.04,0.2678,0.2672,0
0.8382,0.7665,0.8892,3,0.1145,115.2,208.1,0.38,0.0696,0.3615,1
0.9089,0.8273,0.8434,2,0.0713,179.7,306.0,3.26,-0.0084,0.6318,0
0.7816,0.7511,0.6926,2,0.2544,151.1,232.6,1.71,0.16,0.4263,0
0.8506,0.7099,0.8122,5,0.2501,39.7,50.1,3.11,0.2345,0.1413,1
0.9229,0.8913,0.9182,2,0.0973,154.2,229.1,3.5,-0.0778,0.5272,0
0.9108,0.863,0.9081,4,0.2179,182.1,334.0,7.3,-0.0202,0.0383,0
0.8274,0.7654,0.7714,3,0.0178,313.6,483.5,0.58,0.0412,0.3268,0
0.8519,0.8519,0.8204,1,0.4098,257.3,257.3,3.43,0.0888,0.4391,1
0.842,0.7546,1.0,3,0.6026,181.7,337.8,3.67,0.1323,0.0062,1
0.7219,0.45,0.689,3,0.0223,163.7,244.7,4.13,0.136,0.3942,0
0.7505,0.5599,0.6501,5,0.1647,167.8,291.7,2.31,0.1306,0.3097,0
0.6975,0.5958,0.6816,2,0.1315,53.6,148.4,1.64,0.2646,0.697,1
0.8473,0.7737,0.8274,4,0.159,92.9,117.4,1.96,-0.004,0.6441,0
0.8817,0.8478,0.9026,5,0.0999,158.9,162.3,1.91,-0.1302,0.4678,1
0.8546,0.8242,0.9227,2,0.7045,106.2,191.7,3.79,0.1396,0.2083,1
0.8708,0.7127,0.9044,3,0.0454,247.9,278.0,0.56,0.1979,0.3177,0
0.8757,0.8549,0.89,3,0.2697,182.4,301.3,11.35,-0.0237,0.3338,1
0.8376,0.8376,0.8144,1,0.0814,117.1,117.1,8.32,0.2462,0.1484,1
0.8315,0.7762,0.8879,2,0.1712,43.0,123.8,1.16,0.2614,0.3279,1
0.7962,0.7167,0.8439,4,0.176,64.8,84.0,9.99,0.2267,0.2039,1
0.9133,0.8806,0.9239,3,0.0332,116.3,157.0,2.66,0.1075,0.1537,1
0.8734,0.804,0.8887,3,0.3387,171.6,252.3,4.54,0.0219,0.0713,1
0.8957,0.8719,0.9364,3,0.146,36.4,98.4,1.67,0.0024,0.1738,1
0.8794,0.6565,0.9103,4,0.0442,26.3,44.2,1.23,0.1785,0.2754,0
0.8306,0.6583,0.9062,5,0.2447,92.3,173.8,1.47,-0.1259,0.0244,0
0.7623,0.6481,0.7546,2,0.1063,250.4,333.5,7.87,0.0376,0.0353,0
0.8882,0.87,0.9064,2,0.2368,29.6,122.4,3.47,0.0877,0.5368,1
0.7578,0.5809,0.8901,5,0.2327,264.2,430.3,3.43,0.2344,0.2546,0
0.8013,0.5214,0.8953,5,0.2512,174.0,204.7,13.66,0.0821,0.3922,1
0.58,0.58,0.553,1,0.1226,185.1,185.1,2.96,0.4698,0.011,0
0.7868,0.7575,0.8377,3,0.0284,279.0,442.5,3.17,0.219,0.287,0
0.9234,0.9234,0.868,1,0.2339,41.5,41.5,3.19,0.0126,0.2621,1
0.8567,0.7451,0.8449,2,0.0866,20.4,80.7,2.29,0.0237,0.9068,0
0.9069,0.9057,0.9605,2,0.1148,299.0,336.3,7.31,0.0472,0.2065,1
0.8529,0.7576,0.7237,4,0.0829,123.5,206.8,2.19,0.0837,0.185,0
0.6692,0.6692,0.6472,1,0.0116,167.3,167.3,2.44,-0.0014,0.1898,0
0.7599,0.6448,0.8021,2,0.3005,170.4,216.2,4.3,-0.1075,0.1793,0
0.835,0.8044,0.8739,2,0.0953,96.5,161.4,1.17,0.1909,0.0888,0
0.8168,0.7891,0.7882,2,0.0581,65.8,225.4,8.6,0.2082,0.036,1
0.8341,0.6586,0.9197,5,0.1305,135.8,193.5,5.39,0.0411,0.0628,1
0.6974,0.5274,0.6588,2,0.0628,277.4,430.4,4.76,0.1688,0.0884,0
0.7257,0.7257,0.783,1,0.5444,63.2,63.2,2.41,0.1034,0.5199,1
0.7768,0.7768,0.7471,1,0.2591,27.6,27.6,3.02,0.2421,0.2185,1
0.8906,0.8416,0.9593,4,0.1118,260.1,351.6,6.22,-0.0282,0.3564,1
0.6976,0.6976,0.6567,1,0.0909,34.4,34.4,4.01,0.2864,0.4059,1
0.7184,0.6033,0.6415,3,0.2233,215.6,266.6,8.04,0.0137,0.7876,0
0.7155,0.5032,0.705,4,0.147,91.3,255.2,1.65,0.1248,0.1174,0
0.9575,0.9575,1.0,1,0.1714,244.9,244.9,1.83,-0.0333,0.1821,0
0.8784,0.7679,0.8669,4,0.0079,203.9,356.4,3.05,0.1265,0.1879,0
0.8441,0.7065,0.8061,5,0.0812,23.4,93.7,7.59,0.262,0.1389,1
0.7043,0.7008,0.74,2,1.0,139.5,242.7,0.93,-0.0151,0.5491,0
0.9057,0.9057,0.9098,1,0.058,201.0,201.0,2.2,0.2182,0.7543,0
0.8417,0.7231,0.9351,5,0.0541,216.1,238.1,3.1,0.1786,0.8102,0
0.8852,0.8403,0.9158,3,0.2185,299.2,384.5,2.61,0.2585,0.337,1
0.6895,0.6274,0.5683,3,0.044,18.0,20.5,0.31,0.0083,0.346,0
0.9466,0.9466,0.9959,1,0.0887,82.6,82.6,10.27,0.0303,0.5821,1
0.8908,0.8229,0.8624,3,0.2111,157.7,262.4,3.12,0.0755,0.1218,0
0.8003,0.7863,0.8822,2,0.1997,85.4,106.9,2.81,0.0859,0.7356,0
0.8652,0.7746,0.8035,5,0.3047,220.6,336.9,7.55,0.204,0.61,0
0.45,0.45,0.4,1,0.0998,53.6,53.6,4.08,0.3625,0.7427,0
0.883,0.7377,0.8142,5,0.109,119.9,236.2,5.92,0.1784,0.6912,0
0.8196,0.8196,0.8374,1,0.1577,74.5,74.5,4.95,0.1068,0.5922,1
0.9279,0.8485,1.0,5,0.6938,280.9,344.8,3.32,0.1407,0.4308,0
0.6706,0.5932,0.8003,2,0.0517,144.9,263.3,2.33,0.0997,0.5861,0
0.8191,0.4893,0.8397,5,0.0291,70.9,240.2,3.25,0.2597,0.7493,0
0.8531,0.8013,0.8505,3,0.024,288.1,356.1,3.76,0.0748,0.4625,0
0.7439,0.4764,0.5816,4,0.066,25.5,159.0,3.58,0.1883,0.3054,0
0.6867,0.6867,0.7253,1,0.1705,78.9,78.9,7.04,0.0797,0.577,0
0.7363,0.6937,0.7861,3,0.0041,120.4,132.1,2.88,0.1306,0.3768,1
0.8866,0.8267,0.949,5,0.9246,18.9,198.0,3.34,0.0156,0.5259,1
0.8686,0.7255,0.8691,3,0.4012,270.9,399.6,1.43,0.0036,0.338,0
0.7592,0.7592,0.7073,1,0.0453,287.9,287.9,1.11,0.2027,0.4684,0
0.8125,0.6196,0.8099,5,0.2078,284.4,348.9,3.19,0.1818,0.5245,1
0.711,0.5351,0.7188,5,0.0341,64.0,137.6,3.33,-0.0155,0.2933,0
0.7653,0.624,0.8257,5,0.1894,291.3,436.1,2.37,0.1693,0.5759,0
0.8605,0.7498,0.8808,5,0.2908,15.2,163.8,1.31,0.2075,0.2075,1
0.7348,0.6415,0.7558,4,0.2798,235.3,414.7,1.92,0.1002,0.2009,0
0.8895,0.7957,0.8528,4,0.1503,113.3,206.3,1.93,-0.0924,0.0542,0
0.8904,0.8372,0.8598,2,0.1668,266.6,427.0,14.0,-0.082,0.3042,1
0.7977,0.6587,0.7558,3,0.0681,94.4,144.6,1.22,0.0571,0.1979,0
0.9098,0.8736,0.9314,2,0.2558,302.3,310.2,2.82,0.0255,0.4229,0
0.6632,0.526,0.6131,2,0.2537,272.2,383.9,6.44,0.1609,0.4221,0
0.784,0.5028,0.8035,3,0.1101,189.9,327.1,3.28,0.3101,0.2289,1
0.7821,0.5562,0.803,5,0.1798,166.0,173.3,5.57,0.1271,0.3397,0
0.8779,0.8447,0.8007,3,0.1367,266.1,359.7,4.61,-0.1259,0.8441,1
0.8692,0.7725,0.8176,3,0.121,237.1,411.7,3.09,0.0072,0.2386,0
0.8885,0.8309,0.7805,5,0.0575,68.7,222.4,2.41,-0.1383,0.4392,1
0.8416,0.7057,0.7968,5,0.3102,207.4,244.1,2.91,-0.0393,0.2732,0
0.8231,0.7987,0.8131,3,0.0872,257.9,437.3,7.35,0.2042,0.3237,1
0.7119,0.7119,0.7354,1,0.1618,241.6,241.6,5.36,0.066,0.1314,1
0.7592,0.7592,0.7474,1,0.0409,110.9,110.9,4.27,0.3135,0.193,0
0.8035,0.602,0.7908,5,0.0101,233.0,331.3,2.59,0.0476,0.5821,1
0.8139,0.7218,0.8887,2,0.3946,53.2,89.5,8.64,-0.0655,0.3585,0
0.856,0.7181,0.7731,5,0.5111,137.4,181.1,6.87,0.0841,0.062,0
0.8788,0.6147,0.9023,5,0.1418,28.6,152.2,4.44,-0.1074,0.4324,1
0.7023,0.6817,0.6409,2,0.0747,181.2,338.0,1.14,0.2266,0.5667,0
0.8555,0.8101,0.9264,2,0.1162,115.9,189.3,3.76,0.2413,0.0064,0
0.8889,0.7936,0.7967,5,0.1974,78.4,255.5,4.32,0.164,0.1143,1
0.8711,0.7708,0.8892,4,0.1941,235.5,393.7,3.13,0.07,0.0958,0
0.8048,0.6577,0.8426,5,0.0912,135.3,262.4,7.49,0.0182,0.7163,1
0.8837,0.837,0.8359,3,0.4189,83.4,204.5,2.59,0.3024,0.3588,1
0.8445,0.8295,0.802,2,0.1034,233.3,325.0,1.57,0.2855,0.5048,1
0.7993,0.7376,0.8064,4,0.1254,97.3,272.7,1.32,0.2201,0.7247,1
0.9748,0.9748,1.0,1,0.0953,210.5,210.5,2.92,0.1264,0.9047,1
0.8073,0.7501,0.8491,2,0.0674,74.7,119.2,3.96,0.234,0.4275,1
0.8262,0.7857,0.9008,3,0.0104,51.7,59.3,2.94,0.0888,0.0595,0
0.7946,0.7124,0.6753,2,0.2141,40.8,86.3,2.94,0.1785,0.5586,1
0.7549,0.6822,0.7433,2,0.0752,245.0,402.0,3.04,0.1182,0.0557,0
0.8368,0.8368,0.8621,1,0.1804,311.8,311.8,4.77,0.3066,0.405,1
0.908,0.7775,0.9611,4,0.0237,230.3,295.6,7.24,0.1855,0.3974,0
0.7917,0.5482,0.7746,3,0.2397,198.7,369.3,0.92,0.1301,0.6145,0
0.7718,0.5574,0.804,3,0.1962,228.9,408.0,10.84,0.2968,0.736,1
0.8174,0.8071,0.9009,2,0.0821,317.3,322.0,2.82,-0.1235,0.1357,0
0.7025,0.4856,0.758,3,0.0785,36.6,147.1,2.96,0.2171,0.5737,1
0.7396,0.6106,0.7575,2,0.204,207.7,362.5,0.32,-0.0124,0.3691,0
0.9251,0.9132,0.93,2,0.1323,98.2,229.5,3.05,0.2159,0.802,1
0.9006,0.9006,0.8822,1,0.188,150.2,150.2,1.74,0.1923,0.1134,1
0.8563,0.7607,0.842,5,0.2245,148.7,304.6,1.6,0.1697,0.0322,0
0.8664,0.8664,0.7723,1,0.1504,125.1,125.1,3.89,0.1688,0.135,0
0.8391,0.8391,0.8061,1,0.8736,17.0,17.0,3.28,0.2909,0.1402,1
0.7949,0.5931,0.7247,5,0.3202,27.9,136.6,3.36,0.2562,0.1938,1
0.7477,0.7425,0.8089,2,0.0629,159.3,161.3,1.66,0.0159,0.1744,0
0.6702,0.45,0.6372,2,0.3689,180.7,331.4,2.17,0.1292,0.2584,0
0.8364,0.7388,0.8141,4,0.3407,29.6,132.6,5.45,0.0311,0.3894,1
0.7831,0.6411,0.7196,3,0.0639,213.5,216.6,5.97,-0.0672,0.1624,0
0.8346,0.8346,0.9312,1,0.3637,247.2,247.2,1.63,-0.0328,0.0689,1
0.9595,0.932,0.9532,2,0.0458,138.9,236.8,0.65,0.1226,0.0727,0
0.8657,0.8457,0.9331,3,0.142,211.9,242.7,8.08,0.2075,0.1194,1
0.7975,0.7183,0.7827,3,0.035,213.6,259.0,2.13,0.2497,0.0747,0
0.9116,0.8684,0.9013,2,0.0379,129.7,191.9,4.35,0.1764,0.5603,1
0.9044,0.859,0.9437,3,0.0985,142.8,269.9,3.0,0.0789,0.2764,0
0.7479,0.597,0.7472,2,0.1242,179.7,328.4,2.11,-0.0585,0.7697,1
0.8155,0.6961,0.7843,4,0.0551,284.7,307.2,1.47,0.0554,0.2758,0
0.7965,0.5579,0.848,4,0.1768,293.8,362.1,5.37,0.3281,0.1372,0
0.828,0.7834,0.7502,2,0.8424,38.9,81.9,9.85,-0.0452,0.0292,1
0.8802,0.8495,0.8904,4,0.0331,261.2,398.4,6.24,0.1903,0.6661,0
0.647,0.647,0.6454,1,0.0866,169.7,169.7,1.04,-0.0331,0.654,0
0.9196,0.8997,0.8951,3,0.2394,253.9,320.2,3.84,0.2499,0.1979,1
0.7686,0.7686,0.7058,1,0.5688,299.4,299.4,6.54,0.1815,0.1376,0
0.8818,0.8648,0.9232,2,0.3915,95.6,253.2,3.47,-0.0511,0.5944,1
0.927,0.9014,0.9115,2,0.3833,52.8,187.7,2.23,-0.1636,0.8845,1
0.8385,0.6987,0.7944,2,0.1737,317.1,392.5,2.3,0.0868,0.1355,0
0.8874,0.752,0.8514,3,0.3119,25.2,56.7,1.63,0.4308,0.4035,1
0.8429,0.7328,0.7932,5,0.3859,83.1,186.2,1.49,0.1149,0.5921,0
0.8897,0.8732,0.9241,2,0.2274,194.5,216.9,1.92,0.2626,0.3114,1
0.7973,0.5253,0.8994,3,0.0445,74.3,235.6,0.79,-0.0106,0.2149,0
0.8891,0.696,0.8837,4,0.7357,307.5,472.7,1.52,0.1587,0.1378,0
0.8517,0.7601,0.8044,3,0.3151,134.8,219.9,4.69,0.1329,0.1316,0
0.7727,0.6884,0.8874,3,0.3197,84.1,113.4,1.36,0.1081,0.231,0
0.8294,0.8294,0.8783,1,0.1848,29.6,29.6,2.97,0.121,0.0392,0
0.7729,0.7729,0.757,1,0.1295,140.6,140.6,0.61,0.3005,0.5284,0
0.8784,0.7699,0.8612,4,0.3429,295.4,316.0,1.36,0.0675,0.7338,0
0.6815,0.6815,0.7033,1,0.0515,94.5,94.5,3.97,0.1091,0.0918,0
0.8529,0.7581,0.8594,4,0.1138,28.4,166.6,3.19,0.2027,0.615,1
0.7441,0.527,0.7224,3,0.1207,34.8,109.3,1.97,0.2294,0.0659,0
0.7947,0.7309,0.6481,3,0.1859,203.8,209.8,0.73,0.176,0.1403,1
0.7891,0.7891,0.7943,1,0.3431,260.2,260.2,8.79,0.0285,0.4124,0
0.7925,0.5425,0.8732,5,0.6107,40.5,44.0,1.65,0.3244,0.2478,0
0.9059,0.786,0.8072,3,0.044,148.5,172.4,5.15,0.1331,0.3162,1
0.805,0.6908,0.811,4,0.0969,239.1,271.1,4.23,0.0042,0.4366,0
0.6708,0.669,0.7714,2,0.0872,248.8,390.4,4.69,-0.0388,0.3153,0
0.9273,0.8826,0.9117,4,0.0491,132.3,250.5,6.48,0.3311,0.1714,1
0.8024,0.8024,0.7799,1,0.0832,211.8,211.8,2.28,0.0258,0.6208,1
0.8512,0.7635,0.9241,3,0.0367,67.6,223.5,1.28,-0.1005,0.2784,0
0.8497,0.7054,0.8504,3,0.2751,51.5,222.9,1.95,0.2009,0.1628,0
0.8548,0.7389,0.8091,2,0.0399,296.5,401.8,0.86,0.1931,0.2445,0
0.7973,0.7973,0.7791,1,0.2061,17.8,17.8,1.53,0.1378,0.2117,1
0.8316,0.7711,0.8634,2,0.0326,20.8,74.9,4.25,0.1258,0.1535,1
0.8237,0.7006,0.7619,3,0.1004,100.1,220.4,5.44,0.024,0.0514,0
0.783,0.6725,0.7559,3,0.0159,85.7,127.9,2.27,0.2673,0.8133,0
0.8711,0.8711,0.9408,1,0.1253,87.6,87.6,2.19,-0.104,0.3909,1
0.8523,0.7502,0.8094,2,0.0609,62.3,220.5,0.45,0.1405,0.1354,0
0.829,0.6559,0.8488,4,0.2346,34.4,166.1,8.07,-0.0329,0.1014,0
0.6893,0.6353,0.7609,3,0.1578,159.1,287.1,3.42,0.0824,0.4882,0
0.8183,0.6191,0.7484,4,0.1102,238.7,287.1,5.39,0.1063,0.2417,0
0.9237,0.9237,0.8711,1,0.2659,192.5,192.5,3.43,0.2115,0.2858,1
0.8785,0.7796,0.8928,3,0.2883,198.9,309.7,1.78,0.0699,0.6219,0
0.9514,0.9514,1.0,1,0.0185,44.0,44.0,7.68,0.0585,0.2412,1
0.8684,0.8157,0.8113,3,0.0872,88.8,202.6,3.41,0.0895,0.2258,1
0.8191,0.7079,0.8139,4,0.3186,39.6,43.2,11.16,0.1575,0.2215,0
0.8935,0.8786,0.8905,3,0.1453,318.9,435.9,3.74,0.1313,0.1158,1
0.7616,0.45,0.7604,5,0.2074,282.1,397.7,2.5,0.3493,0.2714,0
0.7334,0.5487,0.6396,3,0.1542,294.9,369.6,1.65,0.1793,0.6659,0
0.8811,0.7069,0.9203,5,0.1076,120.9,160.5,6.84,0.3734,0.4206,1
0.8868,0.8494,0.9559,2,0.2357,20.8,198.3,3.16,0.316,0.7584,1
0.8846,0.8846,0.8771,1,0.0683,75.7,75.7,3.54,0.1259,0.5073,1
0.8574,0.7314,0.8375,4,0.1498,125.0,163.0,3.67,0.3357,0.7034,1
0.935,0.935,0.8725,1,0.0897,184.6,184.6,3.3,-0.0043,0.3605,1
0.8468,0.7882,0.8481,2,0.3649,142.0,308.5,3.57,0.2074,0.6609,1
0.902,0.8379,0.9471,2,0.2023,240.2,350.1,2.07,0.178,0.789,0
0.8478,0.7903,0.8488,2,0.4564,194.7,262.2,2.61,0.0099,0.5321,1
0.9698,0.9698,0.9577,1,0.0837,174.3,174.3,1.56,0.2422,0.0905,1
0.7,0.7,0.693,1,0.0146,188.7,188.7,2.8,0.0765,0.0979,0
0.846,0.7962,0.8191,4,0.0114,97.4,100.2,0.83,0.0737,0.5825,0
0.7891,0.6071,0.7904,5,0.1238,149.4,164.1,2.57,0.01,0.1599,0
0.8819,0.8668,0.8113,2,0.2268,278.4,312.6,4.86,0.0654,0.4763,0
0.9231,0.9231,0.9744,1,0.4306,280.4,280.4,3.95,-0.0934,0.0108,1
0.9286,0.9286,0.9733,1,0.1466,69.8,69.8,0.38,0.1771,0.3839,0
0.8029,0.7478,0.7661,2,0.1289,81.8,121.2,1.48,0.0954,0.4282,1
0.8574,0.8214,0.8415,3,0.0657,211.4,247.7,0.51,0.1454,0.1839,0
0.8554,0.7377,0.8912,5,0.1482,135.2,292.6,3.26,0.1356,0.74,0
0.9174,0.8519,0.942,5,0.08,176.2,270.5,3.05,0.3246,0.1546,1
0.9523,0.9498,0.9965,2,0.1181,61.9,85.3,1.4,-0.0741,0.4479,1
0.9126,0.8555,1.0,2,0.1534,88.8,236.4,4.83,0.1236,0.8039,1
0.7838,0.48,0.861,4,0.1966,67.1,74.6,0.32,0.1655,0.6631,0
0.9566,0.9566,0.8987,1,0.1004,24.7,24.7,2.26,-0.2601,0.9323,1
0.8199,0.6006,0.7206,3,0.1776,174.2,342.0,5.01,0.1459,0.008,0
0.897,0.897,0.8636,1,0.1643,248.5,248.5,6.49,0.158,0.3076,1
0.7798,0.5529,0.762,5,0.0769,143.8,187.9,2.34,-0.0803,0.0299,0
0.9908,0.9908,1.0,1,0.3894,281.2,281.2,0.76,0.16,0.3933,0
0.8885,0.8885,0.8421,1,0.047,225.2,225.2,3.45,0.1739,0.1256,0
0.8457,0.7232,0.835,4,0.2915,261.7,330.8,1.91,0.0234,0.4774,0
0.8866,0.8286,0.8488,5,0.0463,64.0,129.6,8.88,-0.0708,0.5442,1
0.9245,0.8538,0.8374,4,0.0741,295.7,376.6,1.67,0.1025,0.2494,0
0.5426,0.45,0.5022,2,0.0118,316.9,340.9,4.08,0.1122,0.1987,0
0.864,0.759,0.8314,3,0.2694,252.1,327.6,0.91,0.296,0.5928,1
0.7794,0.5773,0.9022,4,0.3173,161.3,311.7,2.73,0.0977,0.2733,0
0.8486,0.6843,0.9808,5,0.0134,275.5,362.2,0.72,-0.1211,0.2718,1
0.8319,0.6393,0.8918,5,0.7642,122.7,276.6,2.7,0.2404,0.4113,1
0.8785,0.7823,0.9058,3,0.0538,86.0,91.9,0.89,0.1563,0.0599,0
0.8075,0.8075,0.8583,1,0.0277,143.6,143.6,3.94,-0.0208,0.2896,0
0.9215,0.8766,0.8679,5,0.0002,171.1,207.3,1.72,-0.0155,0.2937,0
0.798,0.7093,0.799,5,0.8472,55.5,138.7,3.85,0.4442,0.2878,0
0.8844,0.7969,0.9329,5,0.1872,16.9,71.9,3.58,-0.0484,0.6979,1
0.9077,0.8898,0.9693,5,0.2615,193.9,298.4,5.17,0.2304,0.2253,1
0.8125,0.6784,0.8293,4,0.0942,218.5,379.5,2.48,0.0555,0.2159,0
0.8156,0.5766,0.9185,5,0.1872,189.0,355.9,5.55,0.1758,0.2148,0
0.7491,0.6416,0.8009,2,0.258,253.8,337.8,6.46,0.0027,0.308,0
0.9126,0.847,1.0,3,0.1297,162.5,315.8,3.43,0.1696,0.1415,1
0.8927,0.8142,0.8862,5,0.0561,300.3,352.2,0.91,0.0596,0.5685,0
0.8117,0.6284,0.8761,5,0.1807,205.8,377.3,3.62,0.173,0.7379,1
0.779,0.5906,0.7509,5,0.0768,194.4,357.2,5.44,-0.0538,0.1705,0
0.8338,0.7397,0.8884,5,0.4139,152.8,181.0,3.9,0.1173,0.7687,0
0.8959,0.7514,0.8996,4,0.0229,313.5,447.0,3.01,0.1497,0.612,0
0.8512,0.7403,0.741,3,0.2975,88.4,254.6,2.41,0.0942,0.0387,1
0.8122,0.512,0.8294,5,0.2369,263.3,336.8,2.79,0.2183,0.0942,0
0.8143,0.8143,0.7745,1,1.0,48.8,48.8,4.68,0.2341,0.2754,1
0.7261,0.7261,0.8129,1,0.0953,99.8,99.8,2.11,0.2966,0.3323,1
0.8608,0.8222,0.8081,2,0.083,319.8,418.7,4.32,0.0902,0.838,1
0.7247,0.5032,0.711,3,0.1514,208.6,347.1,9.71,0.2357,0.3359,0
0.8192,0.8192,0.8505,1,0.1569,151.2,151.2,3.67,0.1506,0.3401,1
0.8342,0.675,0.8493,5,0.2161,159.3,167.9,1.8,0.2744,0.1181,0
0.8554,0.6472,0.9106,4,0.0859,220.0,233.3,1.95,0.1663,0.0368,0
0.8902,0.8039,0.8538,3,0.0423,91.2,153.8,1.45,0.0974,0.3844,1
0.6186,0.6186,0.6293,1,0.1626,22.7,22.7,5.01,0.1522,0.6833,1
0.762,0.6116,0.6973,4,0.115,147.3,210.5,6.46,0.2435,0.0693,0
0.933,0.8791,0.9164,5,0.2125,165.2,286.9,3.88,0.1706,0.1357,1
0.9132,0.8449,0.9205,5,0.0684,64.9,118.2,1.93,0.2466,0.2129,0
0.7832,0.6742,0.7682,4,0.1365,116.0,123.4,3.56,0.0357,0.6378,0
0.8019,0.7257,0.8571,4,0.1346,165.3,276.2,2.15,0.1028,0.2948,0
0.8764,0.7981,0.9804,3,0.2674,23.9,161.4,1.21,0.2089,0.5686,1
0.8845,0.8285,0.8133,4,0.7028,301.1,396.6,3.58,0.2402,0.6391,1
0.8568,0.8385,0.8734,2,0.0154,207.9,226.6,2.62,0.0024,0.5822,0
0.8617,0.7829,0.9175,4,0.172,212.8,327.3,2.44,0.1732,0.1052,1
0.8474,0.6654,0.7884,5,0.182,305.5,465.9,1.59,0.3561,0.6121,0
0.8799,0.7935,0.889,5,0.0414,136.4,209.2,7.92,0.0346,0.5542,1
0.9031,0.9031,0.9132,1,0.049,248.4,248.4,4.08,0.208,0.0174,0
0.858,0.7683,0.8734,3,0.2225,216.6,376.6,4.24,-0.0157,0.2658,0
0.9135,0.8921,0.9877,2,0.0967,273.0,281.4,1.85,0.1644,0.1064,0
0.863,0.7056,0.7788,5,0.0392,193.9,350.2,2.45,0.0459,0.7669,0
0.8641,0.7987,0.8794,5,0.1929,239.4,316.3,1.85,0.0756,0.4371,0
0.65,0.45,0.6046,2,0.1639,67.0,238.3,4.04,-0.0078,0.1222,1
0.7818,0.6262,0.8244,5,0.2594,80.6,146.6,3.44,0.0486,0.0267,0
0.9198,0.8529,0.9076,4,0.0375,158.8,192.3,3.93,0.023,0.5868,1
0.8257,0.76,0.7864,4,0.6957,282.2,396.1,0.94,0.3754,0.0183,0
0.7969,0.4787,0.8445,4,0.4223,15.5,33.6,3.09,0.3264,0.7205,0
0.6102,0.6102,0.6866,1,0.0667,58.3,58.3,3.96,0.0152,0.164,0
0.8862,0.7539,0.918,3,0.0653,264.2,318.3,7.28,0.1532,0.0845,1
0.8358,0.7536,0.789,5,0.1222,98.8,196.7,3.31,-0.099,0.6513,0
0.7985,0.6668,0.7812,4,0.0164,145.4,317.7,4.36,0.1729,0.0514,0
0.8543,0.7735,0.8763,5,0.0281,100.4,273.7,0.56,0.0971,0.0957,1
0.917,0.8691,0.8379,2,0.2409,51.8,220.4,3.45,0.2602,0.0402,1
0.6491,0.6491,0.6279,1,0.1758,220.2,220.2,2.08,0.1299,0.0018,0
0.79,0.5957,0.8624,5,0.1714,235.6,311.0,1.88,0.0764,0.1116,0
0.7962,0.6264,0.8703,4,0.0794,76.0,133.4,4.83,0.1368,0.1143,0
0.9127,0.9127,0.9534,1,0.0005,81.1,81.1,2.02,-0.103,0.7698,0
0.8331,0.6778,0.8631,3,0.0875,195.6,231.9,2.95,0.0379,0.4438,1
0.9596,0.9596,1.0,1,0.1563,31.4,31.4,7.26,0.2042,0.4159,0
0.878,0.8436,0.8975,4,0.5072,218.2,292.2,1.59,0.1901,0.1319,0
0.8626,0.5656,0.8276,5,0.2593,80.3,234.0,4.09,0.3122,0.6117,1
0.7827,0.7526,0.8518,4,0.0832,292.4,320.2,2.36,0.0914,0.4929,0
0.7164,0.5041,0.6158,4,1.0,37.0,174.3,3.07,0.2183,0.9105,0
0.8834,0.8834,0.8168,1,0.1169,107.2,107.2,1.17,-0.076,0.2015,0
0.8612,0.7374,0.7744,3,0.0879,290.0,386.7,0.91,-0.124,0.5826,0
0.7397,0.5724,0.7926,2,0.1705,293.6,348.3,7.59,0.1302,0.2528,0
0.8736,0.7992,0.8562,3,0.021,316.6,360.1,4.99,0.0985,0.1128,0
0.8353,0.648,0.8262,5,0.0248,316.0,459.3,1.88,0.2881,0.0649,0
0.5979,0.5979,0.6176,1,0.1188,298.7,298.7,2.47,0.3084,0.3813,0
0.929,0.8998,0.9539,2,0.0286,161.2,282.1,5.59,0.1382,0.0631,0
0.8816,0.7566,0.8974,5,0.2765,247.8,329.5,10.1,0.0649,0.3279,1
0.8205,0.8205,0.8069,1,0.0949,121.3,121.3,2.33,0.0989,0.0434,0
0.9104,0.8387,0.8704,5,0.0158,66.5,239.7,1.98,0.0635,0.0933,1
0.8831,0.8831,0.8584,1,0.2481,148.4,148.4,2.43,0.13,0.1852,1
0.844,0.6865,0.9813,4,0.21,221.6,268.0,2.9,0.226,0.4969,1
0.8729,0.6867,1.0,5,0.1139,185.6,259.7,2.72,0.0097,0.2082,0
0.8494,0.8294,0.862,2,0.0112,115.3,124.0,0.19,0.2179,0.0386,1
0.7625,0.6208,0.7602,4,0.2986,138.5,156.7,5.67,0.2198,0.6765,1
0.799,0.5883,0.6857,4,0.1211,100.2,250.0,2.61,0.1418,0.3704,0
0.9266,0.87,0.8963,4,0.1769,102.1,200.8,1.68,0.1197,0.4585,0
0.6255,0.6255,0.5835,1,0.0728,73.2,73.2,1.53,0.2582,0.2686,0
0.8341,0.6727,0.8351,5,0.0961,248.6,282.2,2.98,0.0512,0.2751,0
0.9162,0.8064,0.9382,5,0.087,270.3,308.9,5.36,0.1833,0.6979,1
0.9064,0.888,0.9543,2,0.3021,19.9,77.0,2.03,0.1232,0.2543,1
0.819,0.819,0.8806,1,0.1634,206.0,206.0,1.82,0.0247,0.2835,0
0.6589,0.6579,0.6479,2,0.0341,240.7,345.1,5.41,0.2245,0.4036,0
0.7843,0.6863,0.841,3,0.0103,283.5,450.6,0.67,0.0512,0.2011,0
0.6852,0.5196,0.7688,4,0.0098,191.9,256.5,1.71,0.2437,0.1967,0
0.8043,0.664,0.8397,3,0.0485,301.8,350.0,3.04,-0.0636,0.0548,1
0.8705,0.7392,0.9758,5,0.3985,289.5,354.6,1.71,0.094,0.3564,0
0.8139,0.6717,0.8363,2,0.0365,316.0,490.6,3.32,0.0716,0.4303,0
0.7081,0.6906,0.7046,2,0.1474,229.7,253.3,1.95,0.1333,0.3165,0
0.8433,0.8044,0.887,3,0.2074,260.9,395.9,1.4,0.1228,0.5752,0
0.75,0.45,0.7652,3,0.0357,287.4,418.1,2.77,0.145,0.8734,0
0.8081,0.5862,0.7952,5,0.1105,269.6,387.8,6.02,0.1199,0.9405,0
0.9327,0.8818,0.879,3,0.1233,253.7,429.1,2.23,0.1601,0.7621,0
0.7877,0.5793,0.8223,4,0.0826,202.5,270.9,5.05,0.1339,0.3456,0
0.8536,0.7933,0.7618,5,0.8235,315.2,449.4,2.09,-0.0892,0.5849,0
0.7916,0.6569,0.7953,4,0.1149,293.8,393.8,2.95,0.1157,0.1918,1
0.7984,0.6335,0.8964,4,0.1656,17.1,142.2,5.61,0.1551,0.2902,1
0.9503,0.9503,0.931,1,0.2264,260.1,260.1,1.94,0.1182,0.263,0
0.7957,0.6664,0.7875,3,0.2757,313.4,365.7,2.3,0.1015,0.6524,0
0.7076,0.6777,0.8102,3,0.3842,319.2,412.2,6.5,-0.149,0.1584,0
0.7863,0.668,0.8667,5,0.2167,48.7,209.4,1.5,0.2462,0.4866,0
0.9367,0.9367,1.0,1,0.1171,176.6,176.6,1.52,0.1113,0.5346,1
0.8558,0.7575,0.8166,3,0.0677,17.4,29.2,7.29,0.1293,0.1987,1
0.9378,0.8807,1.0,2,0.066,262.8,352.5,2.17,-0.0774,0.3475,0
0.8332,0.762,0.814,2,0.0454,86.8,266.2,2.38,0.1644,0.3606,1
0.9052,0.8403,0.9065,5,0.1455,241.9,401.5,3.97,0.149,0.2409,0
0.8377,0.7763,0.9165,2,0.3082,108.4,199.5,2.66,0.0876,0.5907,1
0.7736,0.6854,0.7891,4,0.0681,151.3,307.4,7.28,0.1392,0.0424,0
0.8522,0.6702,0.8032,4,0.2971,206.6,279.9,3.46,0.2052,0.3254,1
0.8375,0.7888,0.9385,5,0.6413,129.5,143.3,1.21,0.0819,0.6425,1
0.8965,0.8179,0.9245,5,0.3404,276.8,358.4,1.78,0.2654,0.023,0
0.8273,0.6009,0.8601,5,0.4015,288.6,409.7,4.41,0.249,0.3186,1
0.8804,0.8129,0.9904,3,0.2456,204.6,335.8,6.39,-0.0624,0.39,0
0.8923,0.7932,0.9111,2,0.0247,182.6,361.1,2.21,0.3608,0.443,1
0.7943,0.6778,0.7586,2,0.2069,300.3,323.1,5.38,0.0071,0.5284,1
0.8739,0.6712,0.7941,5,0.0186,44.4,194.0,4.85,0.0774,0.2233,0
0.9113,0.819,0.841,5,0.0389,189.2,254.0,4.15,0.25,0.6636,1
0.8721,0.7475,0.8692,3,0.006,24.9,147.3,3.51,0.2555,0.6005,1
0.8607,0.7267,0.8448,4,0.0643,246.1,411.6,7.53,0.2457,0.7525,0
0.8191,0.7485,0.8952,3,0.0025,81.6,131.2,8.02,-0.1519,0.0751,0
0.7824,0.5258,0.8518,5,0.0329,304.9,419.7,4.64,0.1456,0.6787,0
0.7613,0.6514,0.74,4,0.0084,204.3,248.3,6.42,0.2978,0.6581,0
0.9081,0.863,0.9982,3,0.2256,302.3,389.4,2.13,0.2038,0.4691,1
0.7872,0.7251,0.7181,3,0.1431,297.0,297.6,3.09,0.0546,0.3475,0
0.6696,0.5987,0.6263,2,0.4391,38.9,58.9,4.22,0.0633,0.0911,1
0.7173,0.7173,0.655,1,0.3907,130.2,130.2,3.28,0.4472,0.0563,1
0.9575,0.9575,1.0,1,0.0715,82.0,82.0,0.58,0.367,0.8908,1
0.7039,0.7039,0.6643,1,0.1218,34.8,34.8,4.72,0.1033,0.1631,0
0.7563,0.5073,0.8729,4,0.0359,319.0,321.7,2.23,0.334,0.2634,0
0.9037,0.8056,0.9913,4,0.0831,57.6,121.0,6.82,0.0222,0.1685,1
0.831,0.831,0.8384,1,0.0219,184.5,184.5,4.28,0.0326,0.2977,1
0.9267,0.9092,0.9552,2,0.0203,86.2,230.0,2.84,0.0093,0.1711,1
0.8479,0.5257,0.7811,5,0.0491,242.3,330.5,2.11,0.5,0.1871,0
0.8843,0.7941,0.8561,3,0.0187,228.8,301.1,3.43,0.0137,0.4021,1
0.8398,0.8234,0.7913,2,0.7105,90.0,240.9,2.03,0.0648,0.1285,1
0.9335,0.9335,1.0,1,0.4107,294.1,294.1,0.41,0.0279,0.3753,1
0.7207,0.6292,0.8495,3,0.4721,149.3,176.1,1.69,-0.0524,0.5576,0
0.7611,0.6589,0.7311,5,0.3058,298.3,465.5,4.2,0.0066,0.1606,1
0.7404,0.6518,0.7936,3,0.1519,255.1,376.7,1.72,0.1195,0.2834,0
0.8447,0.6937,0.8502,5,0.4595,61.7,122.3,6.02,0.2212,0.082,1
0.8714,0.8665,0.9582,2,0.2456,26.8,154.9,1.39,0.0575,0.0921,1
0.9361,0.9076,0.8769,3,0.4039,162.7,185.3,2.59,0.1281,0.1398,1
0.9368,0.9368,0.9842,1,0.2832,179.2,179.2,3.52,-0.2081,0.3066,0
0.9082,0.8013,0.7799,5,0.021,180.8,330.6,2.19,-0.0193,0.1664,1
0.769,0.4997,0.8393,3,0.3701,67.4,78.0,3.7,0.2367,0.1937,0
0.7442,0.6512,0.8245,4,0.3028,247.3,407.9,5.5,0.0675,0.153,0
0.8779,0.7272,0.8431,5,0.041,54.8,80.7,2.84,0.0207,0.451,0
0.8461,0.7143,0.8918,4,0.0786,205.2,253.6,4.15,0.0168,0.5458,0
0.8454,0.751,0.9038,2,0.3523,138.8,199.5,4.42,0.2332,0.2328,0
0.8072,0.8072,0.7871,1,0.0044,315.3,315.3,3.31,-0.0151,0.6856,1
0.7907,0.7674,0.6725,2,0.1214,300.4,360.0,6.61,0.4163,0.2669,1
0.7529,0.5483,0.7361,5,0.0171,128.5,206.6,3.51,-0.0364,0.1797,0
0.8533,0.7578,0.9101,4,0.1807,233.4,269.1,4.36,-0.014,0.0604,0
0.914,0.9082,0.862,2,0.0195,81.2,189.7,2.12,-0.2048,0.1378,1
0.7333,0.7027,0.7772,2,0.1748,238.8,335.3,5.3,0.0999,0.6919,0
0.738,0.5878,0.7857,3,0.4662,248.5,268.7,2.72,0.0108,0.1144,0
0.7815,0.6752,0.7048,2,0.1786,126.2,300.9,10.24,0.1499,0.4321,0
0.7735,0.6284,0.7717,4,0.4791,285.8,370.1,5.31,0.2596,0.2177,1
0.8801,0.76,0.907,5,0.0076,188.8,341.9,2.6,0.1273,0.273,0
0.7174,0.5215,0.7788,2,0.1823,44.5,50.0,7.3,0.1577,0.6112,1
0.8857,0.849,0.8543,2,0.1462,71.8,205.5,3.47,0.1773,0.1382,0
0.8344,0.7782,0.9408,5,0.002,120.2,198.8,6.76,0.0553,0.7538,0
0.9083,0.878,0.9323,3,0.3406,297.0,383.5,0.43,0.0744,0.1637,0
0.8052,0.7225,0.9021,2,0.0321,85.9,194.0,4.25,0.1013,0.1209,1
0.8352,0.713,0.7888,2,0.0532,196.4,296.3,5.04,0.1218,0.1051,0
0.8737,0.8038,0.8269,5,0.0968,203.7,257.0,2.86,0.2364,0.3169,0
0.8357,0.7206,0.8027,4,0.2874,26.8,28.1,3.18,0.1535,0.0537,1
0.8264,0.6176,0.907,5,0.2838,140.4,229.6,2.24,0.0405,0.0125,0
0.7562,0.5891,0.782,5,0.286,94.2,136.5,1.48,0.1026,0.2058,0
0.8245,0.7924,0.858,3,0.0085,199.1,237.1,2.79,0.1592,0.4335,1
0.7106,0.5571,0.6067,2,0.3321,300.1,423.0,2.81,-0.0422,0.5119,0
0.8714,0.7075,0.8005,3,0.1329,274.6,328.6,9.48,0.1708,0.4115,0
0.819,0.7652,0.8608,4,0.7063,119.0,139.4,3.31,-0.0208,0.0307,1
0.8134,0.8134,0.8136,1,0.2462,97.2,97.2,4.53,0.1565,0.4182,1
0.8676,0.6812,0.8464,3,0.2332,89.9,148.1,3.16,0.1237,0.7352,1
0.7813,0.7078,0.7612,3,0.3438,55.6,215.1,3.19,-0.0226,0.1702,0
0.8485,0.8415,0.9364,2,0.6634,191.3,203.6,1.03,0.3006,0.075,0
0.8176,0.8114,0.8437,2,0.205,213.7,348.8,4.43,0.1458,0.1128,1
0.8418,0.7205,0.7905,2,0.6473,208.5,332.1,6.96,0.2237,0.1429,1
0.856,0.8457,0.8726,2,0.0494,292.3,372.4,4.27,0.0016,0.4211,0
0.8729,0.8601,0.8462,2,0.0418,263.4,375.0,2.44,0.0618,0.0621,0
0.817,0.6768,0.8559,5,0.0326,245.3,265.1,3.1,0.0052,0.3025,0
0.8213,0.6686,0.9104,5,0.269,108.2,165.3,8.04,0.0741,0.2405,1
0.8435,0.8399,0.8831,2,0.0818,286.4,392.5,4.03,0.0675,0.5076,0
0.768,0.6607,0.7867,4,0.1136,119.9,295.5,5.05,0.3033,0.3928,1
0.8569,0.6707,0.8097,5,0.0087,70.8,102.1,9.0,0.0093,0.0707,0
0.9131,0.839,1.0,4,0.0474,318.8,425.2,6.63,0.0364,0.0222,1
0.9248,0.9248,0.9773,1,0.0094,211.5,211.5,2.59,0.1075,0.7131,1
0.8366,0.7655,0.7678,3,0.0321,291.8,466.8,2.21,0.0103,0.4927,0
0.8868,0.8034,0.9452,3,0.0071,52.6,229.0,6.23,0.0756,0.2129,1
0.9556,0.9556,1.0,1,0.2208,273.7,273.7,5.39,-0.1364,0.1316,1
0.6998,0.6998,0.7762,1,0.0814,258.1,258.1,4.4,0.0934,0.2679,1
0.7714,0.6904,0.7356,4,0.0067,152.6,206.1,3.42,0.1126,0.6093,0
0.7169,0.7169,0.8019,1,0.1386,77.1,77.1,11.03,0.0436,0.0924,1
0.7942,0.6295,0.7697,5,0.0026,202.2,303.0,6.18,0.2186,0.6087,0
0.8228,0.6254,0.7719,4,0.1103,163.1,302.0,4.37,-0.0687,0.2543,0
0.866,0.7632,0.8305,2,0.0947,110.9,166.1,2.74,0.0583,0.4784,0
0.8956,0.8098,0.8528,3,0.3801,210.6,292.6,1.09,0.2295,0.0685,0
0.908,0.908,0.9339,1,0.0935,260.8,260.8,6.84,0.2217,0.855,1
0.8769,0.8263,0.8585,5,0.2236,115.5,223.5,3.03,0.2046,0.4631,1
0.6956,0.45,0.7876,2,0.0064,15.7,110.9,3.88,-0.0175,0.0696,0
0.8414,0.695,0.8185,4,0.4478,77.5,110.3,4.05,-0.0216,0.1588,1
0.7588,0.641,0.8614,2,0.0988,247.3,398.6,0.6,0.1643,0.6381,0
0.8949,0.8263,1.0,4,0.0539,44.9,210.6,5.06,0.1054,0.3289,1
0.8094,0.6722,0.8042,3,0.2697,191.4,234.5,8.91,0.1789,0.4586,1
0.8766,0.8355,0.9531,4,0.1124,147.9,239.3,3.22,0.1787,0.204,1
0.8074,0.7458,0.7839,2,0.0531,169.2,272.1,3.23,0.0865,0.4895,0
0.9299,0.8785,0.9279,3,0.0323,206.7,322.8,0.86,0.1518,0.4751,0
0.8165,0.7054,0.7661,4,0.5188,140.0,269.6,3.01,0.1753,0.5822,0
0.7688,0.5735,0.8072,5,0.1107,297.1,442.0,3.06,0.1767,0.3865,0
0.9163,0.9163,0.9191,1,0.0189,67.7,67.7,3.21,-0.0038,0.0367,0
0.8822,0.8059,0.8275,5,0.422,189.7,289.6,1.95,-0.0561,0.5437,1
0.8367,0.8367,0.8145,1,0.2967,114.2,114.2,1.4,0.1474,0.4574,0
0.8377,0.6292,0.9422,5,0.1636,172.7,252.6,2.7,0.1512,0.4341,0
0.7506,0.6533,0.8252,4,0.0976,300.5,409.6,4.3,0.2425,0.734,0
0.8489,0.7964,0.9078,2,0.0461,172.4,255.3,5.69,-0.0963,0.4705,1
0.8636,0.697,0.9124,3,0.1637,276.2,399.9,2.17,0.3133,0.1194,0
0.8807,0.793,0.8111,5,0.0174,36.1,36.2,2.12,0.0886,0.1032,0
0.9081,0.8227,0.9305,4,0.658,17.7,22.4,3.12,-0.1329,0.1054,1
0.9163,0.8537,0.9083,2,0.0072,121.5,160.8,3.89,0.0827,0.7689,1
0.8493,0.6123,0.8975,4,0.5411,244.8,336.7,4.2,0.1453,0.528,0
0.8286,0.8286,0.858,1,0.0549,282.5,282.5,1.24,0.2056,0.0029,0
0.8552,0.8207,0.9093,2,0.0297,97.0,220.6,0.82,0.1443,0.4549,1
0.8105,0.8105,0.7731,1,0.6159,288.3,288.3,0.63,-0.0727,0.249,0
0.7825,0.45,0.7049,4,0.2032,247.5,406.7,1.73,0.1202,0.8072,0
0.8666,0.7764,0.9987,5,0.0632,297.9,438.2,3.22,0.2194,0.2082,0
0.9319,0.9319,1.0,1,0.0775,37.8,37.8,3.64,0.1633,0.4298,1
0.8615,0.8615,0.8875,1,0.2244,108.6,108.6,7.06,0.2011,0.412,1
0.9411,0.9411,0.9746,1,0.1207,200.0,200.0,1.15,0.1338,0.1996,1
0.8431,0.7024,0.7423,5,0.0951,185.7,355.1,4.83,-0.1656,0.9149,0
0.7756,0.4968,0.7903,4,0.5919,159.5,305.6,4.55,0.2215,0.4941,0
0.8122,0.6057,0.8227,5,0.1451,316.5,401.8,5.25,0.2106,0.3703,0
0.9391,0.853,0.9776,4,0.0389,83.9,221.0,0.23,0.1685,0.159,0
0.9023,0.8374,0.9018,5,0.0497,64.7,68.0,3.78,-0.0718,0.2343,0
0.8877,0.8681,0.9978,2,0.1226,44.4,109.2,1.99,0.0526,0.6073,1
0.8835,0.7763,0.9144,5,0.0537,25.8,195.3,11.91,0.03,0.3261,1
0.8436,0.713,0.7954,4,0.2,318.5,420.9,7.95,0.038,0.4169,1
0.8331,0.6558,0.7753,5,0.0178,225.5,249.6,2.74,0.0282,0.1324,0
0.8544,0.7914,0.8805,3,0.0426,296.4,317.0,1.28,-0.0162,0.1648,0
0.9679,0.9679,0.965,1,0.1532,208.4,208.4,6.51,0.12,0.7045,1
0.689,0.45,0.6698,5,0.1297,237.3,403.6,1.73,0.163,0.1588,0
0.7861,0.6639,0.7861,5,0.132,297.0,308.7,1.54,0.2172,0.3316,0
0.7634,0.7113,0.8012,4,0.3257,293.7,448.8,2.14,0.0681,0.1839,0
0.6689,0.6659,0.6533,2,0.1314,306.9,323.3,2.53,0.2964,0.3014,0
0.9311,0.9311,0.9649,1,0.1497,136.1,136.1,1.24,0.0289,0.5224,0
0.8808,0.8808,0.8621,1,0.5623,271.8,271.8,2.54,0.1325,0.2551,1
0.6773,0.6773,0.5828,1,0.4127,297.8,297.8,3.57,-0.0405,0.3729,0
0.8923,0.8622,0.8593,5,0.5266,76.7,154.2,1.01,0.1573,0.1317,1
0.9501,0.9455,0.9635,2,0.1025,24.4,38.0,3.13,0.0007,0.1279,1
0.8814,0.8814,0.855,1,0.2061,277.3,277.3,0.8,-0.0817,0.545,0
0.8097,0.8097,0.8585,1,1.0,20.9,20.9,1.52,0.1786,0.3835,1
0.8616,0.763,0.8263,2,0.1063,91.5,125.6,5.21,0.1123,0.5799,0
0.8587,0.8551,0.8661,2,0.1143,162.6,261.3,2.92,0.014,0.1666,1
0.8743,0.8743,1.0,1,0.024,104.4,104.4,3.29,0.1616,0.8824,1
0.9034,0.7789,0.9895,3,0.5265,98.6,166.4,3.31,0.28,0.138,1
0.7642,0.5748,0.7899,5,0.1946,98.4,207.6,2.3,0.2541,0.4338,0
0.8719,0.7635,0.9209,3,0.0071,286.2,342.3,2.67,0.0376,0.454,0
0.7312,0.5855,0.7538,3,0.2995,205.8,244.8,1.94,0.0409,0.2371,0
0.7815,0.7073,0.7997,4,0.13,274.8,448.5,4.24,-0.0259,0.3317,1
0.8968,0.8956,0.9143,2,0.1972,29.3,109.5,2.96,0.3433,0.3289,1
0.7731,0.6878,0.7763,2,0.0245,125.6,288.6,5.21,0.023,0.4543,0
0.7778,0.5251,0.7892,4,0.0079,127.0,136.3,2.32,0.3418,0.6563,0
0.8315,0.5037,0.8054,5,0.0564,88.0,243.7,0.61,0.2057,0.2895,0
0.8383,0.7588,0.7298,5,0.0279,258.2,328.9,2.22,0.2369,0.4004,0
0.7514,0.45,0.7469,5,0.1974,123.1,230.1,6.09,-0.1031,0.3223,0
0.8691,0.6942,0.8494,3,0.0708,49.6,216.7,4.82,0.1611,0.5818,1
0.8688,0.7803,0.8729,4,0.046,179.0,308.4,4.43,0.2718,0.5641,1
0.6803,0.45,0.6594,2,0.5288,59.0,208.8,1.68,0.1997,0.5204,0
0.8012,0.7003,0.8249,3,0.2523,90.5,256.5,2.83,0.2573,0.2181,0
0.8595,0.7256,0.7826,4,0.0276,223.8,388.8,0.46,0.2474,0.4214,0
0.8121,0.6707,0.778,4,0.332,181.4,239.1,2.12,0.1628,0.1376,0
0.8859,0.8233,0.8408,4,0.1596,33.8,87.6,5.63,0.0105,0.2443,1
0.8789,0.7879,0.9379,5,0.0774,288.0,390.3,3.99,0.2576,0.0769,0
0.8662,0.6786,0.8203,4,0.0617,300.3,408.9,3.9,0.2763,0.24,1
0.8332,0.7596,0.7627,4,0.0422,24.1,83.0,5.28,0.2501,0.0424,0
0.8543,0.7744,0.8755,3,0.3132,72.1,195.7,7.68,0.0934,0.3179,1
0.7937,0.6156,0.7501,3,0.4557,85.7,123.7,0.27,0.1983,0.0754,0
0.739,0.5417,0.7438,3,0.3783,165.3,257.8,1.11,-0.0597,0.3157,0
0.8426,0.7202,0.8234,5,0.393,189.0,328.1,3.39,0.4093,0.8424,0
0.8386,0.6974,0.8881,2,0.0692,36.2,93.9,1.31,0.3231,0.2138,1
0.7415,0.5753,0.6978,4,0.2524,179.6,189.5,0.22,0.2121,0.0947,0
0.8381,0.8235,0.7873,2,0.2208,300.2,412.8,2.27,0.2266,0.5239,0
0.753,0.592,0.7284,4,0.2793,258.4,342.6,1.26,0.2073,0.1336,0
0.8532,0.7424,0.8193,5,0.2645,312.5,372.3,8.12,0.2036,0.4756,0
0.8297,0.6766,0.8529,4,0.0655,227.7,326.2,3.03,0.2237,0.1704,0
0.8915,0.8138,0.7874,3,0.1737,138.7,180.6,4.23,0.0552,0.4714,1
0.7796,0.6816,0.8081,4,0.4696,148.4,150.4,5.82,0.3524,0.604,1
0.9242,0.889,0.9453,3,0.2102,73.8,99.7,0.44,0.1036,0.0294,1
0.7925,0.4863,0.7921,5,0.0583,74.9,139.3,7.94,0.121,0.2891,0
0.7911,0.6917,0.889,4,0.2704,26.9,162.8,2.99,-0.0117,0.9124,1
0.8655,0.8217,0.9519,3,0.3274,309.7,411.7,2.14,0.2101,0.194,0
0.8244,0.6931,0.8163,2,0.532,104.7,156.2,2.8,0.083,0.3774,0
0.8689,0.7506,0.7957,5,0.131,202.2,356.1,6.34,-0.109,0.0038,1
0.8467,0.5576,0.9207,5,0.7509,61.1,107.2,5.02,0.0943,0.2922,0
0.6892,0.617,0.7254,2,0.2348,32.5,185.5,5.07,0.1017,0.0874,0
0.9412,0.9412,0.9074,1,0.0646,155.3,155.3,2.79,0.181,0.1947,1
0.9263,0.8888,0.937,4,0.1139,85.6,262.6,0.58,0.2974,0.1029,0
0.9287,0.9287,0.815,1,0.2453,315.1,315.1,5.78,0.0345,0.3102,1
0.8803,0.7336,0.8055,5,0.0286,179.8,272.6,1.63,0.4442,0.2618,0
0.9093,0.8698,0.9791,4,0.0318,86.8,121.4,1.95,0.142,0.6016,1
0.8002,0.7663,0.9166,2,0.2436,204.7,220.1,0.61,0.2624,0.1492,0
0.7351,0.6248,0.7759,4,0.0076,232.7,311.4,9.33,0.1498,0.3861,0
0.8197,0.7055,1.0,2,0.4112,102.7,186.5,1.68,-0.1093,0.6046,0
0.7886,0.7058,0.7116,5,0.0623,126.1,151.8,4.6,0.409,0.6234,0
0.8993,0.8154,0.8895,4,0.0622,265.2,296.0,4.22,0.1822,0.509,0
0.8883,0.7231,0.8547,4,0.0649,294.8,423.1,0.77,0.1004,0.0542,0
0.9581,0.9567,1.0,2,0.1848,108.6,179.6,2.66,0.078,0.8373,1
0.8165,0.8165,0.7196,1,0.6106,279.0,279.0,2.91,0.0329,0.4092,1
0.9426,0.9426,0.8974,1,0.0459,289.1,289.1,2.55,0.0494,0.5582,1
0.45,0.45,0.5225,1,0.0782,174.1,174.1,0.53,0.0661,0.2618,0
0.8089,0.7773,0.9648,3,0.088,278.1,370.7,2.25,-0.0374,0.3897,0
0.7665,0.464,0.7739,4,0.0536,150.9,174.6,5.69,0.1724,0.3462,0
0.9108,0.9108,0.978,1,0.3451,128.5,128.5,1.55,0.2005,0.141,1
0.9021,0.8273,0.7785,5,0.3567,232.6,323.3,3.4,0.1047,0.4941,1
0.8067,0.7174,0.822,2,0.0296,215.6,311.1,2.41,0.1443,0.155,0
0.9319,0.9319,1.0,1,0.1058,241.6,241.6,5.33,0.2713,0.0126,1
0.9222,0.8908,1.0,5,0.0799,31.2,113.1,7.57,0.0911,0.8915,1
0.4926,0.4926,0.5377,1,0.052,81.9,81.9,5.47,0.431,0.6729,0
0.9172,0.8973,0.8853,2,0.0508,266.2,362.4,1.88,0.2285,0.8444,1
0.841,0.7667,0.8413,3,0.5648,306.8,314.3,6.24,0.2056,0.72,1
0.8401,0.8179,0.8025,2,0.0342,133.3,268.8,4.2,-0.0433,0.341,1
0.8528,0.7617,0.9378,4,0.1535,261.1,427.5,2.93,0.1535,0.9352,1
0.8275,0.6176,0.853,4,0.5139,120.9,293.8,2.29,0.2583,0.2141,0
0.9466,0.9466,1.0,1,0.1025,99.4,99.4,4.17,-0.0622,0.351,0
0.7349,0.5736,0.6911,5,0.0429,279.5,357.3,5.45,0.1775,0.7948,0
0.6958,0.6958,0.7428,1,0.2597,297.4,297.4,3.25,0.1938,0.07,1
0.9407,0.8969,0.9777,2,0.3863,163.8,271.1,2.95,0.251,0.5864,1
0.9066,0.7894,0.8452,3,0.021,228.0,298.5,6.3,0.3088,0.8426,1
0.949,0.9256,0.8763,3,0.021,208.3,257.9,2.27,0.1796,0.7059,1
0.616,0.616,0.5668,1,0.0973,47.0,47.0,2.8,0.3732,0.2552,0
0.8067,0.6742,0.8124,3,0.0948,35.8,66.1,2.32,0.0418,0.0959,0
0.8703,0.687,0.9798,4,0.5855,69.3,182.5,5.41,0.185,0.4507,1
0.7817,0.45,0.7873,4,0.0206,301.7,442.6,1.14,0.1721,0.0856,0
0.8051,0.7904,0.7442,2,0.0071,69.4,248.7,0.89,0.089,0.8634,1
0.8614,0.7375,0.8592,4,0.0882,62.3,91.3,2.78,0.0027,0.0454,1
0.8754,0.8252,0.9331,3,0.0685,177.0,235.2,1.99,0.0863,0.2223,0
0.7287,0.5671,0.7116,3,0.0364,163.6,240.0,7.14,0.2224,0.5199,0
0.9364,0.9364,0.8867,1,0.0502,193.3,193.3,1.91,0.1976,0.1273,1
0.7698,0.4597,0.7632,5,0.3624,210.6,332.4,4.57,0.3408,0.0285,0
0.7572,0.5923,0.7665,2,0.2706,267.4,310.7,1.88,0.2581,0.7262,0
0.8042,0.6971,0.8159,3,0.5449,285.2,383.8,1.26,0.1975,0.2488,0
0.7799,0.5595,0.8644,4,0.6675,77.8,90.1,3.52,0.3187,0.2835,0
0.7722,0.5916,0.7209,5,1.0,25.6,182.4,1.95,-0.0201,0.535,0
0.8621,0.7066,0.8163,4,0.0141,236.2,376.2,0.97,0.2722,0.2344,0
0.7753,0.6921,0.7936,4,0.0424,32.5,74.3,4.63,0.1462,0.2146,0
0.923,0.8675,1.0,3,0.1462,117.4,161.1,1.75,0.0262,0.1199,0
0.8557,0.8277,0.8954,4,0.1515,153.0,262.6,3.12,-0.0122,0.2056,0
0.8441,0.6647,0.9133,3,0.4567,138.3,166.7,11.78,-0.2463,0.3229,1
0.8797,0.8797,0.8498,1,0.0238,77.0,77.0,0.79,0.0223,0.1417,0
0.8973,0.8378,0.9431,5,0.1549,250.4,328.3,7.76,0.0737,0.443,0
0.7949,0.494,0.829,3,0.0706,242.8,245.6,3.67,0.0874,0.7538,0
0.8284,0.8284,0.8216,1,0.3053,124.0,124.0,2.53,0.2067,0.2469,1
0.9146,0.8753,0.9357,2,0.2194,133.7,176.9,4.34,0.2334,0.136,1
0.9034,0.8661,0.9186,4,0.165,138.2,143.3,6.76,0.2874,0.2368,1
0.9872,0.9872,1.0,1,0.1508,298.3,298.3,0.27,-0.0312,0.0102,0
0.859,0.6514,0.926,4,0.1319,307.2,441.9,0.6,-0.1937,0.8581,0
0.7736,0.5965,0.8456,3,0.239,313.9,401.2,1.85,-0.074,0.1261,0
0.8287,0.6413,0.7171,5,0.183,81.7,259.6,3.81,-0.0521,0.6263,0
0.8465,0.7255,0.8614,3,0.3058,201.3,289.6,1.66,0.0366,0.0482,0
0.7989,0.7911,0.7585,2,0.0998,313.3,391.8,2.14,0.2254,0.5503,0
0.7478,0.5866,0.6765,5,0.0438,83.2,254.9,4.35,0.3178,0.3994,0
0.8785,0.7621,0.8843,5,0.0011,105.4,206.3,3.37,0.1721,0.1699,0
0.897,0.897,0.9991,1,0.116,234.0,234.0,0.98,0.236,0.0723,1
0.8634,0.7584,0.8516,4,0.1582,226.6,321.9,3.19,0.2433,0.5546,1
0.866,0.7159,0.8482,3,0.4794,90.1,228.1,0.88,0.0107,0.5892,1
0.7401,0.5578,0.7936,2,0.0265,200.1,306.0,1.17,0.0629,0.0714,0
0.8974,0.7616,0.8778,5,0.1408,290.8,321.4,9.86,0.0346,0.5501,0
0.9023,0.7808,0.8829,3,0.265,146.0,189.1,1.68,0.0563,0.6082,1
0.9086,0.7983,0.9354,4,0.066,164.8,199.0,3.01,0.1515,0.2976,0
0.8631,0.7619,0.9091,5,0.0083,279.2,305.3,3.59,0.2099,0.6682,0
0.8047,0.6766,0.7234,3,0.326,273.5,293.7,6.85,0.1607,0.5209,0
0.8164,0.5801,0.8256,4,0.0496,175.0,286.1,1.1,0.0434,0.3839,0
0.8083,0.5995,0.8019,5,0.3504,131.9,308.9,3.77,0.0333,0.5022,1
0.8816,0.8816,0.8458,1,0.0351,216.8,216.8,2.68,0.1649,0.0627,1
0.7513,0.5058,0.6798,5,0.1602,119.7,120.8,3.49,0.1052,0.2997,0
0.8065,0.6755,0.739,2,0.2613,250.6,353.3,5.23,0.1771,0.4021,1
0.6744,0.6744,0.6812,1,0.0828,208.2,208.2,7.69,0.0765,0.0275,0
0.7291,0.6089,0.6282,4,0.6069,237.6,405.8,2.42,0.2966,0.6113,0
0.8806,0.7849,0.8639,5,0.1092,79.5,135.0,0.61,0.0303,0.1568,0
0.7918,0.6167,0.7598,5,0.0239,153.0,161.8,2.71,0.1403,0.456,0
0.8272,0.7418,0.8293,4,0.6332,52.0,127.5,3.99,0.1456,0.5657,0
0.821,0.7142,0.7652,5,0.0666,138.5,178.8,2.82,-0.1862,0.5833,0
0.8338,0.6379,0.8484,4,0.1153,21.2,25.9,6.67,-0.1661,0.5181,1
0.8696,0.7919,0.8634,4,0.004,255.2,279.2,1.65,0.197,0.0083,1
0.8816,0.7462,0.9083,5,0.0697,69.2,209.2,1.47,0.018,0.4765,0
0.7727,0.6129,0.7628,3,0.3292,275.2,397.3,5.77,0.0941,0.1533,0
0.9332,0.8892,0.951,4,0.2077,204.2,238.8,2.24,0.1914,0.2922,0
0.8384,0.7261,0.9094,3,0.2794,185.0,261.9,1.22,-0.0102,0.403,1
0.8967,0.7945,0.9449,4,0.8037,138.0,288.8,1.25,0.2081,0.5517,1
0.7666,0.4916,0.7429,5,1.0,36.6,135.1,3.6,0.0159,0.0363,0
0.8056,0.7687,0.7174,4,0.1882,316.9,375.1,7.2,0.1651,0.4655,0
0.8502,0.7202,0.8735,5,0.1077,139.1,155.4,0.75,-0.1185,0.2051,0
0.8866,0.7493,0.9673,4,0.1916,274.5,332.2,6.26,0.1044,0.1269,1
0.8649,0.8021,0.8784,3,0.0023,150.8,229.4,2.9,0.173,0.6741,1
0.6621,0.6503,0.7212,2,0.2993,266.6,278.0,0.72,0.1095,0.5267,0
0.9176,0.8326,0.9244,4,0.4215,179.6,320.8,2.05,0.3337,0.172,1
0.7943,0.7268,0.6929,3,0.1481,261.5,291.5,3.82,0.1597,0.0371,0
0.8387,0.8219,0.7678,3,0.3602,56.4,157.0,1.03,0.3208,0.8557,1
0.9226,0.9226,0.883,1,0.1837,289.8,289.8,1.04,0.035,0.1064,0
0.7907,0.7312,0.803,2,0.3154,215.5,293.3,2.52,0.2111,0.1113,0
0.7966,0.6148,0.843,4,0.1073,225.4,263.2,1.64,0.1504,0.4864,0
0.7518,0.4786,0.718,3,0.0333,199.8,259.6,1.03,0.2077,0.7257,0
0.7651,0.7651,0.8601,1,0.2243,27.1,27.1,0.45,0.088,0.7696,1
0.7518,0.6633,0.8421,3,0.0435,97.0,164.6,2.5,0.0185,0.8049,1
0.9106,0.9106,0.9077,1,0.1102,229.2,229.2,2.57,0.1686,0.4773,1
0.8965,0.8377,0.9599,5,0.0493,61.5,125.7,2.23,0.1985,0.4901,0
0.9218,0.9144,1.0,2,0.3707,129.0,246.8,3.99,-0.0273,0.8244,1
0.7999,0.6989,0.8597,5,0.0332,218.4,358.4,1.7,0.2565,0.0937,0
0.9209,0.9209,0.9469,1,0.0778,160.5,160.5,5.8,0.1384,0.121,1
0.8822,0.7454,0.899,4,0.2712,86.8,196.5,4.9,0.2816,0.7125,1
0.772,0.6646,0.7605,3,0.0673,216.6,266.0,1.28,0.2408,0.6491,0
0.9351,0.9079,0.8652,2,0.5107,81.1,227.5,1.79,0.2233,0.219,1
0.9398,0.9398,1.0,1,0.0463,77.9,77.9,6.85,0.1858,0.4336,1
0.7665,0.7604,0.7429,2,0.2759,35.0,196.8,0.95,0.1499,0.147,0
0.7609,0.6125,0.7753,3,0.0555,286.8,429.2,6.24,-0.0163,0.2876,0
0.8464,0.7864,0.909,2,0.0219,100.5,168.4,1.83,0.0729,0.4731,0
0.8159,0.7697,0.8034,3,0.0943,55.9,82.0,0.98,0.0882,0.4763,0
0.7416,0.6121,0.7215,3,0.4443,135.5,304.0,5.37,0.0039,0.5936,0
0.9028,0.8356,0.9308,4,0.2423,267.5,415.6,3.83,0.1046,0.0522,0
0.7379,0.6771,0.8541,2,0.0521,251.0,395.4,0.98,0.2094,0.3145,0
0.7785,0.5523,0.8777,5,0.0483,252.8,316.6,1.44,0.236,0.3116,0
0.7833,0.4812,0.8465,4,0.0239,27.5,174.8,2.02,-0.0116,0.6756,0
0.9242,0.8684,0.9712,4,0.0724,31.7,61.0,2.55,-0.1269,0.9703,1
0.7808,0.5419,0.7734,3,1.0,122.1,270.1,1.97,0.0635,0.3365,1
0.7914,0.7914,0.8277,1,0.155,247.2,247.2,0.12,-0.0174,0.4597,0
0.8096,0.7025,0.7778,2,0.1814,208.3,338.2,1.61,0.0608,0.1044,0
0.8567,0.7537,0.758,4,0.1955,295.9,472.6,4.19,0.0971,0.2241,0
0.934,0.9171,1.0,2,0.0428,214.2,376.8,1.16,0.0336,0.3253,0
0.7255,0.5738,0.6313,5,0.1214,73.0,179.4,3.08,0.0928,0.0655,0
0.8682,0.8682,0.8803,1,0.0534,266.5,266.5,3.57,0.0774,0.4881,1
0.8369,0.7832,0.7422,3,0.1762,51.3,65.0,1.22,0.0311,0.1291,0
0.8826,0.7495,0.9096,4,0.0788,22.5,196.2,0.7,0.1274,0.0118,0
0.8446,0.7935,0.7874,4,0.5401,221.0,227.6,10.56,0.1391,0.0093,1
0.815,0.815,0.81,1,0.0139,175.0,175.0,4.12,0.1091,0.136,1
0.8195,0.8195,0.7756,1,0.5374,238.9,238.9,7.11,0.0196,0.451,0
0.9007,0.8671,0.8723,3,0.4517,204.0,329.2,4.7,0.0781,0.5102,0
0.9808,0.9764,0.9994,2,0.2954,37.0,106.4,4.18,0.3052,0.0646,1
0.803,0.6651,0.8566,5,0.4451,293.1,389.4,4.51,0.185,0.2011,1
0.8385,0.6884,0.7725,4,0.0127,259.6,345.3,5.32,0.0777,0.4435,0
0.7754,0.6254,0.6702,5,0.1514,291.3,328.0,4.63,-0.1554,0.4914,0
0.8683,0.8683,0.7399,1,0.0843,35.1,35.1,8.04,0.2408,0.2784,1
0.942,0.942,0.9789,1,0.0024,20.0,20.0,5.94,0.0649,0.1416,1
0.8991,0.8991,0.8353,1,0.3364,271.7,271.7,1.83,0.1709,0.1289,0
0.9497,0.9497,0.9418,1,0.0972,227.9,227.9,4.81,0.0255,0.0052,0
0.9286,0.9286,0.8998,1,0.1306,236.0,236.0,6.37,-0.1125,0.8839,1
0.8393,0.7558,0.8263,5,0.1278,304.4,479.8,3.6,0.2085,0.3198,0
0.9819,0.9819,1.0,1,0.0932,44.5,44.5,1.35,0.0939,0.6802,1
0.9128,0.8453,0.912,5,0.0798,221.9,279.3,6.1,0.0852,0.1091,1
0.7426,0.5828,0.7346,3,0.0604,256.9,418.8,1.97,0.1212,0.2801,0
0.7695,0.5871,0.6801,4,0.1558,91.9,93.5,1.26,-0.0365,0.1758,0
0.838,0.744,0.8846,3,0.005,188.2,313.7,0.76,0.2956,0.169,0
0.864,0.7468,0.8465,4,0.3012,151.0,163.5,2.03,0.241,0.4796,0
0.7927,0.6019,0.7555,4,0.0323,34.1,50.5,5.2,0.2852,0.2001,0
0.7616,0.7616,0.6507,1,0.6714,34.9,34.9,1.71,0.01,0.352,1
0.6966,0.5786,0.6832,4,0.1356,216.5,330.4,3.17,0.1933,0.5148,1
0.8193,0.7575,0.7789,3,0.3771,261.9,376.2,4.03,0.0861,0.4547,0
0.8296,0.7705,0.677,3,0.0472,262.5,386.6,2.24,0.178,0.1423,0
0.8129,0.6691,0.8129,4,0.0661,161.9,271.3,3.51,0.0812,0.2091,0
0.871,0.7547,0.811,2,0.1804,129.9,153.8,1.42,-0.1097,0.1849,0
0.8589,0.7496,0.8615,5,0.2732,115.7,274.9,1.34,0.0886,0.4261,0
0.6968,0.6053,0.7508,3,0.1454,258.2,396.7,4.41,0.041,0.0138,0
0.7543,0.5855,0.7033,5,0.0063,245.4,371.3,3.96,0.057,0.201,0
0.6466,0.6106,0.735,2,0.2945,217.1,372.6,1.58,0.304,0.5095,0
0.8745,0.8647,0.9055,3,0.2293,228.2,256.3,1.31,0.0834,0.6126,1
0.8205,0.7871,0.8059,2,0.0136,215.7,229.2,4.11,0.2174,0.0417,0
0.8288,0.8219,0.7437,2,0.0105,131.5,263.3,1.26,0.2829,0.3119,0
0.8867,0.8629,0.8438,3,0.1289,208.0,330.4,3.67,0.073,0.2442,0
0.8982,0.7846,0.9117,3,0.0633,27.4,53.6,0.79,0.2078,0.2662,1
0.745,0.6568,0.6422,3,0.0386,138.1,268.0,0.69,0.2206,0.1781,0
0.8472,0.6652,0.814,3,0.1303,34.5,128.8,3.98,0.0806,0.1918,1
0.8667,0.7444,0.8581,3,0.7347,137.2,203.1,3.77,0.3149,0.4011,1
0.8378,0.8378,0.7803,1,0.2526,317.7,317.7,0.77,0.0142,0.512,0
0.9177,0.8842,0.8762,3,0.0443,236.0,387.3,2.08,-0.0922,0.1541,0
0.78,0.7617,0.8231,2,0.0421,52.8,72.9,3.11,0.196,0.0328,0
0.8325,0.5576,0.7948,5,0.1947,64.3,120.4,4.9,-0.0318,0.6091,0
0.7948,0.5129,0.7817,5,0.0564,238.1,393.9,1.47,0.0983,0.0903,0
0.8397,0.777,0.8006,4,0.1773,215.7,307.7,1.29,0.2145,0.1552,0
0.8895,0.8563,0.8479,4,0.0078,134.7,144.0,1.5,0.0313,0.0361,1
0.9704,0.9652,0.853,2,0.1428,105.8,107.2,6.75,0.0326,0.2729,1
0.8996,0.8643,0.886,2,0.2996,221.9,370.6,3.18,0.2571,0.5201,1
0.6791,0.5149,0.6324,4,0.0292,222.4,292.0,2.95,0.0731,0.1517,0
0.8225,0.6794,0.8311,5,0.5634,176.4,303.7,0.71,0.2283,0.0545,0
0.8534,0.8534,0.9257,1,0.131,161.2,161.2,8.86,0.1287,0.009,1
0.6583,0.6583,0.7069,1,0.0359,19.0,19.0,1.32,0.1161,0.6483,0
0.9098,0.8768,0.9715,4,0.4352,217.0,265.6,0.99,0.084,0.7617,1
0.9479,0.9479,0.9352,1,0.8129,128.9,128.9,5.14,0.1265,0.3009,1
0.8271,0.6961,0.9384,4,0.0754,299.3,345.5,1.74,0.0301,0.4214,0
0.8215,0.6536,0.7353,5,0.0914,128.5,244.8,4.32,0.096,0.1245,0
0.8927,0.8567,0.9908,5,0.0258,163.7,305.3,1.95,0.3239,0.4192,1
0.8069,0.6366,0.8288,3,0.0265,33.2,109.9,8.77,0.34,0.2917,1
0.9147,0.9147,0.8754,1,0.0597,100.5,100.5,2.47,0.091,0.5952,1
0.8385,0.8191,0.8013,5,0.1598,277.0,280.8,1.88,0.1338,0.3704,0
0.9525,0.9525,0.9487,1,0.3451,141.7,141.7,1.02,-0.1026,0.2661,1
0.8398,0.6089,0.8239,4,0.0201,31.9,136.5,2.52,0.0996,0.6219,0
0.7312,0.6796,0.7243,2,0.061,187.5,264.9,2.46,0.1779,0.3983,0
0.9221,0.9175,0.9637,2,0.0308,204.5,356.3,1.22,0.1115,0.3633,0
0.8446,0.7307,0.8135,3,0.2631,109.8,264.8,1.42,0.3856,0.7016,1
0.7303,0.45,0.7892,3,0.0431,90.8,184.9,3.23,0.1439,0.434,0
0.7927,0.7927,0.8354,1,0.3904,64.1,64.1,9.2,-0.0284,0.0202,1
0.7604,0.5733,0.7947,3,0.2225,214.9,347.9,4.51,0.2246,0.5871,0
0.7929,0.6772,0.7658,5,0.0713,77.2,138.5,0.9,0.0436,0.0551,0
0.8046,0.6562,0.848,5,0.0243,53.1,145.6,7.49,0.0854,0.0174,0
0.8757,0.8592,0.89,2,0.373,173.8,299.1,1.18,0.0615,0.1222,0
0.8268,0.7084,0.8702,5,0.7367,215.0,364.1,5.75,0.2642,0.3613,0
0.8891,0.8891,0.8636,1,0.1141,91.7,91.7,4.47,0.1222,0.0076,1
0.8235,0.731,0.8368,3,0.3092,126.7,217.6,3.64,-0.0674,0.3345,0
0.778,0.5523,0.7278,4,0.4097,120.3,154.0,3.24,0.1051,0.5818,0
0.8653,0.7117,0.9254,5,0.0344,187.9,323.9,4.62,0.2994,0.3178,0
0.8011,0.6426,0.8683,5,0.002,204.9,241.5,2.86,0.1696,0.4771,0
0.8304,0.6598,0.8489,5,0.1614,170.2,268.5,10.69,0.17,0.1068,0
0.9526,0.9383,1.0,3,0.1853,134.3,189.6,7.44,0.2324,0.1551,1
0.8157,0.6728,0.7827,5,0.0706,109.5,275.1,4.26,0.2476,0.7501,0
0.8905,0.7525,0.9209,4,0.0706,167.3,284.8,1.25,0.1502,0.0262,0
0.9287,0.9287,0.9232,1,0.0024,72.1,72.1,4.91,0.3138,0.4838,1
0.8474,0.734,0.8902,3,0.3083,39.0,208.0,2.21,0.226,0.2935,1
0.9561,0.9561,0.9414,1,0.1801,206.9,206.9,3.33,0.0194,0.1695,1
0.8412,0.8136,0.9255,2,0.0687,140.2,247.8,1.15,0.0307,0.2533,0
0.7706,0.6031,0.754,3,0.0064,83.7,246.1,3.0,0.114,0.5213,0
0.9108,0.9046,0.9414,2,0.1207,78.0,170.4,1.65,0.0734,0.2385,0
0.9071,0.9064,0.859,2,0.155,266.2,406.1,6.49,0.1974,0.0411,1
0.8653,0.68,0.7812,4,0.2144,22.2,33.2,1.24,0.1553,0.0876,0
0.8672,0.6085,0.8368,5,0.0583,239.4,261.5,5.95,0.0672,0.2409,0
0.9442,0.9027,0.9568,2,0.1055,187.2,300.3,5.23,0.2856,0.1826,1
0.7852,0.5993,0.7978,5,0.1491,249.3,339.8,1.22,0.1166,0.0576,0
0.6977,0.5971,0.5937,3,0.0574,146.8,289.1,1.95,0.0887,0.0647,0
0.7117,0.5526,0.6799,3,0.0358,268.4,273.4,7.31,0.2161,0.0103,0
0.8292,0.7453,0.8759,5,0.5363,100.2,145.5,3.04,0.2388,0.0788,0
0.7746,0.7436,0.8882,2,0.0567,168.4,282.7,1.09,-0.0028,0.8479,0
0.8936,0.8116,0.8485,3,0.0778,241.0,360.1,1.6,0.2081,0.1588,0
0.7884,0.45,0.8589,4,0.2943,159.3,314.6,2.41,0.3493,0.6,0
0.9307,0.9307,0.8654,1,0.214,132.6,132.6,3.2,0.0965,0.0701,1
0.7975,0.7951,0.7286,2,0.1132,160.8,255.5,1.8,0.1479,0.0587,0
0.8183,0.8183,0.9047,1,0.0793,143.9,143.9,3.47,0.1434,0.1829,0
0.9275,0.8538,0.9644,3,0.3992,32.7,158.7,4.33,0.2326,0.2704,0
0.8219,0.8219,0.9333,1,0.3312,123.5,123.5,0.77,0.075,0.2597,1
0.8923,0.8837,0.9931,2,0.3033,212.5,339.9,2.35,0.2507,0.1955,1
0.7807,0.6798,0.6872,2,0.4121,47.0,178.4,1.02,0.1291,0.577,1
0.8338,0.7066,0.8995,5,0.1136,185.5,239.5,11.06,0.196,0.4621,0
0.887,0.8074,0.7899,3,0.2164,245.7,329.9,1.85,0.0061,0.4038,0
0.7661,0.6786,0.7591,2,0.3072,63.6,221.4,3.58,0.0184,0.346,0
0.8069,0.6809,0.7994,5,0.0123,148.9,276.6,1.36,0.217,0.245,0
0.8534,0.8534,0.8992,1,0.0447,99.7,99.7,1.5,0.2786,0.4615,0
0.7995,0.7995,0.9246,1,0.2797,150.8,150.8,2.7,0.1706,0.1182,1
0.8647,0.788,0.8127,4,0.1649,269.3,447.7,3.77,0.2728,0.1711,0
0.7909,0.7576,0.8778,2,0.0286,15.4,61.4,4.26,0.3131,0.289,1
0.7061,0.5972,0.6982,2,0.0329,220.6,323.5,2.12,0.3307,0.4906,0
0.8957,0.7594,0.8532,4,0.1964,280.8,292.5,6.15,-0.1299,0.5718,0
0.9162,0.8216,0.8945,5,0.2782,32.6,56.7,6.2,0.0156,0.3374,1
0.9005,0.8812,0.8699,3,0.0134,26.7,129.2,2.75,0.2597,0.4836,1
0.7176,0.6452,0.7462,5,0.1471,101.8,192.6,2.83,0.1603,0.118,0
0.9215,0.8685,0.9944,2,0.2294,242.7,419.0,6.61,-0.0168,0.0156,0
0.7784,0.5229,0.7845,3,0.6987,101.2,148.1,1.41,0.119,0.2132,0
0.978,0.978,0.9482,1,0.5667,214.8,214.8,0.56,0.2919,0.0741,1
0.8038,0.5665,0.7572,3,0.0131,38.6,128.2,1.19,-0.2183,0.0696,0
0.7751,0.4663,0.7943,5,0.014,151.2,158.9,1.39,0.073,0.721,0
0.7919,0.6371,0.8711,4,0.2736,85.6,152.6,11.3,0.0115,0.071,1
0.768,0.768,0.8228,2,0.2603,244.7,362.2,7.59,-0.0258,0.3941,1
0.8127,0.7184,0.8276,3,0.2879,170.2,199.7,1.29,0.1024,0.329,0
0.9515,0.9515,0.8793,1,0.0336,198.0,198.0,4.22,0.0086,0.1309,1
0.8802,0.8124,0.8828,2,0.6117,263.6,429.3,1.61,0.0615,0.1518,0
0.821,0.821,0.889,1,0.2487,22.5,22.5,1.31,-0.033,0.224,0
0.8528,0.643,0.9175,4,0.1277,130.9,277.5,5.96,0.224,0.2251,1
0.8583,0.8583,0.803,1,0.0084,117.7,117.7,6.47,0.168,0.4405,1
0.7769,0.5266,0.8182,4,0.0332,311.3,403.2,3.02,0.1267,0.456,0
0.8121,0.5877,0.895,4,0.1026,152.2,221.3,2.74,0.1058,0.0961,0
0.9412,0.9412,1.0,1,0.0186,165.1,165.1,1.9,0.165,0.6912,1
0.8147,0.7361,0.7792,3,0.1148,240.0,370.7,4.94,0.091,0.2736,0
0.8863,0.7166,0.9377,4,0.0555,298.8,462.8,0.79,0.171,0.2278,0
0.8418,0.7577,0.8805,2,0.09,24.4,158.4,1.34,-0.0351,0.6176,1
0.7739,0.7739,0.898,1,0.2502,198.1,198.1,8.21,0.0294,0.6814,1
0.9075,0.9075,0.8331,1,0.0229,16.9,16.9,1.98,0.3645,0.6437,1
0.8219,0.6622,0.8261,5,0.2129,136.6,214.0,1.66,-0.0556,0.477,0
0.8803,0.7741,0.9608,2,0.2183,293.0,392.3,2.41,0.1006,0.8167,1
0.783,0.6988,0.733,5,0.1758,61.8,195.1,4.92,0.0656,0.0926,0
0.8574,0.7685,0.9427,2,0.2776,77.5,90.2,1.02,0.0727,0.1317,0
0.8352,0.7539,0.9005,3,0.0343,299.5,436.0,1.78,0.4256,0.3776,0
0.9484,0.8967,0.9225,4,0.2053,161.9,303.6,3.77,0.1761,0.594,1
0.7221,0.619,0.7041,5,0.0329,237.9,373.3,5.04,0.0013,0.5861,0
0.7898,0.6327,0.7879,4,0.2557,193.8,333.8,5.06,0.1067,0.293,0
0.8699,0.8006,0.8422,4,0.3096,259.3,333.2,3.21,0.2067,0.3115,0
0.8531,0.7787,0.8193,5,0.2205,154.9,331.6,0.43,0.0448,0.1713,0
0.8612,0.7852,0.8945,4,0.0509,40.1,84.8,9.22,0.1284,0.1492,0
0.8531,0.7218,0.7616,3,0.2838,180.4,334.5,2.15,0.1548,0.6183,1
0.8668,0.743,0.9522,2,0.1418,237.9,285.8,3.88,0.1702,0.1162,0
0.8636,0.8131,0.8581,3,0.0895,204.4,291.7,9.56,0.2798,0.1978,1
0.8361,0.5867,0.8047,5,0.0334,63.5,201.8,3.49,0.1032,0.5273,0
0.8505,0.8248,0.8897,2,0.0418,108.7,206.3,4.67,-0.1131,0.6441,1
0.7881,0.45,0.7974,5,0.3409,67.1,182.7,5.85,0.2101,0.2689,0
0.8515,0.7955,0.7564,2,0.068,240.4,394.4,6.69,0.1529,0.3106,0
0.896,0.8156,0.9354,3,0.0627,69.9,218.8,3.79,0.2149,0.0955,0
0.6879,0.5241,0.6848,4,0.0399,51.1,155.3,2.82,0.1415,0.8872,0
0.8913,0.8913,0.9347,1,0.0488,106.2,106.2,8.04,-0.1307,0.2243,1
0.7536,0.6996,0.7299,2,0.1119,31.5,103.9,5.79,0.2656,0.457,1
0.7763,0.702,0.8265,4,0.1074,273.6,411.3,4.22,0.0547,0.321,0
0.7585,0.6793,0.819,3,0.036,314.1,443.9,3.3,0.2785,0.8608,0
0.8995,0.8995,0.8871,1,0.0669,62.0,62.0,6.74,0.3746,0.4715,1
0.8662,0.8511,0.8927,3,0.0575,261.2,382.1,7.9,0.1834,0.4102,1
0.8818,0.8036,0.8304,3,0.0063,166.7,243.5,0.51,-0.1192,0.7945,0
0.896,0.87,0.8737,5,0.2789,105.0,121.7,0.17,0.1817,0.5788,1
0.89,0.89,0.8956,1,0.5965,78.0,78.0,4.57,0.2171,0.386,1
0.8294,0.6469,0.8106,4,0.2446,74.6,97.9,2.56,0.2676,0.2711,1
0.9431,0.9431,0.9929,1,0.5209,91.6,91.6,1.58,0.2486,0.4173,1
0.6749,0.6749,0.6819,1,0.0239,230.7,230.7,3.64,-0.1348,0.3418,0
0.7151,0.6652,0.7258,3,0.7192,86.8,252.2,2.4,0.2274,0.517,0
0.7845,0.5093,0.7664,4,0.0059,111.1,179.6,1.01,-0.1029,0.0317,0
0.9492,0.8885,0.9763,3,0.5055,257.2,349.5,2.2,0.2323,0.5721,1
0.9381,0.8811,0.9953,2,0.0699,292.3,412.1,4.9,0.1627,0.2145,1
0.9054,0.878,0.9773,2,0.0407,145.6,283.7,0.69,-0.0899,0.1692,1
0.7675,0.613,0.7624,5,0.4988,269.6,344.6,1.44,0.1513,0.5952,0
0.9237,0.893,0.9063,3,0.1979,57.0,216.7,2.1,0.095,0.1373,1
0.7691,0.5777,0.7149,4,0.1165,77.7,131.6,4.47,0.2429,0.195,0
0.9318,0.8393,0.8937,3,0.1518,95.9,128.1,2.93,0.007,0.3367,1
0.8802,0.8337,0.8327,4,0.1567,256.7,401.8,3.46,0.0752,0.3011,0
0.8569,0.8309,0.8154,3,0.0163,97.9,130.0,5.2,0.003,0.8034,1
0.6559,0.6559,0.5386,1,0.4424,301.9,301.9,4.11,0.1597,0.4197,0
0.8861,0.8577,0.8714,2,0.0168,241.5,411.8,1.56,0.3174,0.246,0
0.8091,0.7419,0.8323,4,0.6014,162.4,253.8,1.96,0.0521,0.5268,1
0.9677,0.9677,1.0,1,0.3072,241.1,241.1,5.76,-0.0768,0.364,1
0.7955,0.7955,0.7781,1,0.4475,187.6,187.6,4.82,-0.0397,0.5843,1
0.9076,0.7873,0.9623,5,0.4183,224.4,300.4,5.31,0.1587,0.2223,0
0.8352,0.827,0.7731,2,0.2775,179.3,273.3,5.99,0.2055,0.107,0
0.8332,0.8124,0.807,5,0.1007,137.1,164.2,2.0,0.1658,0.247,0
0.9374,0.9131,0.8843,4,0.1288,29.8,154.7,1.08,-0.0853,0.1284,0
0.8296,0.804,0.8905,3,0.6595,144.7,207.7,1.25,0.196,0.6076,0
0.764,0.6467,0.7414,4,0.0514,67.7,158.3,2.06,0.0973,0.6264,0
0.9207,0.8007,1.0,4,0.0576,49.3,109.5,3.36,0.0505,0.0291,1
0.6939,0.6939,0.6372,1,0.0621,174.2,174.2,2.83,0.1082,0.0887,0
0.7624,0.5472,0.8037,4,0.4502,263.3,366.1,2.31,0.2581,0.326,0
0.9311,0.8963,0.8611,2,0.4226,152.4,308.1,3.41,0.0699,0.8361,1
0.8142,0.7143,0.8502,4,0.2463,244.6,407.8,1.98,0.1605,0.4028,0
0.7672,0.7237,0.7438,4,0.1064,95.9,109.6,7.64,0.145,0.5372,1
0.8658,0.7528,0.9122,5,0.1761,191.6,340.1,2.03,0.2172,0.3842,1
0.7928,0.5967,0.7648,3,1.0,242.2,286.1,4.45,0.0773,0.1692,0
0.8895,0.7719,0.9878,4,0.0599,305.6,479.1,1.52,0.2994,0.1114,0
0.6946,0.6417,0.64,5,0.0088,287.5,442.4,1.34,0.0498,0.5972,0
0.8846,0.8555,0.8253,2,0.044,87.5,203.5,6.42,0.0777,0.5923,1
0.8442,0.8158,0.911,3,0.3084,166.0,300.2,5.35,0.058,0.2533,1
0.7895,0.642,0.6913,5,0.3433,125.6,204.5,3.07,0.0788,0.6123,0
0.857,0.7191,0.7993,5,0.1398,170.9,174.6,1.96,0.1385,0.3936,1
0.8704,0.7555,0.9585,2,0.1387,268.5,353.6,5.56,0.1522,0.6273,1
0.8618,0.6887,0.8043,5,0.694,64.3,236.9,8.07,0.1284,0.5135,1
0.9183,0.8835,0.9518,4,0.086,319.3,447.5,1.29,0.0182,0.0128,0
0.8796,0.7891,0.884,4,0.5457,192.1,221.0,7.37,0.0368,0.4699,1
0.8453,0.8453,0.8717,1,0.0487,214.0,214.0,4.48,0.2117,0.6128,1
0.9933,0.9933,0.9224,1,0.0524,182.7,182.7,2.91,0.3251,0.3716,1
0.9163,0.8641,0.8495,5,0.0679,268.6,429.4,1.26,0.1777,0.485,0
0.7691,0.7512,0.6971,2,0.2779,181.7,344.5,6.39,0.3475,0.5023,0
0.8792,0.7838,0.8394,4,0.1071,252.3,338.4,0.7,-0.0997,0.0138,0
0.8385,0.723,0.793,5,0.0382,33.9,124.4,1.92,0.3207,0.2052,0
0.7793,0.7306,0.8436,3,0.2898,99.7,104.7,3.82,0.135,0.7188,1
0.8539,0.8093,1.0,4,0.1205,62.1,98.5,2.12,0.1312,0.1525,1
0.7915,0.6301,0.7706,2,0.2445,46.7,208.4,3.0,0.2735,0.4565,1
0.6841,0.6841,0.6772,1,0.0577,308.9,308.9,0.57,0.0957,0.1861,0
0.8499,0.6376,0.9346,3,0.1233,132.3,251.7,6.23,0.148,0.3575,0
0.8531,0.6951,0.8155,3,0.243,199.6,262.2,2.49,0.0976,0.4148,0
0.894,0.894,0.9731,1,0.1341,290.2,290.2,3.51,0.0488,0.1413,1
0.9088,0.8384,0.7686,3,0.2001,292.2,426.5,3.51,0.1377,0.6413,1
0.9365,0.9365,0.8334,1,0.0744,287.4,287.4,5.84,0.062,0.2216,1
0.8487,0.7841,0.778,3,0.4034,77.4,158.8,3.11,0.0879,0.606,1
0.7986,0.4938,0.779,5,0.1484,195.2,284.2,0.92,0.1581,0.311,0
0.9544,0.9366,0.9337,2,0.3489,229.1,237.2,4.92,-0.022,0.1828,1
0.869,0.5502,0.8476,5,0.2372,152.9,253.9,0.89,0.1572,0.4673,0
0.7999,0.7202,0.6991,2,0.1915,284.1,374.2,2.4,0.0347,0.4191,0
0.9378,0.9144,0.9584,2,0.1196,267.7,273.1,2.25,-0.0974,0.0378,0
0.931,0.8949,0.9287,4,0.0778,87.3,222.1,2.14,0.1256,0.3805,0
0.946,0.946,0.8892,1,0.0721,92.3,92.3,3.1,0.132,0.8534,1
0.8176,0.7926,0.7754,2,0.0867,304.3,370.1,6.43,0.0427,0.3787,1
0.688,0.688,0.6128,1,0.0011,148.7,148.7,2.88,-0.0858,0.1451,1
0.9065,0.8211,0.9911,5,0.0894,296.2,449.9,4.8,0.3331,0.6718,1
0.7154,0.4832,0.6741,5,0.1157,203.6,236.1,1.96,-0.0163,0.3895,0
0.8722,0.8073,0.8456,2,0.186,200.6,306.6,1.38,0.0663,0.1463,0
0.8425,0.7042,0.9209,5,0.4423,46.0,100.2,5.09,0.1771,0.8143,1
0.9031,0.8622,0.9486,3,0.1445,99.0,132.1,0.57,-0.0627,0.1652,1
0.9544,0.9544,1.0,1,0.1753,167.9,167.9,2.85,0.1117,0.3081,1
0.7961,0.6389,0.7524,5,0.2267,60.0,69.3,2.85,-0.0941,0.288,0
0.9171,0.811,0.8979,5,0.0629,300.5,332.3,3.96,0.278,0.6873,1
0.9183,0.8293,1.0,3,0.2354,315.7,451.8,4.05,0.1148,0.0063,1
0.7311,0.5337,0.7382,4,0.1294,197.1,330.8,1.94,0.1335,0.2133,1
0.7785,0.45,0.7276,5,0.1117,206.2,222.2,1.16,0.1196,0.1853,0
0.8999,0.7781,0.9401,4,0.55,96.7,148.2,1.87,0.1733,0.5409,1
0.8256,0.8009,0.8336,5,0.059,174.1,285.9,1.6,-0.0133,0.3876,0
0.7938,0.7251,0.7828,5,0.1126,261.7,264.8,3.65,0.2071,0.5559,1
0.9227,0.8843,0.9709,2,0.0456,51.4,160.2,2.75,0.2731,0.8122,1
0.8022,0.8022,0.6815,1,0.0365,157.1,157.1,3.24,0.1718,0.5516,1
0.6918,0.6918,0.6039,1,0.0157,57.6,57.6,4.2,0.0452,0.132,0
0.9049,0.7455,0.9017,5,0.2352,177.0,287.5,1.13,0.1142,0.1569,0
0.9806,0.9806,0.9307,1,0.2982,202.1,202.1,3.12,0.3756,0.0518,1
0.8027,0.7046,0.9318,4,0.1828,45.4,145.8,3.07,0.0718,0.5726,0
0.8,0.5999,0.843,5,0.1606,36.2,81.7,3.7,0.3511,0.1767,0
0.8444,0.8073,0.877,2,0.0203,89.2,90.6,1.03,0.0105,0.1209,1
0.9456,0.9456,0.9551,1,0.1132,306.2,306.2,0.49,0.0871,0.5279,0
0.5477,0.5023,0.5933,2,0.005,19.9,48.4,3.86,0.2095,0.5077,0
0.9257,0.8691,0.9639,5,0.0395,93.0,200.7,2.66,-0.0521,0.0353,1
0.7932,0.6327,0.817,5,0.5996,99.8,181.6,5.89,0.3082,0.4031,0
0.8435,0.6603,0.8541,5,0.1766,316.4,342.8,4.14,0.0239,0.0382,0
0.8708,0.8634,0.8652,2,0.0322,234.1,349.4,5.14,0.2467,0.4991,0
0.8353,0.7267,0.7644,4,0.2011,276.0,334.8,6.3,-0.0384,0.5893,1
0.8792,0.7832,0.9351,3,0.1104,72.2,106.5,2.08,0.0549,0.3889,1
0.8561,0.8363,0.7889,2,0.0661,262.5,337.6,3.29,0.0562,0.8787,0
0.8228,0.6884,0.7974,4,0.1569,289.0,422.1,3.09,0.1731,0.6493,0
0.7598,0.7014,0.7881,2,0.0758,273.2,346.0,1.29,0.0781,0.2561,1
0.8016,0.7628,0.7823,3,0.0694,38.0,41.8,1.4,0.2497,0.1821,0
0.8308,0.8308,0.7535,1,0.0537,240.9,240.9,1.14,0.1352,0.0943,0
0.9089,0.7889,0.918,5,0.0692,236.6,415.8,7.72,0.0796,0.0513,1
0.7953,0.6632,0.8339,5,0.2036,289.6,424.6,2.67,0.2113,0.6187,0
0.8557,0.6235,0.8208,4,0.0567,166.9,337.6,2.67,0.2082,0.256,0
0.9326,0.9326,0.9835,1,0.1495,151.9,151.9,1.5,0.1388,0.7243,1
0.6771,0.4626,0.6644,2,0.1478,135.9,231.6,3.62,0.2887,0.3461,0
0.8586,0.7061,0.8163,3,0.1868,135.5,267.0,5.1,0.082,0.1148,0
0.8876,0.8174,0.7962,4,0.7604,130.1,290.1,3.79,-0.0126,0.2286,0
0.8782,0.779,0.8303,3,0.8374,36.7,97.5,3.79,0.1516,0.9645,1
0.7975,0.7975,0.6669,1,0.011,37.9,37.9,8.54,-0.0945,0.1751,1
0.7887,0.7887,0.7509,1,0.1182,34.7,34.7,2.99,-0.0103,0.3901,1
0.7849,0.7642,0.7995,2,0.1282,227.3,319.0,0.72,0.1945,0.383,0
0.7303,0.4966,0.7583,4,0.0352,164.1,298.7,12.09,0.3895,0.3944,0
0.9392,0.9148,0.9611,3,0.0234,314.5,428.8,1.83,0.0445,0.0121,0
0.7991,0.7991,0.7536,1,0.0271,54.8,54.8,4.64,-0.1329,0.3863,0
0.8205,0.8205,0.7374,1,0.0919,128.3,128.3,1.04,0.1138,0.4792,1
0.7988,0.7274,0.7063,4,0.42,75.0,140.3,2.21,0.0054,0.306,0
0.8274,0.7325,0.7688,5,0.1084,39.0,46.8,2.62,0.1297,0.2757,0
0.5228,0.5228,0.5196,1,0.0743,172.7,172.7,3.61,-0.0137,0.3965,0
0.8057,0.7103,0.8371,4,0.2715,177.9,202.8,0.98,0.2206,0.0959,0
0.9201,0.7908,0.9968,5,0.1286,227.2,371.6,5.13,-0.1723,0.7435,0
0.8469,0.8469,0.7941,1,0.5744,188.4,188.4,4.27,-0.0759,0.0414,1
0.8598,0.8409,0.8366,2,0.1504,304.0,324.9,1.78,0.1595,0.3513,0
0.8778,0.7881,0.8261,2,0.0202,143.4,218.5,5.54,0.226,0.4631,0
0.8289,0.691,0.7976,5,0.3392,53.0,174.9,2.87,-0.1231,0.3616,0
0.7894,0.672,0.9376,4,0.2068,232.3,383.3,1.0,0.3357,0.3294,0
0.8775,0.7154,1.0,5,0.0784,185.1,303.5,6.34,0.0678,0.5189,0
0.846,0.738,0.7932,4,0.0425,103.5,104.2,2.77,0.3567,0.6928,0
0.7661,0.6872,0.7458,2,0.081,130.4,130.9,0.75,0.2193,0.561,0
0.8523,0.7273,0.8117,4,0.0164,22.9,114.3,1.61,-0.0183,0.2765,0
0.8811,0.8026,0.8765,5,0.6644,141.3,314.6,2.46,0.001,0.3485,0
0.822,0.7892,0.8175,2,0.1381,292.0,341.7,4.21,0.1075,0.453,0
0.8656,0.8318,0.8944,5,0.1704,243.9,265.5,3.02,0.2062,0.2417,1
0.7506,0.7506,0.8696,1,0.4294,144.0,144.0,3.74,0.0821,0.4901,1
0.8479,0.7547,0.8218,3,0.6253,210.0,385.8,1.39,0.0654,0.1828,1
0.8921,0.8195,0.8545,3,0.1456,158.8,182.9,4.98,0.0599,0.2337,1
0.7206,0.6786,0.6909,2,0.2373,36.5,39.7,1.5,-0.0072,0.4523,0
0.8026,0.7594,0.8021,3,0.0189,295.9,305.5,3.85,0.2268,0.0378,0
0.8855,0.8231,0.9079,5,0.1108,46.5,214.0,2.73,0.142,0.3316,1
0.8277,0.8277,0.8119,1,0.0017,220.4,220.4,1.44,0.0469,0.7744,1
0.9095,0.9095,0.8523,1,0.8159,113.7,113.7,4.45,0.0489,0.3385,1
0.9631,0.9537,0.9973,2,0.0739,110.1,252.7,3.91,0.0996,0.7457,1
0.8349,0.685,0.7869,4,0.1112,257.0,357.0,0.25,0.3264,0.6466,0
0.9015,0.8104,0.8701,5,0.0667,34.2,192.9,3.97,0.2477,0.1934,1
0.802,0.6705,0.7618,4,0.2356,32.3,140.7,2.98,0.1611,0.0176,1
0.8523,0.8523,0.8133,1,0.3306,35.8,35.8,4.86,-0.0311,0.1726,0
0.879,0.6835,0.8667,4,0.2413,152.2,176.7,2.46,0.0939,0.4307,0
0.7862,0.7004,0.8182,4,0.2709,93.0,198.5,1.61,0.0266,0.1303,0
0.8708,0.7472,0.8212,2,0.1728,182.1,203.7,4.13,0.0692,0.6597,0
0.7621,0.7621,0.7503,1,0.1317,264.4,264.4,9.52,-0.0174,0.7242,1
0.8537,0.8537,0.8142,1,0.1677,102.5,102.5,11.65,-0.018,0.731,1
0.8311,0.6856,0.8473,3,0.005,145.2,265.8,14.0,0.0565,0.0285,0
0.8457,0.7314,0.9305,5,0.1779,183.5,223.3,2.44,0.1445,0.0976,1
0.8534,0.8061,0.7632,4,0.2538,319.5,413.7,8.03,0.1164,0.1249,1
0.8141,0.7017,0.7659,4,0.8759,140.3,163.9,2.69,0.0327,0.2608,1
0.8955,0.8303,0.8584,2,0.3042,21.4,45.7,1.43,0.1539,0.1552,1
0.8164,0.7192,0.748,5,0.1666,103.5,136.8,7.43,-0.0084,0.1215,0
0.8193,0.6906,0.6988,2,0.3731,219.7,272.9,3.55,0.2074,0.5552,1
0.9554,0.9554,0.9492,1,0.2097,152.9,152.9,6.19,0.0412,0.2104,1
0.7593,0.6405,0.7379,2,0.5023,113.8,204.9,2.37,0.0321,0.0522,1
0.8274,0.672,0.7619,3,0.0577,140.9,248.6,3.27,0.1311,0.1333,0
0.8846,0.8846,0.823,1,0.6204,120.3,120.3,3.8,0.366,0.5376,1
0.7854,0.7153,0.7895,3,0.1323,23.2,172.4,7.62,0.1459,0.673,1
0.864,0.8338,0.7297,4,0.0535,55.8,216.8,0.85,0.2664,0.5104,0
0.9083,0.8436,0.8526,4,0.2099,310.5,320.3,3.51,0.2403,0.1723,1
0.8052,0.6532,0.9003,5,0.348,47.9,142.1,5.37,0.1088,0.1574,1
0.7672,0.6752,0.7768,3,0.0546,193.0,325.7,2.89,0.0863,0.2748,0
0.8401,0.7105,0.8375,3,0.122,246.2,418.1,7.51,0.1693,0.134,1
0.8893,0.7688,0.986,5,0.1119,30.7,160.7,3.46,0.0169,0.5983,0
0.8678,0.7846,0.8624,5,0.3258,60.6,74.0,2.78,0.2299,0.1501,0
0.8558,0.6932,0.9129,4,0.1852,141.5,196.2,4.97,0.0041,0.2576,1
0.8883,0.8532,0.9012,2,0.0895,20.7,79.7,1.81,0.2885,0.5303,0
0.8181,0.7968,0.7441,2,0.0993,30.8,122.5,2.95,0.1647,0.0113,1
0.8854,0.8406,0.8518,3,0.0941,254.4,263.9,9.41,0.1533,0.4182,1
0.9207,0.8553,0.8627,4,0.6568,117.5,140.3,9.48,0.3654,0.2499,0
0.942,0.942,0.8942,1,0.3971,201.8,201.8,7.48,0.0748,0.2915,1
0.8463,0.647,0.796,4,0.1889,63.6,123.3,1.22,0.0083,0.2603,0
0.8677,0.7996,0.9334,4,0.0919,133.8,236.5,8.86,-0.0662,0.4574,0
0.7963,0.7035,0.8253,4,0.0905,285.3,456.8,2.63,0.1394,0.2744,0
0.746,0.5924,0.7515,3,0.0557,28.0,126.6,5.54,0.2049,0.6299,0
0.5581,0.5581,0.5858,1,0.0136,228.4,228.4,4.01,0.1414,0.3728,0
0.9625,0.9599,0.8811,2,0.1328,157.6,206.0,1.48,0.2671,0.3474,0
0.8287,0.7189,0.8423,5,0.0843,148.4,197.9,2.06,0.0875,0.1691,0
0.8136,0.8136,0.803,1,0.116,215.2,215.2,4.14,0.1726,0.7534,1
0.8177,0.7288,0.8823,4,0.0041,227.8,319.6,2.95,0.1343,0.5767,0
0.7651,0.6262,0.8051,4,0.4283,68.6,170.0,1.85,0.1192,0.8019,0
0.873,0.8167,0.9201,3,0.0721,305.4,347.3,2.74,0.1369,0.0217,1
0.95,0.9055,0.9773,3,0.1043,261.9,317.6,2.46,0.0148,0.86,1
0.7655,0.7655,0.834,1,0.0834,135.1,135.1,1.72,0.2727,0.0445,0
0.8676,0.6825,0.8354,3,0.3805,268.9,417.6,6.31,0.1645,0.1245,0
0.7147,0.7147,0.6466,1,0.2425,254.3,254.3,5.35,0.0709,0.2427,0
0.8924,0.8775,0.8361,2,0.0892,303.0,378.2,4.6,-0.0229,0.3946,1
0.7168,0.45,0.6867,3,0.1302,319.3,345.9,0.14,0.1345,0.6834,0
0.7997,0.6252,0.8154,3,0.6958,167.4,190.7,0.93,0.1298,0.3942,1
0.7647,0.5748,0.7677,2,0.6835,91.7,230.1,3.97,0.0801,0.2739,1
0.8202,0.7437,0.8219,4,0.0012,40.0,135.3,2.18,0.177,0.3431,1
0.7402,0.5414,0.8021,5,0.0347,247.6,355.5,1.64,0.19,0.329,0
0.8215,0.5641,0.731,3,0.1539,80.7,82.3,2.25,-0.0388,0.3242,0
0.7999,0.5763,0.8036,4,0.0517,52.0,184.4,4.21,0.1686,0.39,0
0.716,0.7099,0.7667,2,0.1626,288.3,320.7,1.01,0.076,0.1183,0
0.8212,0.6969,0.793,4,0.1188,316.1,334.1,2.16,0.0592,0.2044,1
0.8274,0.6397,0.9007,3,0.1071,34.2,55.4,4.1,-0.0022,0.2474,1
0.7365,0.4935,0.7738,5,0.121,21.7,70.8,1.1,0.0554,0.6615,0
0.9486,0.9486,1.0,1,0.0643,197.0,197.0,1.7,0.3595,0.82,1
0.8252,0.8252,0.9024,1,0.0878,123.3,123.3,1.08,0.0159,0.6167,0
0.8862,0.861,0.9705,2,0.5269,118.5,167.7,4.35,0.3777,0.6134,1
0.9167,0.8739,0.8771,4,0.3413,171.5,211.1,3.63,0.2884,0.0991,1
0.7231,0.6203,0.7691,3,0.1681,133.4,246.6,5.24,0.124,0.2419,1
0.794,0.5457,0.7294,4,0.1709,211.7,367.5,2.44,0.2177,0.3201,0
0.7339,0.7184,0.6992,2,0.0113,143.0,186.4,1.65,-0.0816,0.2534,0
0.9245,0.9245,0.7758,1,0.1216,279.5,279.5,5.99,0.2192,0.2863,0
0.8673,0.8028,0.9319,2,0.3302,143.2,275.7,3.11,0.0557,0.3955,0
0.8484,0.7616,0.8641,3,0.0604,181.2,306.5,3.23,0.209,0.4091,0
0.7495,0.7185,0.754,2,0.0434,265.7,414.2,8.28,-0.0799,0.1685,0
0.9628,0.9628,1.0,1,0.0983,126.6,126.6,1.8,0.1878,0.6406,1
0.8581,0.7533,0.8715,5,0.3902,124.1,169.4,1.58,-0.1086,0.096,0
0.7679,0.579,0.732,3,0.3713,236.7,358.7,1.97,0.1064,0.265,0
0.9484,0.9416,0.9087,2,0.1337,119.5,291.1,4.1,0.1254,0.1013,0
0.7919,0.6688,0.8012,3,0.5388,312.9,372.0,4.86,0.0566,0.7414,1
0.8043,0.6431,0.7105,3,0.0247,302.9,310.1,2.1,0.0123,0.4434,0
0.8278,0.6665,0.8882,3,0.0284,250.1,281.1,1.54,-0.0425,0.0296,0
0.83,0.5114,0.8202,5,0.0396,289.6,330.4,2.82,0.2479,0.0964,0
0.8494,0.8003,0.8144,5,0.1328,177.6,286.2,2.35,0.0906,0.1764,0
0.8634,0.8634,0.9204,1,0.4033,96.6,96.6,1.11,0.0371,0.2454,0
0.8522,0.5824,0.7648,4,0.2077,137.0,219.0,1.31,-0.0077,0.2371,0
0.794,0.6124,0.6679,3,0.1395,190.5,353.3,1.1,0.2981,0.0871,0
0.8922,0.8482,0.8834,3,0.0379,205.5,358.6,3.44,0.189,0.4645,1
0.7286,0.5068,0.6729,3,0.151,175.1,224.0,1.28,0.0294,0.6268,0
0.8283,0.778,0.7438,5,0.3111,289.3,396.1,0.47,0.307,0.5459,0
0.8472,0.8472,0.8853,1,0.5459,86.2,86.2,3.35,0.2213,0.8373,1
0.8118,0.7329,0.7504,3,0.3787,89.3,204.9,7.36,0.3353,0.5373,0
0.8997,0.8657,0.916,3,0.0334,144.2,249.6,3.72,0.2179,0.841,0
0.98,0.9693,1.0,2,0.2542,212.2,390.6,2.45,0.0376,0.522,0
0.8253,0.8009,0.8418,3,0.2283,230.4,284.0,1.64,0.2163,0.2068,0
0.8301,0.8301,0.7527,1,0.7046,82.6,82.6,1.59,0.1282,0.1458,1
0.7346,0.5467,0.8209,5,0.0226,125.4,241.4,0.49,0.1138,0.1973,0
0.7806,0.6913,0.7848,4,0.0844,216.9,391.9,6.03,0.1167,0.2825,0
0.9209,0.8469,1.0,2,0.1647,287.3,441.0,2.85,0.0253,0.4383,1
0.9023,0.8921,0.9288,4,0.3571,224.9,348.0,1.83,0.0675,0.1836,0
0.9285,0.8905,0.9643,3,0.1524,198.0,346.4,3.6,0.0079,0.4156,1
0.7224,0.6623,0.897,3,0.2398,198.7,297.3,1.62,0.0081,0.27,0
0.9083,0.8334,0.8712,4,0.0034,233.2,335.0,1.47,0.1677,0.5476,0
0.8563,0.7596,0.8782,5,0.0657,305.4,414.5,3.16,0.0747,0.0689,0
0.7792,0.6958,0.8065,2,0.3991,251.1,395.7,1.02,-0.0481,0.5159,0
0.7931,0.7198,0.7087,3,0.1119,102.7,187.2,3.14,0.1916,0.843,1
0.877,0.7782,0.8446,2,0.0501,65.3,168.2,1.72,0.0622,0.8194,1
0.8213,0.8213,0.7253,1,0.2886,242.6,242.6,3.69,0.1031,0.51,1
0.9507,0.9085,0.9118,2,0.0157,45.8,123.4,2.11,0.2869,0.9073,1
0.8564,0.806,0.8405,3,0.125,313.8,354.1,4.94,-0.019,0.1545,0
0.8363,0.6727,0.8833,4,0.0404,88.9,163.7,3.31,0.1817,0.011,0
0.9059,0.7461,0.9507,5,0.1288,296.3,391.7,2.67,0.0259,0.4859,1
0.8106,0.6659,0.8318,4,0.1005,257.6,285.4,3.42,0.0875,0.1593,0
0.8315,0.5607,0.8263,4,0.2392,292.4,342.4,8.34,0.1875,0.3444,0
0.7898,0.6181,0.8064,5,0.0839,306.2,332.7,1.18,0.1159,0.3093,0
0.8782,0.837,0.9774,3,0.0157,218.1,265.6,6.03,0.114,0.3707,0
0.8214,0.7127,0.7966,2,0.0449,81.4,98.1,1.84,0.1425,0.047,1
0.8738,0.7734,0.9627,2,0.0652,48.8,148.9,3.57,0.2298,0.2382,1
0.8632,0.6934,0.7873,5,0.3918,242.1,409.6,0.87,0.0959,0.2897,0
0.8276,0.765,0.8539,4,0.2242,222.3,309.3,2.79,0.1658,0.7261,1
0.9103,0.9058,0.8934,2,0.1421,135.6,147.9,4.22,0.0977,0.4074,1
0.8784,0.7669,0.7848,5,0.3212,190.1,241.1,4.44,0.0243,0.05,0
0.839,0.7146,0.7422,4,0.0247,80.4,143.9,1.34,0.1264,0.3311,0
0.8371,0.6579,0.8449,4,0.022,177.6,263.9,5.37,0.1914,0.0375,0
0.8606,0.8181,0.7905,2,0.3953,258.3,304.8,3.94,0.1497,0.4369,1
0.8456,0.7222,0.9322,3,0.2785,138.5,175.8,3.91,0.0963,0.2246,1
0.8065,0.6024,0.9014,4,0.2417,173.2,179.0,2.12,0.1304,0.1677,0
0.7044,0.5827,0.6641,2,0.1555,116.4,151.1,2.82,0.0379,0.1759,1
0.7524,0.45,0.6545,5,0.3472,137.7,178.5,4.57,0.121,0.0457,0
0.8837,0.6523,0.8836,4,0.0627,258.2,273.7,3.6,0.2857,0.1737,0
0.8044,0.6507,0.8652,2,0.2834,34.5,176.5,1.49,-0.0371,0.6697,1
0.8763,0.7683,0.7751,5,0.0232,19.4,195.3,3.62,0.122,0.3735,0
0.8531,0.8531,0.8699,1,0.008,148.3,148.3,2.88,0.0617,0.2676,1
0.839,0.7282,0.9593,3,0.4526,289.8,359.6,6.57,0.0473,0.0732,1
0.9303,0.9303,0.9133,1,0.4693,179.8,179.8,2.35,-0.0145,0.781,1
0.7382,0.5937,0.7102,4,0.2381,298.1,383.6,6.43,0.0522,0.1735,0
0.9815,0.9815,1.0,1,0.0099,202.1,202.1,3.06,-0.0205,0.0358,1
0.9101,0.8431,0.9736,4,0.1806,25.7,33.4,3.1,0.0079,0.1665,1
0.8121,0.7303,0.7652,3,0.1572,176.8,257.2,3.52,-0.1099,0.2213,0
0.8411,0.6393,0.8808,5,0.0838,195.1,279.7,3.6,0.1865,0.4171,0
0.7503,0.6777,0.8192,2,0.0611,46.1,67.8,8.9,0.1676,0.3194,1
0.8373,0.8038,0.8378,3,0.0091,78.3,147.7,3.91,0.1897,0.0488,1
0.8077,0.6823,0.7049,5,0.1737,99.6,241.2,2.6,0.0772,0.6002,1
0.9111,0.8626,0.9294,3,0.2496,107.8,193.0,8.14,-0.1808,0.4006,1
0.8068,0.6687,0.8171,4,0.0447,143.1,283.8,2.89,0.003,0.3452,0
0.8486,0.7228,0.9205,2,0.0523,198.8,320.0,1.67,-0.038,0.8624,0
0.7721,0.692,0.8255,5,0.04,179.5,260.4,5.62,0.1562,0.0471,0
0.8871,0.8411,0.8804,3,0.1949,42.7,46.1,2.56,0.2163,0.6185,1
0.6301,0.6301,0.6501,1,0.2878,72.1,72.1,1.26,0.1708,0.1856,0
0.7557,0.6806,0.8199,2,0.028,283.7,409.0,2.45,0.2831,0.5082,1
0.6901,0.5409,0.6739,2,0.1785,64.0,232.2,4.5,0.0233,0.0865,0
0.8117,0.7176,0.8845,2,0.1857,269.1,447.6,4.46,-0.0025,0.2509,0
0.8186,0.7904,0.7659,4,0.0259,294.6,311.4,5.62,0.1313,0.3855,0
0.8545,0.8545,0.9195,1,0.1463,31.7,31.7,0.54,0.4394,0.1068,1
0.8759,0.7327,0.8831,3,0.0418,70.8,218.2,2.42,0.1699,0.4598,1
0.9279,0.8879,0.9312,4,0.0339,136.8,139.3,2.86,0.2288,0.8804,1
0.9115,0.8924,0.8512,2,0.0238,133.8,259.9,2.11,0.2066,0.0229,0
0.945,0.9213,0.8886,4,0.2874,123.2,254.8,3.65,0.1828,0.2382,1
0.8762,0.8036,0.9464,3,0.1186,161.0,288.0,2.86,-0.0088,0.3416,0
0.767,0.767,0.7514,1,0.0063,169.5,169.5,2.04,0.0892,0.4644,0
0.8507,0.7288,0.896,2,0.1311,188.8,220.9,0.98,0.0897,0.2103,1
0.7838,0.7155,0.788,5,0.0099,168.5,264.1,1.68,0.0624,0.5723,0
0.8177,0.5612,0.9102,5,0.2264,40.8,191.6,1.41,0.3507,0.3642,0
0.8364,0.7805,0.7526,5,0.2166,20.0,75.9,3.52,0.113,0.1359,1
0.8532,0.7946,0.8827,4,0.2336,177.5,336.7,2.64,0.1824,0.1703,0
0.9221,0.8338,0.7458,3,0.0171,16.1,123.1,1.8,0.0547,0.2178,1
0.8685,0.7409,0.7888,3,0.1508,260.4,301.4,4.86,0.0726,0.1624,0
0.7806,0.6893,0.7584,4,0.5881,313.6,403.6,6.21,0.2324,0.5715,0
0.7547,0.6216,0.7107,4,1.0,305.5,460.6,4.34,-0.0052,0.4998,0
0.8763,0.7023,0.8926,5,0.1407,47.5,159.3,0.2,0.0382,0.1994,0
0.9272,0.8483,0.9678,5,0.1226,133.4,215.1,3.45,-0.1088,0.7807,1
0.8162,0.5958,0.8488,5,0.0224,279.5,380.9,2.24,0.1047,0.0144,0
0.8662,0.8662,0.914,1,0.2301,113.5,113.5,1.64,0.101,0.3215,1
0.8321,0.7527,0.7414,4,0.1171,62.3,230.2,1.5,0.2226,0.6221,0
0.7817,0.6099,0.8047,2,0.0091,27.0,158.3,2.54,0.3523,0.1087,1
0.8825,0.8535,0.9383,3,0.0402,308.0,356.8,2.94,0.0753,0.2261,0
0.7821,0.7821,0.7389,1,0.2685,273.9,273.9,4.37,0.0578,0.7363,1
0.9223,0.9223,0.9347,1,0.0062,178.3,178.3,2.41,-0.0737,0.0426,1
0.7648,0.7182,0.6955,4,0.0024,218.4,296.7,9.33,0.1433,0.4545,0
0.8708,0.8339,0.8114,3,0.2797,36.9,95.4,1.97,0.3102,0.0225,1
0.8681,0.6774,0.8552,4,0.0932,90.1,193.0,3.27,0.2249,0.3378,0
0.9197,0.9041,0.8573,2,0.1036,255.8,267.1,3.76,0.1828,0.1617,1
0.8278,0.505,0.7739,5,0.1238,154.0,270.2,3.89,0.1847,0.2579,0
0.8369,0.8243,0.8466,2,0.1016,158.1,330.7,2.54,0.1145,0.2952,1
0.7693,0.6399,0.6496,3,0.3744,83.7,162.9,2.84,0.23,0.0947,0
0.7804,0.5923,0.7873,4,0.1069,126.8,176.6,4.55,0.2877,0.3594,0
0.8668,0.784,0.7292,4,0.0529,117.7,135.3,2.84,0.167,0.6368,1
0.8895,0.7894,0.7968,5,0.0416,96.9,247.2,2.52,0.1453,0.5792,0
0.9357,0.8854,0.9535,4,0.1211,264.7,420.1,4.37,0.1324,0.8334,1
0.9356,0.9264,0.9268,2,0.0406,55.6,97.8,10.93,0.0793,0.1818,1
0.8633,0.7856,0.8757,4,0.0038,192.5,332.1,0.94,0.1153,0.0433,0
0.7771,0.5098,0.8275,5,0.0589,65.1,133.8,1.94,0.1911,0.6522,0
0.8182,0.8182,0.7617,1,0.1614,300.4,300.4,6.9,-0.0044,0.0494,1
0.8188,0.7542,0.821,4,0.2374,42.6,74.0,0.56,-0.0098,0.5148,0
0.9066,0.8673,0.8732,4,0.144,232.9,338.5,2.63,-0.0419,0.2104,1
0.8142,0.7012,0.8592,3,0.0666,152.5,279.9,1.62,0.3862,0.6718,0
0.8843,0.797,0.9646,2,0.0871,73.3,160.4,8.43,-0.1597,0.2995,1
0.8425,0.6258,0.8167,5,0.1642,116.9,233.8,4.46,0.3224,0.0734,0
0.888,0.8069,0.8833,5,0.0781,54.0,130.8,7.08,0.1286,0.2043,0
0.9094,0.8688,0.9783,4,0.3524,216.0,238.6,1.6,0.0607,0.419,1
0.9543,0.9543,0.943,1,0.0212,206.8,206.8,11.82,0.0188,0.6869,1
0.8664,0.7251,0.9001,4,0.3037,163.6,289.3,6.3,0.1194,0.0627,1
0.8596,0.634,0.7889,3,0.2085,167.7,290.4,2.4,0.0266,0.2001,0
0.874,0.874,0.8484,1,0.0131,261.0,261.0,5.66,0.1526,0.0827,1
0.9117,0.7426,0.9228,5,0.0734,236.5,297.3,5.42,0.0704,0.398,1
0.6938,0.6938,0.7221,1,0.2812,61.6,61.6,1.8,0.2215,0.0832,0
0.8793,0.8438,0.8746,5,0.185,97.7,172.3,2.18,-0.0111,0.1199,0
0.8429,0.7714,0.8397,3,0.0161,138.7,171.4,3.63,0.0569,0.5468,1
0.9551,0.9189,0.9451,3,0.1872,42.1,167.6,9.9,0.1284,0.4563,1
0.8406,0.7454,0.7172,2,0.0889,79.4,177.2,2.37,0.3468,0.1432,1
0.838,0.6859,0.8212,5,0.0494,157.1,241.2,2.27,0.3778,0.0879,0
0.7694,0.45,0.7683,3,0.1467,217.5,297.3,2.91,0.0778,0.1089,0
0.9563,0.9162,0.8621,3,0.1789,24.0,33.0,2.09,0.0536,0.3808,1
0.8839,0.8808,0.7322,2,0.2327,194.5,264.3,3.56,0.1079,0.0896,1
0.8687,0.713,0.8898,5,0.5609,286.7,335.1,4.67,0.272,0.2864,0
0.8568,0.7714,0.8048,5,0.2638,45.6,78.8,1.16,0.0706,0.7348,0
0.939,0.8572,0.9972,3,0.1514,221.7,304.4,2.0,0.0898,0.2349,0
0.8438,0.7668,0.8631,4,0.1318,247.6,398.9,0.88,0.0505,0.6495,0
0.8927,0.8708,0.9407,2,0.0499,168.3,287.6,0.83,0.0372,0.007,0
0.9224,0.8837,0.9776,4,0.0295,226.0,391.1,3.73,0.0296,0.3259,0
0.8192,0.7853,0.7565,4,0.0043,261.0,314.3,4.88,0.1595,0.3122,1
0.8629,0.7276,0.8336,5,0.5879,49.4,172.1,7.86,0.1597,0.4702,1
0.744,0.744,0.7676,1,0.1323,163.7,163.7,2.31,0.0164,0.272,0
0.7646,0.7646,0.8431,1,0.0467,152.3,152.3,6.95,0.1174,0.2047,1
0.746,0.6111,0.7075,2,0.0145,259.3,420.0,11.23,-0.0098,0.3844,0
0.8779,0.8779,0.8817,1,0.2941,170.7,170.7,4.15,-0.004,0.1701,1
0.8114,0.6613,0.783,2,0.1072,215.0,280.5,3.23,0.2956,0.1399,0
0.7721,0.5898,0.716,5,0.0553,292.4,359.1,1.98,0.0123,0.4376,0
0.5367,0.5367,0.4412,1,0.1725,155.8,155.8,0.48,0.1267,0.0319,0
0.8885,0.8238,0.9548,4,0.1975,187.0,292.9,0.45,0.1895,0.2126,0
0.9312,0.9312,0.9207,1,0.2559,27.3,27.3,5.82,0.1265,0.6711,1
0.8519,0.8519,0.8049,1,0.0261,22.3,22.3,1.52,0.1769,0.0761,0
0.8908,0.7007,0.8368,5,0.0705,109.7,133.0,3.04,0.0599,0.1181,0
0.9264,0.9086,0.8354,2,0.5033,262.3,272.3,1.51,-0.0487,0.1397,0
0.6885,0.4583,0.7186,4,0.0975,160.2,308.7,1.44,0.1628,0.2354,0
0.7792,0.6185,0.8359,3,0.0323,263.7,356.2,0.84,0.1642,0.1479,0
0.9434,0.9248,0.9297,4,0.2669,220.4,245.5,13.08,0.153,0.197,1
0.8145,0.5016,0.8117,3,0.1355,120.0,192.7,12.11,-0.0357,0.4043,0
0.9031,0.793,0.8799,4,0.068,134.4,255.8,2.97,0.3329,0.5261,1
0.826,0.7065,0.8211,2,0.2388,84.1,98.3,6.47,0.0491,0.4453,1
0.8272,0.8196,0.9294,2,0.0424,75.3,205.6,5.7,0.0027,0.6796,1
0.8281,0.7403,0.8501,5,0.0078,280.4,395.9,4.92,0.161,0.1681,1
0.7133,0.6214,0.6961,2,0.2495,73.5,133.7,4.62,0.2207,0.7395,1
0.8228,0.7778,0.8643,3,0.1191,106.8,213.1,3.66,-0.0531,0.2025,0
0.8436,0.8425,0.8286,2,0.0816,308.1,396.0,1.54,0.0389,0.3047,0
0.809,0.809,0.7391,1,0.2454,120.5,120.5,8.72,0.0826,0.3906,1
0.7657,0.7657,0.6852,1,0.0621,206.5,206.5,5.03,0.1092,0.0597,1
0.8215,0.7457,0.7805,2,0.4515,234.7,374.5,5.92,0.2687,0.2574,1
0.8206,0.7303,0.855,3,0.0264,237.1,330.2,4.36,0.2617,0.1973,0
0.84,0.7403,0.8347,3,0.0204,111.4,219.7,1.7,0.2394,0.2123,1
0.7526,0.7204,0.6994,2,0.0289,180.4,199.6,1.43,0.1506,0.3004,0
0.8117,0.6339,0.8171,5,0.1282,146.1,241.8,8.37,0.1251,0.3357,1
0.7203,0.6894,0.7309,2,0.036,217.8,301.0,0.39,0.0984,0.6383,0
0.78,0.6377,0.7757,5,0.0089,241.4,353.8,5.38,0.2439,0.5415,0
0.9123,0.7905,0.9703,4,0.471,47.2,162.6,1.74,0.2311,0.0639,0
0.913,0.913,1.0,1,0.1023,71.2,71.2,4.87,0.0473,0.2709,0
0.9011,0.8482,0.9419,3,0.1314,66.0,210.1,1.66,0.1186,0.1126,1
0.8128,0.8128,0.8388,1,0.016,41.0,41.0,6.81,0.0512,0.4841,1
0.8877,0.849,0.8896,2,0.4533,124.3,269.9,1.39,0.0056,0.7331,0
0.8673,0.7537,0.9015,5,0.0139,69.0,213.0,7.94,0.1059,0.7951,1
0.8901,0.8226,0.951,2,0.0043,25.0,53.2,5.24,-0.1082,0.2436,1
0.7255,0.541,0.7635,4,0.2502,306.2,450.0,1.26,0.0587,0.394,0
0.8266,0.7587,0.7753,4,0.1403,62.3,229.8,1.32,0.095,0.3681,1
0.9254,0.8737,0.8836,2,0.0945,77.1,202.1,6.83,0.2291,0.0808,1
0.9479,0.9479,1.0,1,0.0845,140.3,140.3,0.97,0.2336,0.3422,1
0.6338,0.6338,0.6398,1,0.2641,312.0,312.0,1.32,0.1398,0.3157,0
0.9684,0.9684,1.0,1,0.1336,104.9,104.9,3.18,0.0461,0.2015,1
0.7335,0.4959,0.6756,3,0.4049,181.1,264.4,3.5,0.133,0.7618,0
0.88,0.7891,0.8508,3,0.3693,279.0,285.3,6.51,-0.171,0.1723,1
0.9069,0.8237,0.9789,4,0.0553,218.3,227.6,1.3,-0.0685,0.3365,0
0.9026,0.9026,0.8717,1,0.3854,49.7,49.7,6.49,0.2568,0.2315,1
0.886,0.886,0.9149,1,0.486,40.8,40.8,0.81,0.157,0.4818,1
0.8298,0.6736,0.9124,5,0.1819,304.6,403.8,1.55,-0.013,0.3922,0
0.7893,0.7314,0.7344,3,0.0295,69.5,143.8,3.28,0.1032,0.6201,0
0.8518,0.8422,0.9116,2,0.014,60.3,113.7,5.18,-0.1952,0.073,1
0.9594,0.9594,0.8973,1,0.1176,187.9,187.9,5.49,0.1814,0.0742,1
0.8438,0.7394,0.8515,5,0.0711,66.8,151.6,9.63,0.2691,0.5435,1
0.7219,0.7016,0.6425,3,0.0093,164.4,336.8,4.97,0.0316,0.2482,0
0.7551,0.6496,0.5622,5,0.018,236.3,241.3,2.78,0.1821,0.1203,0
0.8943,0.7683,0.9577,5,0.181,84.6,113.8,4.83,0.0775,0.3197,1
0.7183,0.45,0.7261,5,0.3208,148.5,246.2,1.49,0.0099,0.0647,0
0.7554,0.7106,0.6672,2,0.2425,253.1,273.5,2.62,0.0617,0.3072,1
0.8677,0.7939,0.8288,2,0.1256,129.7,260.3,2.77,0.1539,0.0996,0
0.8261,0.791,0.8671,2,0.1887,72.0,144.4,8.26,0.0954,0.2361,1
0.9373,0.9246,0.9541,2,0.0937,247.0,296.2,5.62,0.038,0.0628,1
0.8755,0.7815,0.8863,2,0.0047,311.7,449.9,1.84,0.2378,0.272,1
0.8674,0.7965,0.9316,3,0.8542,292.3,354.1,1.21,0.1215,0.4022,0
0.8047,0.7046,0.6873,4,0.1809,247.6,285.0,4.27,0.2348,0.3321,0
0.9127,0.9127,0.7635,1,0.0747,152.3,152.3,8.75,0.2709,0.548,1
0.8486,0.7549,0.9263,4,0.5477,247.9,390.9,5.12,0.2112,0.1499,1
0.8075,0.5978,0.8351,5,0.0789,44.4,79.8,3.07,0.1464,0.6169,0
0.9088,0.9088,0.8268,1,0.0752,310.7,310.7,1.61,0.2305,0.872,1
0.6829,0.5728,0.6602,3,0.2417,92.9,143.2,1.73,0.1741,0.4565,0
0.6981,0.5582,0.4997,4,0.0438,315.2,420.8,1.29,0.0775,0.5403,0
0.8524,0.7141,0.8373,5,0.0897,277.2,407.7,0.8,0.0469,0.0839,1
0.8475,0.6767,0.8637,3,0.2075,143.7,212.2,3.31,0.0369,0.3868,1
0.7807,0.6088,0.8134,4,0.0759,146.8,320.9,4.68,-0.012,0.2868,0
0.8517,0.7722,0.9304,4,0.089,144.0,292.7,1.28,-0.0058,0.2171,0
0.8159,0.7838,0.7976,4,0.0964,151.1,212.3,7.92,0.1381,0.3357,0
0.7701,0.6412,0.7231,4,0.0203,81.5,194.2,2.61,0.0699,0.0565,0
0.8424,0.7424,0.8848,4,0.0934,141.0,147.0,4.5,0.1434,0.0704,0
0.8848,0.8679,0.7942,2,0.5162,124.4,219.7,8.12,0.4155,0.3524,1
0.8481,0.7725,0.9094,2,0.1176,291.2,349.3,2.86,0.0536,0.0134,0
0.9394,0.9258,0.9454,2,0.5376,121.6,155.3,4.89,-0.0484,0.1497,0
0.8887,0.7965,0.9764,4,0.0903,167.0,276.3,1.25,0.1273,0.2842,0
0.7713,0.577,0.7919,5,0.117,27.3,80.3,1.52,0.0565,0.1627,0
0.8675,0.8675,0.9115,1,0.0851,60.0,60.0,8.34,0.2441,0.6596,1
0.829,0.6375,0.8774,5,0.0977,223.1,321.1,2.58,-0.2077,0.0602,0
0.7732,0.6425,0.7975,5,0.0606,67.1,97.5,2.5,0.16,0.3666,0
0.8303,0.7012,0.9466,4,0.0342,57.7,180.0,7.79,-0.1584,0.1759,0
0.833,0.6941,0.9256,5,0.0436,202.8,280.4,1.07,-0.0968,0.5478,0
0.7795,0.7795,0.7985,1,0.3001,317.5,317.5,5.05,-0.0674,0.296,0
0.8749,0.7284,0.911,3,0.3984,106.1,207.0,1.4,-0.2159,0.3568,0
0.7904,0.7904,0.8204,1,0.2977,67.5,67.5,8.25,-0.0298,0.8855,0
0.7136,0.4737,0.7433,5,0.0042,79.7,129.3,2.02,0.0915,0.165,0
0.6808,0.5081,0.6796,3,0.061,54.3,213.3,2.25,0.2323,0.1064,0
0.8317,0.8317,0.8711,1,0.4213,65.1,65.1,7.57,0.2288,0.4101,1
0.917,0.8581,0.9169,3,0.0641,287.1,453.6,1.28,0.0352,0.4897,1
0.8702,0.8433,0.764,3,0.4084,209.0,253.2,0.38,0.1748,0.3061,0
0.7473,0.4965,0.8058,4,0.1608,272.5,287.2,6.13,0.3144,0.2308,0
0.8487,0.6904,0.8683,4,0.1172,168.5,305.1,6.3,0.2909,0.4629,1
0.8317,0.704,0.8082,4,0.659,248.9,287.9,2.54,0.2616,0.2723,0
0.8877,0.7922,0.9305,4,0.4628,67.0,239.7,5.32,0.1059,0.0483,0
0.8331,0.7046,0.8547,5,0.5063,308.9,471.6,2.62,0.2139,0.3545,0
0.821,0.6105,0.9134,3,0.377,212.4,228.4,4.5,-0.1247,0.2394,0
0.756,0.6431,0.8353,4,0.0269,312.4,473.4,1.11,0.471,0.0846,0
0.7642,0.7201,0.7963,5,0.1126,105.9,186.0,6.25,0.077,0.5105,0
0.7799,0.7799,0.8408,1,0.361,121.0,121.0,3.65,0.0757,0.3839,0
0.786,0.7626,0.7412,5,0.1402,136.5,163.2,2.24,0.3944,0.3742,0
0.8835,0.8253,0.9185,2,0.0392,70.4,193.4,3.78,-0.0742,0.1148,1
0.8583,0.8481,0.8809,3,0.1373,289.7,416.9,2.13,0.1398,0.3651,0
0.7991,0.6523,0.9173,2,0.0189,45.8,155.8,1.98,0.1529,0.2025,1
0.6644,0.5778,0.7315,2,0.1039,103.3,156.2,3.43,0.1339,0.3607,0
0.8609,0.8609,0.7892,1,0.4253,136.0,136.0,6.3,0.1789,0.0785,1
0.8074,0.531,0.8288,5,0.1341,301.9,474.4,2.87,0.0599,0.3046,0
0.7041,0.5197,0.6869,4,0.0616,290.0,457.1,6.03,0.1603,0.6457,0
0.7975,0.5964,0.8536,3,0.2869,312.7,364.3,0.93,0.1325,0.146,0
0.8138,0.6409,0.7912,4,0.1354,78.8,169.7,6.0,0.0097,0.0746,0
0.8171,0.7384,0.8459,4,0.0387,21.1,85.9,1.27,0.2659,0.3738,1
0.8786,0.8385,0.8114,3,0.6132,222.5,240.4,2.48,0.022,0.377,1
0.8833,0.7463,0.8783,5,0.0469,31.0,114.6,0.93,0.2366,0.2543,1
0.8343,0.6994,0.6864,5,0.6691,109.6,194.9,2.94,0.034,0.6713,0
0.7043,0.6428,0.6568,4,0.048,75.4,164.1,7.69,0.1564,0.0907,0
0.8542,0.8542,0.8091,1,0.2885,246.8,246.8,3.59,0.1861,0.1464,1
0.7471,0.6953,0.7933,3,0.1279,310.0,458.3,1.45,0.2045,0.4216,0
0.849,0.7565,0.8197,2,0.0034,131.6,212.6,4.03,0.0613,0.1528,0
0.8976,0.8023,0.944,3,0.055,201.5,341.1,1.52,0.2678,0.2113,1
0.8262,0.6847,0.8487,2,0.1985,98.0,257.4,5.24,0.0369,0.0469,1
0.873,0.7494,0.8205,5,0.27,203.5,259.9,2.02,-0.0959,0.2294,0
0.7538,0.7538,0.7359,1,0.0633,55.4,55.4,1.66,0.1663,0.4047,1
0.7507,0.7507,0.6855,1,0.0262,225.2,225.2,3.38,0.0938,0.5288,1
0.7798,0.6891,0.8608,5,0.1485,137.8,160.5,3.81,0.2284,0.403,0
0.8963,0.844,0.9263,5,0.1235,50.5,176.2,0.94,0.1968,0.3118,0
0.837,0.796,0.7376,2,0.1315,78.3,244.5,2.26,-0.0872,0.0613,0
0.7428,0.7094,0.8533,2,0.0995,91.8,152.2,3.34,0.2929,0.0134,0
0.6262,0.6262,0.6407,1,0.0606,128.8,128.8,1.39,0.1551,0.6032,0
0.6166,0.5319,0.6095,2,0.1184,160.0,305.3,1.56,0.1275,0.2068,0
0.8118,0.8118,0.8103,1,0.1901,111.2,111.2,3.43,0.0975,0.1206,1
0.7339,0.7339,0.6706,1,0.2248,201.7,201.7,1.71,0.1429,0.4786,0
0.9723,0.9723,0.9408,1,0.0382,41.5,41.5,3.18,-0.023,0.3221,1
0.8814,0.8142,0.7921,5,0.0017,92.0,132.8,2.91,0.1825,0.2982,1
0.867,0.843,0.8357,2,0.2738,301.6,471.4,2.37,0.0285,0.6124,0
0.9246,0.9237,0.8398,2,0.2424,121.9,234.2,2.49,0.0794,0.6474,0
0.8814,0.8535,0.9283,4,0.847,170.3,339.1,7.39,0.0007,0.2816,1
0.9287,0.7997,0.8259,4,0.1521,179.0,353.0,2.74,0.0517,0.7071,0
0.7418,0.5935,0.6337,5,0.3076,280.8,424.8,1.49,-0.1094,0.5558,0
0.9186,0.9186,0.8824,1,0.0006,225.5,225.5,5.44,-0.0301,0.3212,1
0.7449,0.7449,0.7646,1,0.2693,216.3,216.3,5.53,0.0971,0.0537,0
0.8936,0.8332,0.8298,5,0.9444,66.5,180.8,3.21,-0.0269,0.4448,1
0.8477,0.7085,0.9441,4,0.1249,110.3,115.4,1.71,0.3972,0.4645,1
0.7445,0.7191,0.7481,2,0.2914,216.3,283.5,1.23,0.3341,0.3263,1
0.9502,0.9444,1.0,2,0.0469,182.3,319.5,5.63,0.0955,0.0962,1
0.9285,0.873,0.8829,2,0.136,67.1,141.6,3.01,0.4005,0.5937,1
0.8448,0.8323,0.9777,2,0.0698,177.0,290.2,3.02,0.2423,0.2451,1
0.8488,0.718,0.985,3,0.0807,232.1,296.3,3.27,0.2267,0.115,0
0.9023,0.8301,0.9355,4,0.0585,65.5,125.7,2.16,0.0542,0.1286,0
0.877,0.7231,0.8321,5,0.0965,223.2,382.6,3.01,0.0627,0.0621,0
0.877,0.7862,0.8692,3,0.107,28.0,46.9,1.54,0.2059,0.4608,1
0.8058,0.6454,0.7827,4,0.0579,136.5,251.3,0.59,0.1386,0.2672,0
0.7936,0.7245,0.8823,2,0.1755,156.2,257.5,5.99,-0.1092,0.4115,1
0.8869,0.7836,0.9034,3,0.1753,284.6,325.0,0.23,0.0901,0.6384,1
0.7678,0.4516,0.7513,5,0.5191,149.1,293.1,2.95,0.1436,0.3682,0
0.9305,0.9305,0.8551,1,0.1168,89.8,89.8,2.14,0.2278,0.3415,1
0.9217,0.7991,0.7644,4,0.5535,51.7,174.8,6.16,0.0911,0.2456,1
0.8976,0.8165,0.8532,5,0.0067,88.9,241.8,1.38,-0.0647,0.3093,0
0.6062,0.45,0.5549,2,0.2149,234.8,414.2,4.8,0.1205,0.1574,0
0.8691,0.8376,0.8936,3,0.0498,307.8,401.4,0.39,0.0431,0.478,0
0.9012,0.8544,0.8784,4,0.0893,243.5,364.2,3.67,0.0483,0.1479,0
0.7568,0.7568,0.7151,1,0.3116,276.1,276.1,5.83,0.2874,0.3406,1
0.7975,0.708,0.875,4,0.0571,94.1,133.5,1.54,-0.1424,0.7452,0
0.7712,0.5656,0.7393,4,0.2895,174.3,313.6,1.79,0.0265,0.3294,0
0.8029,0.6523,0.8279,3,0.1516,58.6,64.0,5.58,0.0091,0.4774,0
0.8435,0.802,0.8565,3,0.0394,258.0,297.8,0.35,0.1272,0.7193,0
0.9141,0.9046,0.7862,3,0.4348,162.9,208.1,7.87,-0.054,0.1674,1
0.8377,0.7109,0.8427,5,0.2906,235.6,364.9,0.51,0.2231,0.4117,1
0.7278,0.6088,0.7797,2,0.0165,258.6,402.0,6.16,-0.0184,0.0558,0
0.712,0.6294,0.8045,3,0.3961,34.1,77.9,2.81,0.1358,0.2994,1
0.8268,0.7242,0.9146,4,0.277,213.0,312.2,9.33,0.1016,0.611,0
0.7131,0.7013,0.711,3,0.1921,99.0,130.3,5.41,0.0882,0.4436,0
0.792,0.6432,0.8004,3,0.0125,229.8,252.6,2.52,0.2014,0.2399,1
0.9176,0.8432,0.9164,4,0.0591,318.7,488.0,1.41,0.2465,0.3831,0
0.8206,0.6079,0.7607,5,0.0637,197.3,243.3,1.7,0.0975,0.7158,0
0.8561,0.7528,0.8327,3,0.2067,260.5,346.8,1.14,0.1811,0.237,1
0.7938,0.684,0.8006,2,0.0321,120.2,134.8,2.58,0.051,0.2371,1
0.5825,0.4725,0.5116,3,0.4353,112.9,150.7,2.38,0.076,0.125,0
0.857,0.7791,1.0,3,0.2227,238.4,390.9,3.88,0.0791,0.4963,1
0.8004,0.5974,0.863,4,0.1877,265.0,344.5,2.41,0.0755,0.6508,0
0.856,0.7705,0.777,5,0.0129,176.7,203.5,2.29,0.3822,0.3903,0
0.787,0.6298,0.7616,2,0.53,101.7,222.4,1.07,0.1117,0.538,0
0.8466,0.6288,0.9231,4,0.7343,250.9,283.7,5.27,0.0991,0.3272,1
0.7407,0.5166,0.5903,4,0.2917,171.8,332.7,0.84,0.1233,0.1571,0
0.8,0.5944,0.8432,5,0.0019,131.0,282.5,5.12,0.0155,0.3542,0
0.8355,0.8355,0.9438,1,0.4458,168.6,168.6,3.65,0.3805,0.5971,1
0.6894,0.6378,0.6082,3,0.1125,270.0,352.9,4.02,0.0427,0.8166,0
0.8763,0.8225,0.9668,5,0.1808,188.7,253.3,9.68,0.1223,0.4888,1
0.9359,0.8581,0.8789,3,0.0225,233.1,332.7,2.32,0.1513,0.0217,1
0.7632,0.7261,0.7147,2,0.1344,168.3,284.9,3.47,-0.0181,0.5758,0
0.8372,0.7253,0.8899,2,0.0751,315.9,365.0,1.71,0.0921,0.5645,0
0.7397,0.7397,0.7242,1,0.0714,289.6,289.6,1.02,-0.1327,0.2209,0
0.8568,0.8568,0.9002,1,0.1147,223.0,223.0,1.99,0.1174,0.6358,0
0.8665,0.8665,0.8634,1,0.2161,246.7,246.7,2.46,0.0276,0.5876,1
0.8561,0.8561,0.9382,1,0.3758,49.1,49.1,6.33,0.1314,0.4678,1
0.9137,0.8402,0.8879,4,0.0989,26.1,98.3,7.21,0.0767,0.0431,1
0.862,0.8103,0.9523,4,0.2215,306.2,370.1,1.59,0.1424,0.2362,0
0.8845,0.802,0.8234,4,0.1342,251.9,281.9,4.71,-0.0098,0.1258,0
0.8436,0.5489,0.8692,4,0.1048,197.4,322.8,3.97,0.1095,0.8589,0
0.8456,0.699,0.7956,4,0.225,285.6,437.7,1.0,0.0622,0.1856,0
0.8754,0.816,0.8589,4,0.0294,219.7,344.6,0.31,-0.0118,0.0859,0
0.838,0.7895,0.7698,5,0.4313,76.1,242.6,1.71,0.0394,0.4113,0
0.826,0.6912,0.901,3,0.2531,92.9,131.9,5.44,0.0886,0.4733,1
0.7418,0.6857,0.7192,4,0.181,229.6,250.4,3.82,0.0858,0.8118,1
0.8184,0.7724,0.8437,3,1.0,103.0,218.0,1.51,-0.0007,0.2646,1
0.7654,0.7253,0.7855,2,0.0142,116.7,210.0,5.14,0.2731,0.245,0
0.8355,0.6641,0.816,3,0.38,134.3,165.5,1.57,0.1997,0.1109,0
0.8147,0.8147,0.7387,1,0.1862,80.2,80.2,0.64,-0.1608,0.367,1
0.8911,0.8238,0.8169,3,0.0332,289.5,466.8,7.59,0.1532,0.5081,1
0.7883,0.7177,0.8338,2,0.0054,175.4,347.6,5.06,0.1419,0.3818,0
0.9572,0.8933,0.9766,4,0.1498,19.5,72.3,1.66,0.2764,0.5018,1
0.8445,0.45,0.7972,5,0.2591,136.2,153.1,1.36,0.1206,0.2658,0
0.9393,0.9168,0.9723,2,0.1495,59.9,205.9,4.29,0.1009,0.5509,1
0.899,0.8499,0.9495,2,0.1026,303.0,471.4,5.21,0.0558,0.0947,1
0.8771,0.8376,0.8458,4,0.1064,54.2,154.7,1.82,0.106,0.3514,1
0.7938,0.6934,0.7811,4,0.4035,217.6,264.8,3.64,0.247,0.125,1
0.7673,0.7673,0.7556,1,0.088,164.1,164.1,2.55,0.2147,0.2631,1
0.6976,0.6976,0.7813,1,0.1938,264.4,264.4,7.16,0.1183,0.168,0
0.9905,0.9905,0.9971,1,0.4436,216.2,216.2,4.01,0.1689,0.6874,1
0.8019,0.6123,0.8903,5,0.0935,225.7,390.0,0.87,-0.3017,0.367,0
0.8663,0.7028,0.8907,5,0.0314,96.9,194.7,1.65,0.2929,0.2861,0
0.7933,0.5495,0.723,3,0.4436,294.3,303.0,3.35,0.2204,0.3206,0
0.9038,0.8203,0.8817,2,0.2979,65.9,233.5,2.15,0.0451,0.3674,0
0.8278,0.6624,0.8771,3,0.1909,104.2,169.5,3.0,0.1139,0.1029,0
0.8727,0.8461,0.8867,2,0.1466,153.3,212.4,4.14,-0.0847,0.4454,1
0.6935,0.6197,0.7096,2,0.0817,28.5,67.2,3.94,0.0231,0.0798,1
0.8361,0.704,0.8142,4,0.4763,318.1,367.2,3.97,0.028,0.2311,0
0.8818,0.8092,0.9542,4,0.2702,285.4,358.6,3.02,-0.0537,0.1982,1
0.8001,0.8001,0.8189,1,0.067,178.4,178.4,4.62,0.0009,0.2015,1
0.8475,0.6964,0.8269,3,0.0088,175.1,248.1,1.45,0.2108,0.2143,0
0.8747,0.652,0.8359,5,0.0361,253.7,368.1,9.55,0.001,0.5113,0
0.8361,0.7954,0.881,3,0.0879,250.1,277.0,2.35,0.0068,0.2738,1
0.697,0.6198,0.5711,3,0.0494,20.1,64.5,3.66,0.2725,0.7518,0
0.7648,0.6038,0.7807,4,0.2588,147.9,188.5,4.09,0.1933,0.3007,0
0.8568,0.7098,0.7776,5,0.5763,233.6,398.2,0.58,0.0501,0.7681,0
0.9074,0.8065,0.9734,5,0.1641,111.8,278.3,0.64,0.0566,0.1775,0
0.8988,0.8589,0.92,4,0.532,16.9,161.1,1.32,0.0512,0.369,1
0.8058,0.7214,0.7588,2,0.0321,180.7,232.8,2.27,0.1514,0.8763,1
0.705,0.705,0.775,1,0.2141,64.7,64.7,1.8,0.1137,0.2615,0
0.8791,0.8065,0.9531,4,0.1257,229.7,252.0,2.21,-0.0568,0.2672,0
0.7841,0.5438,0.792,4,0.0072,200.5,329.8,6.75,-0.0954,0.0329,0
0.9893,0.9893,1.0,1,0.1909,164.5,164.5,2.41,0.1839,0.4884,1
0.8642,0.841,0.924,2,0.2359,119.9,229.4,1.22,0.1644,0.0264,1
0.884,0.7667,0.892,4,0.0004,83.1,114.5,2.28,0.2141,0.3529,0
0.8865,0.8395,0.8063,3,0.0573,142.0,297.3,1.8,0.2325,0.2847,1
0.8093,0.6723,0.8181,5,0.1027,85.2,135.9,2.3,0.1526,0.9028,0
0.8957,0.8023,0.8732,5,0.0671,234.8,301.0,0.98,0.1972,0.1559,1
0.888,0.8002,0.8433,2,0.2953,241.9,341.9,1.23,0.142,0.4513,0
0.8265,0.7994,0.8622,4,0.1531,18.6,116.0,3.95,-0.0242,0.7117,0
0.8597,0.8597,0.8094,1,0.0426,205.3,205.3,3.6,-0.0954,0.2438,1
0.8952,0.7898,0.9393,3,0.3073,88.9,244.0,2.77,-0.0072,0.1122,1
0.8479,0.5394,0.8214,5,0.3097,57.2,95.1,3.85,-0.052,0.1699,0
0.8657,0.7976,0.8764,2,0.1337,56.0,87.5,2.37,0.1761,0.3044,1
0.8336,0.7543,0.8611,5,0.0138,212.1,388.1,2.6,0.0357,0.4253,0
0.803,0.6241,0.6682,5,0.1819,214.7,287.4,4.12,0.1146,0.2413,0
0.893,0.8363,0.98,5,0.2433,104.2,224.3,0.78,0.0297,0.3039,0
0.8449,0.612,0.8195,5,0.1095,58.7,206.5,6.86,0.0816,0.6232,1
0.7524,0.6275,0.759,3,0.0126,20.2,109.0,3.36,0.1094,0.1735,1
0.839,0.6305,0.8688,4,0.1413,282.0,393.5,2.41,0.1437,0.1637,0
0.8357,0.7357,0.8935,3,0.0291,233.3,352.3,0.92,0.0405,0.3638,0
0.81,0.7289,0.8031,3,0.2508,114.7,189.7,3.97,0.1254,0.0157,0
0.8454,0.6852,0.7912,3,0.2601,306.7,444.2,1.49,0.1703,0.2825,0
0.9082,0.8811,0.9269,3,0.0683,198.5,242.2,1.43,0.1559,0.1063,0
0.862,0.8417,0.9118,3,0.005,23.5,25.6,4.34,0.2413,0.1701,1
0.7221,0.6767,0.7461,5,0.0499,291.9,307.2,1.52,0.3829,0.4074,0
0.7505,0.6248,0.7618,2,0.0016,15.9,26.5,0.37,0.1226,0.5286,1
0.8168,0.6849,0.8739,5,0.498,117.9,225.2,7.26,0.0255,0.4319,1
0.9,0.9,0.9307,1,0.0353,256.0,256.0,2.73,0.115,0.3124,1
0.8027,0.6483,0.8767,5,0.0539,44.1,59.8,4.57,-0.106,0.7107,0
0.8901,0.8639,0.8572,2,0.2373,286.5,361.0,0.46,0.4105,0.0186,1
0.7925,0.7925,0.8066,1,0.0108,218.3,218.3,1.79,0.0383,0.409,1
0.8357,0.7894,0.7972,3,0.0261,131.6,134.1,3.92,0.2964,0.5954,1
0.7963,0.6871,0.9004,4,0.011,190.8,347.7,1.86,0.2552,0.7889,0
0.8789,0.6855,0.9243,5,0.0265,263.3,350.5,3.09,-0.1372,0.4484,1
0.8071,0.7415,0.7881,3,0.0827,264.4,385.3,2.22,0.3551,0.2943,1
0.8908,0.7397,0.8971,5,0.0441,267.5,414.7,4.41,0.1775,0.3232,0
0.8286,0.7696,0.6996,4,0.2792,272.7,361.2,1.64,0.0025,0.4509,0
0.7598,0.45,0.7408,5,0.0256,29.4,68.5,3.47,0.212,0.0534,0
0.7911,0.6137,0.7784,5,0.1107,248.9,417.7,1.22,0.1749,0.5207,0
0.8795,0.6324,0.8751,4,0.0347,166.5,239.3,3.93,0.1143,0.0055,0
0.8969,0.8184,1.0,3,0.3114,238.7,394.5,3.85,-0.106,0.5204,0
0.7107,0.566,0.7099,4,0.1996,240.7,312.8,1.9,0.1163,0.1053,0
0.7211,0.7211,0.6908,1,0.0083,29.4,29.4,3.3,0.2064,0.4129,0
0.9385,0.9385,1.0,1,0.2181,68.0,68.0,3.8,0.0087,0.3532,0
0.9328,0.8838,0.8925,4,0.1287,93.1,159.1,7.08,0.0026,0.0648,1
0.9053,0.7552,0.8899,5,0.2436,232.0,387.3,7.67,0.1285,0.0193,1
0.7368,0.579,0.8061,5,0.1565,259.2,431.3,6.8,-0.0677,0.1304,0
0.7314,0.7314,0.6839,1,0.0676,277.6,277.6,3.41,0.0558,0.7603,0
0.8356,0.7165,0.8824,2,0.1399,138.8,264.7,0.82,0.1802,0.3807,1
0.897,0.897,0.9037,1,0.1294,80.0,80.0,1.4,0.1387,0.05,1
0.8319,0.6719,0.8292,5,0.0505,172.2,328.0,1.21,0.0061,0.2008,0
0.8137,0.6014,0.8052,5,0.0236,175.8,344.6,2.33,-0.0789,0.3209,0
0.9701,0.9701,0.8914,1,0.0042,189.7,189.7,1.76,0.0911,0.5818,1
0.928,0.8628,0.8805,3,0.1636,35.1,211.5,3.13,0.3801,0.4133,1
0.8457,0.7789,0.7868,4,0.099,211.9,243.4,2.55,-0.0621,0.5547,0
0.967,0.9347,0.9975,3,0.107,148.7,233.0,8.85,0.1541,0.3143,1
0.8422,0.8276,0.9253,2,0.1152,22.8,108.7,3.38,0.1051,0.1122,0
0.8196,0.6942,0.8392,5,0.0041,109.4,276.1,0.8,0.2703,0.5772,0
0.8395,0.7019,0.7747,3,0.4615,317.9,338.6,3.57,0.1297,0.0384,0
0.9095,0.8249,0.8619,4,0.6068,104.8,198.4,1.46,0.2389,0.3348,1
0.9505,0.904,0.9969,5,0.444,79.8,191.2,2.45,0.2208,0.2509,1
0.7395,0.7395,0.7326,1,0.5577,270.4,270.4,4.27,0.0694,0.0456,1
0.7668,0.7489,0.7686,2,0.181,188.9,356.9,4.71,-0.039,0.373,0
0.8922,0.7889,0.8795,5,0.1385,212.8,257.6,4.28,0.182,0.4526,1
0.8208,0.8208,0.8295,1,0.1497,122.7,122.7,1.88,0.2557,0.1526,1
0.5988,0.5988,0.5052,1,0.0494,228.8,228.8,5.42,0.3294,0.2519,1
0.8639,0.7432,0.8253,3,0.0546,93.4,235.9,0.7,0.0259,0.1337,0
0.7243,0.6769,0.6955,3,0.0658,94.5,142.0,2.69,0.102,0.48,1
0.8373,0.7584,0.7723,3,0.1057,135.8,172.8,1.19,0.0751,0.4461,1
0.7124,0.6375,0.7919,4,0.3606,207.5,276.2,3.55,0.1782,0.1811,1
0.864,0.8027,0.8629,4,0.2317,99.0,101.0,7.95,0.2067,0.4351,1
0.8954,0.6681,1.0,5,0.1117,137.6,251.0,1.18,0.3802,0.1574,0
0.8514,0.7346,0.9233,4,0.1018,131.3,254.0,4.07,-0.0066,0.8773,0
0.8181,0.6894,0.8245,4,0.2496,49.0,130.5,2.85,0.2199,0.1252,1
0.8785,0.7466,0.8596,5,0.282,228.3,233.9,2.36,0.0575,0.0671,1
0.9267,0.9267,0.9462,1,0.2706,49.5,49.5,5.51,-0.0385,0.0999,1
0.6823,0.5669,0.6922,4,0.1587,101.5,190.4,2.75,0.0566,0.3264,0
0.8057,0.7876,0.8314,3,0.0011,21.8,122.3,2.48,0.1359,0.0637,1
0.8549,0.7963,0.8302,4,0.0406,214.6,330.5,6.33,0.0856,0.063,1
0.6761,0.6761,0.6755,1,0.3013,259.9,259.9,4.72,-0.0847,0.0455,0
0.8051,0.6576,0.7526,3,0.0865,67.1,142.6,5.1,0.0964,0.7838,0
0.7839,0.7576,0.7543,2,0.2843,174.4,187.8,0.96,0.2385,0.554,1
0.8033,0.7624,0.6879,3,0.0445,127.6,226.5,3.42,0.2486,0.19,1
0.8564,0.7553,0.8896,3,0.0324,208.9,273.0,11.47,0.0835,0.2477,1
0.8268,0.7443,0.839,2,0.0088,147.7,158.0,3.76,0.3246,0.1824,1
0.8037,0.6168,0.7594,5,0.0454,251.6,371.0,5.09,0.0928,0.1634,0
0.8311,0.8311,0.8013,1,0.3873,159.1,159.1,3.74,0.0496,0.2593,1
0.8648,0.6738,0.8173,5,0.0215,173.3,290.4,3.06,-0.0638,0.3678,0
0.8027,0.6964,0.7419,3,0.1711,189.7,233.6,6.92,0.1677,0.7697,1
0.9054,0.9054,0.8688,1,0.273,124.5,124.5,2.82,0.2293,0.2369,1
0.8157,0.8157,0.8277,1,0.0266,280.9,280.9,6.03,0.1785,0.5659,1
0.7749,0.6336,0.8222,5,0.5192,277.6,429.5,1.03,0.1326,0.514,0
0.7673,0.7423,0.6669,2,0.0915,21.6,181.8,2.5,0.0903,0.1259,0
0.9035,0.8695,0.8228,4,0.0483,275.0,407.4,1.7,0.0957,0.2808,0
0.7327,0.7327,0.702,1,0.1357,293.7,293.7,0.93,0.1838,0.6059,0
0.8452,0.8232,0.7813,2,0.1287,76.9,152.2,3.28,0.2208,0.3231,0
0.9483,0.9483,1.0,1,0.0106,278.2,278.2,4.2,0.0963,0.5311,1
0.8333,0.7435,0.8234,3,0.2108,310.6,325.6,2.34,0.0082,0.0927,0
0.8431,0.8431,0.9357,1,0.0264,47.2,47.2,1.75,0.0348,0.1288,0
0.7604,0.7025,0.7243,2,0.0256,89.8,207.2,2.28,0.1688,0.6361,0
0.8094,0.5643,0.9295,4,0.0044,51.2,225.5,4.47,0.3167,0.1514,0
0.8103,0.6953,0.8999,2,0.1027,155.3,243.1,1.53,0.0282,0.1429,0
0.9635,0.9635,1.0,1,0.207,32.4,32.4,2.29,0.0145,0.4051,1
0.8222,0.7906,0.7756,2,0.0069,141.3,288.3,1.42,-0.0298,0.1103,0
0.8866,0.8866,0.8974,1,0.0391,238.3,238.3,3.28,-0.1551,0.129,1
0.8857,0.8003,0.9565,5,0.0967,36.0,137.6,1.97,0.1283,0.327,0
0.8388,0.7351,0.8663,4,0.1293,311.1,388.5,0.51,0.2888,0.3371,1
0.877,0.877,0.9208,1,0.06,296.7,296.7,1.15,0.0157,0.0612,1
0.8138,0.8015,0.8343,3,0.0736,119.2,292.4,1.84,0.1637,0.4217,0
0.8236,0.7497,0.7586,3,0.0409,204.4,357.4,1.37,0.1484,0.7704,0
0.8301,0.7695,0.8744,2,0.1368,110.3,113.9,2.9,-0.0101,0.342,1
0.8271,0.7372,0.8341,5,0.2053,119.7,213.9,4.04,0.1102,0.4954,1
0.737,0.45,0.6698,3,0.0586,309.4,363.3,3.65,0.1003,0.1062,0
0.7507,0.7507,0.7272,1,0.0401,230.6,230.6,2.23,-0.0932,0.2488,1
0.785,0.785,0.8048,1,0.134,90.8,90.8,7.72,0.3017,0.2366,1
0.8598,0.82,0.8678,3,0.0897,297.6,355.6,1.09,0.1659,0.6254,0
0.8561,0.7991,0.9176,5,0.2765,259.2,433.2,4.03,0.1708,0.2044,0
0.7023,0.5754,0.5679,3,0.056,78.1,237.4,1.09,-0.1269,0.0757,0
0.78,0.6832,0.7321,3,0.0508,187.7,217.9,3.13,0.0361,0.0062,0
0.7651,0.7011,0.803,5,0.0418,166.3,168.1,3.51,0.0003,0.6793,0
0.8966,0.8162,0.8241,3,0.1042,112.3,188.1,5.91,0.0247,0.2965,1
0.814,0.7701,0.8902,3,0.8838,269.1,383.0,1.53,0.1329,0.1376,0
0.774,0.45,0.7081,5,0.4783,137.9,236.5,1.86,0.2377,0.0998,0
0.8792,0.8792,0.8714,1,0.0716,300.6,300.6,1.74,0.1478,0.2549,1
0.6233,0.6233,0.7414,1,0.1017,15.7,15.7,4.81,-0.1679,0.1878,1
0.9119,0.8655,0.9761,4,0.2115,223.9,362.5,6.09,-0.0541,0.1926,1
0.7015,0.7015,0.7878,1,0.3656,210.9,210.9,2.56,-0.0021,0.0303,0
0.8951,0.8407,0.9424,4,0.0346,46.5,60.9,2.36,0.221,0.1849,1
0.8707,0.727,0.87,4,0.412,169.1,309.7,1.77,0.2447,0.0073,0
0.7944,0.6383,0.865,5,0.0317,295.9,304.8,3.1,-0.0039,0.0789,0
0.8424,0.7866,0.7214,2,0.1607,132.3,255.2,2.03,0.1307,0.6424,1
0.8465,0.6517,0.8441,5,0.9228,175.3,293.2,7.22,0.0887,0.3397,0
0.9075,0.8339,0.9835,4,0.1379,205.7,209.2,1.02,0.1297,0.6563,1
0.7678,0.5995,0.7157,4,0.259,230.7,314.4,6.21,0.0962,0.0964,0
0.8667,0.8607,0.8456,2,0.2153,280.9,337.7,1.8,0.1522,0.5947,0
0.8018,0.8018,0.9143,1,0.1601,116.0,116.0,2.12,0.3778,0.2685,1
0.75,0.4642,0.7073,5,0.1043,56.9,233.1,2.15,0.0759,0.4028,0
0.8752,0.7537,0.8253,4,0.265,59.8,150.5,1.43,0.2135,0.2124,0
0.8342,0.7904,0.8086,2,0.0455,190.8,269.9,3.63,0.1215,0.5439,1
0.8177,0.7567,0.7882,4,0.0135,89.6,195.2,2.14,0.1479,0.3821,0
0.8763,0.8039,0.8675,4,0.1039,285.2,301.6,2.5,0.1855,0.2268,0
0.9465,0.9465,0.9518,1,0.1041,267.7,267.7,1.25,0.0501,0.0073,0
0.747,0.6874,0.7323,4,0.1791,285.9,329.7,9.84,0.0542,0.243,0
0.5538,0.5538,0.5725,1,0.1171,60.9,60.9,2.26,0.1618,0.551,0
0.8974,0.8072,0.8261,5,0.1894,21.1,125.7,2.38,0.0794,0.3304,0
0.7626,0.7039,0.7486,3,0.4767,39.3,122.5,5.11,0.0663,0.2321,0
0.8615,0.7293,0.8798,5,0.0111,211.4,339.9,0.93,0.1701,0.2425,0
0.8771,0.8446,0.9131,4,0.2433,220.9,300.6,5.54,0.2354,0.2286,0
0.7868,0.6597,0.7803,3,0.3014,89.8,130.2,4.87,0.2507,0.1673,0
0.7725,0.706,0.752,3,0.1536,122.3,181.7,1.92,0.1559,0.0746,0
0.8388,0.8202,0.8971,2,0.4033,157.6,231.8,0.27,0.2199,0.1533,1
0.7411,0.7411,0.743,1,0.3219,83.1,83.1,5.92,0.2222,0.3193,0
0.9008,0.854,0.8889,2,0.2198,110.5,168.6,0.57,0.2305,0.053,1
0.8756,0.7451,0.8604,3,0.5636,46.5,175.5,3.03,0.1036,0.1548,1
0.6608,0.6608,0.7201,1,0.0043,126.3,126.3,4.19,0.1024,0.3868,0
0.7899,0.7045,0.7681,4,0.1905,275.2,397.6,2.39,0.2058,0.3463,1
0.9427,0.9155,0.9738,2,0.8768,262.1,321.5,1.73,0.1576,0.3221,1
0.7887,0.7887,0.68,1,0.0387,55.7,55.7,4.97,0.0952,0.0799,1
0.9483,0.9483,0.9514,1,0.0938,33.4,33.4,5.77,0.0924,0.5007,1
0.8799,0.8799,0.8806,1,0.0948,247.8,247.8,8.49,0.1217,0.2231,0
0.9285,0.9285,0.8875,1,0.0101,296.9,296.9,7.13,0.1266,0.5459,1
0.7869,0.7455,0.7116,2,0.15,85.3,141.2,2.7,0.0633,0.6354,0
0.8904,0.838,0.8641,2,0.3113,65.7,204.3,1.99,0.3012,0.2394,1
0.817,0.7419,0.8285,4,0.0048,288.8,361.6,1.2,0.1895,0.0541,0
0.8938,0.8723,0.928,2,0.3058,18.9,57.0,5.24,-0.0793,0.1925,1
0.9873,0.9873,0.9096,1,0.1701,217.5,217.5,1.94,0.2561,0.1897,1
0.8814,0.8428,0.9121,5,0.5051,88.5,174.9,2.08,0.1207,0.5729,1
0.8735,0.8389,0.7603,4,0.1055,51.3,141.5,4.16,0.0808,0.2137,1
0.8055,0.68,0.8509,5,0.2224,96.9,188.7,4.23,0.257,0.6003,1
0.7174,0.5723,0.8021,2,0.1136,165.2,261.6,3.36,0.3373,0.3945,0
0.9161,0.8056,0.8528,4,0.4003,288.2,297.7,0.09,0.2601,0.0545,0
0.7334,0.5435,0.7203,3,0.0143,210.0,346.3,4.54,0.3116,0.2407,0
0.9658,0.9546,0.9471,2,1.0,310.9,338.3,1.89,0.2821,0.4755,1
0.7996,0.7112,0.7462,3,0.0869,165.2,246.7,7.36,0.0914,0.4267,1
0.8128,0.4765,0.8052,5,0.1247,237.0,415.1,3.86,-0.0212,0.1918,0
0.9221,0.8497,0.963,4,0.3004,182.8,348.7,3.26,0.2278,0.0975,1
0.8881,0.8177,0.8694,4,0.1048,56.5,183.3,6.9,-0.0154,0.2334,1
0.9388,0.9388,0.9596,1,0.0532,17.3,17.3,0.19,0.1564,0.0958,1
0.9334,0.8798,0.9004,5,0.0459,175.6,177.2,4.96,0.0589,0.1196,0
0.8371,0.692,0.8431,3,0.3991,73.3,111.5,2.27,0.1596,0.7901,0
0.7965,0.6764,0.8316,5,0.0457,97.3,221.1,2.94,-0.0756,0.7607,0
0.8627,0.8174,0.8956,2,0.1402,166.9,289.7,7.4,0.1377,0.363,1
0.9502,0.9477,0.9135,2,0.2618,100.5,101.5,1.2,0.156,0.2296,0
0.9437,0.8967,0.9402,3,0.1081,306.5,456.0,5.31,0.2923,0.2686,0
0.8893,0.8242,0.9606,3,0.2987,124.8,129.5,2.16,0.1957,0.373,1
0.9215,0.9108,0.896,3,0.3269,179.2,241.5,3.84,0.0944,0.2627,1
0.821,0.6386,0.9066,5,0.2212,305.8,311.0,2.05,0.0765,0.1061,0
0.807,0.7066,0.842,5,0.1967,134.7,263.6,3.97,0.0881,0.2871,0
0.8048,0.6478,0.7447,5,0.1801,80.1,119.6,4.4,0.1312,0.722,1
0.7539,0.5507,0.8111,5,0.4164,210.0,212.2,9.9,0.0539,0.2011,0
0.8223,0.5627,0.8177,5,0.0535,169.0,242.6,4.89,0.1452,0.0423,0
0.924,0.8923,0.8356,2,0.056,152.3,193.9,5.32,0.0553,0.6713,1
0.8437,0.7056,0.9354,5,0.2093,231.9,404.7,1.81,0.1424,0.5614,0
0.8358,0.8358,0.8799,1,0.4128,47.4,47.4,2.63,-0.0482,0.2141,1
0.8415,0.7296,0.831,5,0.1885,295.5,404.4,3.71,0.0707,0.0413,0
0.845,0.6217,0.8826,4,0.0586,165.3,268.2,2.0,0.204,0.455,1
0.8306,0.6166,0.814,4,0.2035,122.7,269.1,1.58,0.1112,0.4574,0
0.7708,0.6924,0.7725,3,0.031,221.2,395.4,1.73,0.0881,0.3213,0
0.8088,0.7429,0.8675,2,0.0724,64.3,215.9,1.91,0.2482,0.3164,0
0.8702,0.7587,0.867,4,0.8418,140.5,161.8,2.0,0.1977,0.4947,0
0.9096,0.8358,1.0,2,0.1196,275.4,443.1,3.67,0.3057,0.2769,0
0.767,0.767,0.7769,1,0.1114,297.1,297.1,8.04,0.3422,0.178,1
0.7996,0.6797,0.8367,4,0.0207,40.0,60.9,2.19,0.0631,0.3766,0
0.8871,0.8871,0.9045,1,0.0167,170.6,170.6,2.62,-0.0504,0.0373,1
0.8564,0.8098,0.8639,5,0.1339,140.3,265.1,8.85,0.0632,0.4058,0
0.7165,0.6102,0.6658,3,0.0223,269.7,295.1,3.21,0.1606,0.5064,1
0.8101,0.7009,0.8419,2,0.2552,148.5,291.4,6.32,0.1787,0.421,1
0.9184,0.8824,0.897,2,0.3199,22.4,73.3,4.56,0.0269,0.0042,0
0.7951,0.7201,0.8751,2,0.432,55.1,205.0,6.86,0.0402,0.451,1
0.8534,0.792,0.8737,3,0.0349,284.2,444.1,2.61,-0.0754,0.6471,0
0.8272,0.7757,0.8292,2,0.1772,81.8,244.6,2.66,0.288,0.5704,0
0.8883,0.8883,0.7961,1,0.0205,63.1,63.1,2.23,0.0693,0.2499,1
0.8089,0.7209,0.7928,5,0.0262,41.1,79.5,0.98,0.3469,0.4831,0
0.7139,0.5514,0.6169,3,0.1308,151.6,167.7,6.87,0.2069,0.0394,0
0.7445,0.6594,0.7608,3,0.2842,168.1,207.3,9.43,0.0953,0.0952,1
0.8027,0.6419,0.7708,5,0.1422,42.1,93.6,2.57,0.2369,0.0074,0
0.8784,0.7302,0.8117,4,0.0023,298.0,404.3,1.49,0.0977,0.7157,0
0.8103,0.7506,0.8973,4,0.1494,199.0,326.2,0.99,0.1005,0.1412,0
0.9491,0.9491,0.9039,1,0.0401,223.4,223.4,0.4,-0.0369,0.2659,1
0.8435,0.8435,0.828,1,0.0539,64.5,64.5,2.09,0.1236,0.1597,0
0.45,0.45,0.4296,1,0.0775,172.0,172.0,2.89,0.2378,0.097,0
0.5087,0.5087,0.4258,1,0.155,280.8,280.8,1.55,0.3155,0.1368,0
0.7365,0.6773,0.7725,3,0.1319,297.0,396.1,3.38,-0.0141,0.1994,1
0.7804,0.596,0.7965,5,0.4514,16.4,111.5,1.4,0.1869,0.1384,0
0.8356,0.7502,0.8014,4,0.1733,271.9,330.4,1.82,-0.0636,0.1098,0
0.8823,0.8391,0.876,3,0.1603,288.4,458.3,2.27,0.1115,0.3523,1
0.562,0.562,0.4994,1,0.1992,77.9,77.9,4.09,0.0414,0.4673,0
0.7443,0.45,0.8321,5,0.0199,56.9,57.1,1.51,0.0757,0.5126,0
0.8926,0.7376,0.8665,4,0.0976,73.7,150.1,2.77,0.1903,0.0891,1
0.9406,0.9294,0.8573,3,0.2126,114.6,122.4,4.17,0.2574,0.0466,1
0.8568,0.6462,0.8983,3,0.2075,219.9,394.0,2.22,0.1087,0.028,0
0.8404,0.8024,0.8515,5,0.4463,42.2,114.7,1.96,0.1617,0.0089,0
0.9129,0.7976,0.7893,3,0.0393,78.5,97.2,6.83,0.1249,0.4017,1
0.9016,0.8801,0.9093,3,0.21,271.4,358.0,2.71,0.1217,0.4523,1
0.8397,0.737,0.8475,4,0.2557,319.3,384.5,3.12,-0.0164,0.0131,0
0.842,0.7611,0.8675,3,0.3968,198.8,239.9,3.98,-0.0433,0.188,0
0.7321,0.6973,0.7691,2,0.2764,163.1,164.2,6.19,-0.0858,0.5144,0
0.8483,0.7686,0.8681,4,0.1084,64.2,137.2,4.9,-0.029,0.1176,0
0.8214,0.7451,0.8601,4,0.1662,85.8,100.8,1.34,0.0214,0.5329,1
0.9036,0.9036,0.9563,1,0.2562,272.7,272.7,4.14,0.1154,0.8337,1
0.8289,0.7493,0.8523,2,0.1486,116.1,280.4,4.09,0.0039,0.5649,0
0.7709,0.6121,0.7945,5,0.3219,301.5,424.2,4.46,0.125,0.2562,0
0.8851,0.8851,0.8817,1,0.0812,204.5,204.5,2.27,0.1135,0.267,0
0.8727,0.7157,0.9414,5,0.014,227.8,346.8,0.97,0.1271,0.3481,0
0.8742,0.6723,0.9242,5,0.0108,283.0,389.8,1.75,0.2167,0.2638,0
0.8881,0.7413,0.8263,4,0.3305,184.9,309.4,3.21,-0.0199,0.0062,1
0.9408,0.8539,0.9416,4,0.2813,204.7,226.4,3.71,0.3395,0.0619,0
0.8764,0.764,0.8329,2,0.0629,122.7,269.3,5.35,0.1474,0.2324,1
0.8477,0.7045,0.8488,2,0.5979,103.0,143.5,3.91,0.2803,0.4803,1
0.8112,0.7695,0.6728,2,0.1114,192.7,201.1,3.17,0.0549,0.5547,0
0.9166,0.8746,0.8869,4,0.1116,18.9,111.4,0.88,-0.094,0.3634,1
0.7957,0.6371,0.7352,5,0.2211,60.4,118.8,1.98,0.1196,0.7256,0
0.9291,0.8585,0.9207,3,0.022,164.7,304.0,1.07,0.0525,0.6169,1
0.9687,0.9557,1.0,2,0.172,54.7,160.5,2.42,0.245,0.0628,1
0.8039,0.7335,0.7067,3,0.3613,23.1,157.7,1.47,0.2533,0.0968,1
0.9144,0.9144,0.9235,1,0.317,69.8,69.8,5.92,0.2053,0.0653,1
0.8143,0.7339,0.7565,3,0.0281,178.6,243.8,1.52,-0.0405,0.4528,0
0.8448,0.8448,0.864,1,0.3522,131.9,131.9,1.9,0.1028,0.0401,1
0.915,0.7558,0.8882,4,0.5901,210.7,369.7,1.0,-0.0811,0.7907,0
0.7406,0.5892,0.6735,5,0.0172,70.0,242.7,2.22,0.1533,0.3253,0
0.8805,0.7589,0.8995,5,0.0211,295.0,451.1,0.41,0.0467,0.0391,0
0.9261,0.8803,0.9067,2,0.0259,157.8,173.5,6.34,0.0885,0.1865,1
0.9821,0.9821,0.9817,1,0.0808,317.7,317.7,3.51,0.1793,0.7935,1
0.8059,0.6675,0.7307,5,0.534,227.0,307.1,1.47,0.2602,0.3826,0
0.7578,0.4568,0.8724,4,0.0228,217.4,304.7,2.69,0.1072,0.0319,0
0.8211,0.7102,0.8517,4,0.375,246.4,321.7,8.11,0.0622,0.2718,0
0.848,0.7891,0.8652,4,0.3566,278.2,345.3,4.77,0.2479,0.1618,1
0.9005,0.9005,0.9084,1,0.7333,297.6,297.6,3.68,0.0433,0.5525,1
0.9172,0.9025,0.8665,2,0.1203,89.7,210.5,3.07,-0.0361,0.5297,1
0.8389,0.6226,0.8211,4,0.1228,71.6,192.3,4.71,-0.0242,0.4583,1
0.7519,0.6428,0.8372,2,0.227,310.9,381.6,0.44,-0.0084,0.0852,0
0.851,0.7754,0.81,4,0.1136,61.8,67.2,1.72,0.0962,0.0183,1
0.6805,0.4922,0.6876,4,0.6363,68.3,192.7,0.41,0.1123,0.2633,0
0.8556,0.6801,0.9426,4,0.0169,150.8,222.2,0.51,0.2193,0.0265,0
0.8529,0.7139,0.838,5,0.0024,254.0,375.3,2.12,0.2511,0.5098,1
0.8635,0.6872,0.8539,5,0.115,214.5,248.1,1.45,0.1851,0.7899,0
0.7651,0.6548,0.8102,2,0.0594,123.6,130.3,2.36,0.1273,0.2199,0
0.8797,0.7073,0.909,3,0.0876,234.5,354.5,1.57,0.032,0.1244,0
0.8049,0.7635,0.7891,2,0.4521,250.8,269.1,7.89,0.0076,0.0963,0
0.7911,0.6283,0.7666,5,0.3789,287.9,368.3,2.54,0.0651,0.1995,0
0.8306,0.8111,0.8437,2,0.0768,35.9,125.2,2.72,0.2409,0.3435,0
0.8758,0.8434,0.8972,2,0.1177,165.9,220.0,1.54,0.1374,0.2494,1
0.7265,0.5994,0.6754,3,0.0871,313.6,447.7,1.22,0.164,0.5457,0
0.7845,0.627,0.8253,4,0.1977,198.0,375.4,4.89,-0.035,0.1073,0
0.8661,0.7958,0.8702,5,0.2872,281.9,350.6,3.81,-0.0436,0.4461,0
0.7203,0.5057,0.7512,5,0.0368,112.5,121.7,2.72,0.1928,0.2262,0
0.8088,0.6463,0.8163,3,0.0352,69.0,196.1,1.86,0.2289,0.4219,0
0.8724,0.8608,0.8617,3,0.2203,273.2,346.9,2.21,0.3082,0.2658,1
0.8374,0.8354,0.8344,2,0.0361,197.6,304.8,1.55,-0.0201,0.2363,1
0.8959,0.81,0.9421,3,0.004,206.7,270.8,3.66,0.1144,0.2945,1
0.9055,0.9055,0.8534,1,0.3627,229.1,229.1,1.17,0.2534,0.3544,0
0.7957,0.6691,0.7583,3,0.0391,78.0,146.6,6.82,0.489,0.3423,1
0.6419,0.6419,0.5932,1,0.0587,52.3,52.3,5.64,0.3153,0.0701,1
0.8703,0.8141,0.9727,4,0.1669,298.3,339.6,9.28,0.1304,0.3133,0
0.7429,0.6255,0.7409,5,0.5107,80.5,161.6,2.29,0.2615,0.0954,1
0.8498,0.8334,0.793,2,0.1392,25.0,183.2,1.51,0.1418,0.1663,1
0.75,0.6095,0.7352,2,0.0019,222.2,377.9,2.41,-0.1484,0.1829,0
0.8984,0.8796,0.9391,3,0.1118,124.1,257.7,4.75,0.1535,0.1497,1
0.7667,0.6528,0.6875,3,0.1185,86.4,186.6,1.97,0.1391,0.5566,1
0.7818,0.6457,0.7351,4,0.0387,151.4,306.9,0.57,-0.0937,0.3083,0
0.8188,0.7264,0.7978,3,0.1013,113.6,200.9,7.06,-0.0175,0.1044,1
0.8871,0.8508,0.9,4,0.1962,181.9,247.2,1.25,-0.0052,0.1958,0
0.945,0.9277,1.0,2,0.1486,315.3,431.8,0.61,0.0097,0.7781,0
0.8253,0.8253,0.812,1,0.3651,300.4,300.4,1.63,0.0701,0.5352,0
0.876,0.7994,0.7903,4,0.0679,32.1,120.1,3.39,0.2145,0.4776,0
0.8501,0.5564,0.9188,5,0.113,208.7,231.3,2.72,-0.0686,0.2667,0
0.8868,0.8205,0.9351,2,0.0652,74.6,80.7,0.91,0.1695,0.1412,0
0.8825,0.812,0.8853,2,0.0672,32.0,176.7,8.36,-0.0224,0.2868,1
0.7616,0.7093,0.8748,2,0.7675,52.5,90.3,3.03,0.1446,0.307,1
0.7694,0.7694,0.7913,1,0.1135,225.1,225.1,0.99,0.2552,0.2995,1
0.8525,0.7184,0.8722,4,0.0147,46.7,178.2,4.96,0.1705,0.0647,0
0.8681,0.8681,0.8934,1,0.0131,242.0,242.0,11.64,0.2186,0.2285,1
0.8874,0.8874,0.9183,1,0.0122,157.1,157.1,1.51,0.107,0.2044,0
0.9402,0.9244,0.9865,2,0.0591,38.8,91.7,2.6,0.0706,0.2486,1
0.8681,0.8681,0.8983,1,0.2039,113.2,113.2,8.46,0.1854,0.0772,1
0.93,0.9074,0.8272,2,0.4373,133.3,253.0,2.75,-0.0395,0.2361,0
0.9505,0.9319,0.94,2,0.0195,61.0,162.8,2.73,0.2716,0.2145,1
0.894,0.8535,0.8668,2,0.1072,176.8,339.3,0.91,0.0415,0.3788,1
0.8524,0.7249,0.8354,5,0.174,198.1,296.8,4.93,0.1514,0.6002,0
0.7908,0.6777,0.6277,4,0.2182,237.9,272.9,6.29,0.084,0.0649,0
0.7925,0.6765,0.8567,4,0.1317,133.2,250.7,7.64,-0.0031,0.2535,1
0.8395,0.8244,0.8312,2,0.4469,174.1,176.7,0.25,0.047,0.2928,0
0.8855,0.8205,0.9127,2,0.1058,90.5,226.3,2.21,0.1178,0.3192,0
0.8468,0.7333,0.8666,5,0.1474,288.9,296.4,2.48,0.0255,0.4807,0
0.8386,0.7949,0.8612,3,0.1878,316.3,378.2,1.37,0.1662,0.0589,0
0.808,0.6752,0.7964,2,0.0177,35.0,177.6,2.45,0.1475,0.2378,0
0.8485,0.8382,0.8162,2,0.0534,195.6,348.8,1.57,0.048,0.1549,0
0.6605,0.5325,0.6799,2,0.0997,232.9,272.5,1.09,0.3199,0.2171,0
0.8141,0.8141,0.827,1,0.1254,171.6,171.6,2.41,0.2076,0.6806,1
0.8302,0.7425,0.8363,5,0.1409,163.4,177.0,2.01,0.2378,0.0353,0
0.8659,0.6606,0.9448,5,0.302,69.0,145.4,1.16,0.4226,0.7393,0
0.7727,0.7727,0.7147,1,0.0634,140.3,140.3,5.68,0.2071,0.3115,0
0.8162,0.8162,0.7757,1,0.129,189.2,189.2,4.46,0.2788,0.2967,1
0.8628,0.7292,0.9159,5,0.0943,101.7,164.5,4.09,0.167,0.2611,0
0.7586,0.5156,0.652,4,0.0932,248.5,337.1,4.06,-0.0243,0.2367,0
0.9042,0.8435,0.971,2,0.0156,298.2,375.1,0.9,0.231,0.0131,0
0.8566,0.6598,0.7569,4,0.4236,109.1,138.7,1.72,0.1929,0.4453,0
0.8201,0.45,0.7662,5,0.1248,25.9,55.1,3.41,0.227,0.0383,0
0.8114,0.6407,0.7814,5,0.0689,139.0,258.3,3.95,0.2295,0.2456,0
0.858,0.858,0.868,1,0.0439,231.0,231.0,6.61,0.1047,0.4137,1
0.7372,0.5559,0.7481,4,0.2209,154.8,170.3,5.73,0.0672,0.7574,0
0.8601,0.8026,0.7793,3,0.293,149.0,216.4,6.57,0.1279,0.4514,0
0.7569,0.6141,0.8481,5,0.0722,82.1,166.2,1.16,0.2487,0.1218,0
0.8326,0.4555,0.8324,5,0.0322,206.3,268.5,4.0,0.4147,0.2074,0
0.8882,0.8047,0.9591,3,0.3058,47.2,217.3,3.38,0.0597,0.3903,0
0.8527,0.6121,0.7682,5,0.3456,257.6,308.5,1.58,-0.003,0.1445,0
0.7216,0.6836,0.5919,3,0.0822,71.2,247.3,4.78,0.0475,0.6864,0
0.7091,0.5562,0.8012,2,0.0893,204.6,310.8,3.63,0.3495,0.4288,1
0.7956,0.6247,0.8127,2,0.242,123.3,237.1,3.47,0.0949,0.3153,0
0.614,0.614,0.598,1,0.146,205.5,205.5,3.43,0.3595,0.0728,0
0.7526,0.7491,0.8421,2,0.1745,223.7,376.3,9.07,0.1132,0.3345,1
0.8431,0.6557,0.8716,5,0.0424,274.0,385.3,3.4,0.0919,0.0385,0
0.8283,0.6819,0.757,3,0.0587,207.3,208.8,4.82,0.5,0.0776,1
0.8247,0.5258,0.753,3,0.7702,188.4,323.0,3.58,0.1152,0.4114,0
0.8225,0.6038,0.8204,4,0.1923,249.6,412.7,2.28,0.2863,0.0806,1
0.8037,0.5657,0.8397,5,0.0265,226.4,340.9,0.83,0.3136,0.418,0
0.8051,0.6033,0.9247,4,0.2297,50.8,112.3,1.51,0.0729,0.4558,1
0.828,0.7608,0.8132,3,0.1083,60.0,160.6,1.51,0.2203,0.4123,0
0.8627,0.8627,0.8922,1,0.6012,24.2,24.2,5.32,0.031,0.6238,0
0.8175,0.7272,0.8779,4,0.4089,278.5,392.2,4.99,-0.1938,0.1475,1
0.763,0.763,0.7689,1,0.0285,281.0,281.0,5.52,0.3483,0.3287,0
0.8134,0.7283,0.8169,5,0.3283,18.2,175.5,0.14,0.1879,0.1726,0
0.8016,0.6924,0.7657,4,0.0955,255.6,281.2,1.37,0.056,0.699,0
0.7475,0.6204,0.7445,2,0.0875,29.1,54.7,3.91,0.0467,0.5277,1
0.9099,0.9099,0.8453,1,0.0133,163.7,163.7,1.75,0.2009,0.457,1
0.8788,0.8315,0.7956,4,0.1628,113.2,228.4,1.3,0.0801,0.2626,0
0.7971,0.5184,0.8362,5,0.0259,183.2,183.8,0.87,0.2983,0.0059,0
0.641,0.45,0.7149,3,0.3146,101.2,135.2,2.21,0.077,0.7503,0
0.9044,0.7815,0.9196,4,0.0489,34.3,185.2,0.69,-0.0216,0.7041,1
0.8857,0.8385,0.8575,3,0.1812,61.4,142.3,4.49,0.0264,0.1233,0
0.8858,0.7972,0.9041,5,0.0239,175.7,203.2,5.59,0.3094,0.0713,0
0.892,0.8056,0.8627,3,0.0121,226.9,328.8,2.26,-0.01,0.6453,1
0.869,0.7846,0.8321,4,1.0,165.6,181.5,4.16,0.1639,0.2611,1
0.8359,0.792,0.7846,2,0.2368,29.0,71.7,12.44,0.0131,0.0781,1
0.8619,0.8492,0.8221,3,0.028,197.9,370.7,0.65,0.059,0.6443,1
0.8585,0.7138,0.8266,3,0.323,204.5,310.8,2.28,0.1495,0.4529,0
0.9513,0.9513,1.0,1,0.2382,252.9,252.9,1.66,0.1345,0.8222,0
0.9539,0.9539,0.9706,1,0.1655,120.9,120.9,1.48,0.1108,0.0851,1
0.8177,0.7579,0.7871,4,0.5935,76.1,104.0,2.6,0.371,0.6551,1
0.9085,0.8363,0.9106,2,0.2974,136.0,221.3,6.06,-0.1749,0.1599,0
0.8992,0.8918,0.8795,2,0.2638,171.4,174.6,0.37,0.1696,0.7786,1
0.8268,0.6489,0.8374,5,0.0243,284.1,397.6,2.24,0.0361,0.2727,0
0.7847,0.6778,0.8056,2,0.1014,253.6,362.8,3.8,0.3102,0.0786,0
0.8539,0.7819,0.9164,2,0.1202,130.2,177.8,5.88,0.121,0.6646,1
0.8201,0.7126,0.935,5,0.0247,51.3,176.1,2.46,0.2543,0.0845,0
0.8866,0.7094,0.9042,4,0.0832,316.2,432.8,5.56,0.3094,0.2761,0
0.7229,0.5393,0.7977,5,0.2587,79.6,128.9,3.95,0.2508,0.294,0
0.8179,0.7055,0.8063,4,0.0197,58.9,210.0,1.14,0.1102,0.8682,0
0.769,0.7478,0.7655,3,0.1104,261.2,282.2,5.27,0.1707,0.2934,1
0.7722,0.7722,0.8206,1,0.0356,278.5,278.5,1.93,0.2286,0.5643,1
0.7621,0.597,0.8263,5,0.0551,149.6,275.7,4.29,-0.0335,0.4735,1
0.8699,0.7374,0.7054,3,0.181,118.5,280.1,1.44,0.3058,0.334,0
0.8177,0.7277,0.7842,5,0.0276,308.4,349.3,8.27,0.2753,0.5735,1
0.897,0.7593,0.8307,5,0.0744,242.6,288.2,7.96,-0.0394,0.014,1
0.7583,0.5432,0.6679,4,0.1912,161.5,205.8,1.36,-0.0002,0.0848,0
0.9079,0.8307,0.7609,4,0.0605,254.1,415.1,5.92,0.0128,0.1067,0
0.9582,0.9291,0.9608,2,0.4262,107.7,215.2,2.86,0.0919,0.0671,1
0.8086,0.6565,0.8085,2,0.3157,33.4,210.3,2.42,0.223,0.2439,0
0.8558,0.6896,0.954,5,0.1351,286.6,361.5,3.23,0.1524,0.5173,0
0.6546,0.6546,0.642,1,0.177,192.9,192.9,5.71,-0.041,0.1061,0
0.7915,0.6702,0.9252,5,0.4275,19.7,159.4,8.8,0.0612,0.3325,1
0.8956,0.8606,0.9285,3,0.1212,151.7,165.2,1.18,0.119,0.7644,0
0.8935,0.8137,0.867,4,0.2394,65.1,205.3,4.99,-0.0103,0.566,0
0.8841,0.8441,0.872,3,0.1384,187.0,319.3,2.6,0.2973,0.7657,1
0.9439,0.9439,1.0,1,0.0474,23.5,23.5,3.06,0.1468,0.3307,1
0.7513,0.6116,0.7518,3,0.2059,293.8,312.2,1.35,0.4135,0.5413,1
0.8512,0.8117,0.824,3,0.0767,240.1,311.9,5.32,0.2493,0.2719,1
0.7557,0.7144,0.7707,2,0.2329,141.1,209.1,2.07,0.1458,0.4862,0
0.8269,0.6778,0.7413,5,0.0204,109.4,153.4,7.3,-0.1251,0.2109,1
0.8505,0.8212,0.8058,2,0.2219,71.9,188.3,4.07,0.2152,0.2401,0
0.8844,0.7941,0.9742,3,0.0287,68.9,237.4,6.59,0.0889,0.5247,0
0.9254,0.9119,0.9743,2,0.0711,294.1,426.2,4.11,0.1448,0.3592,1
0.7577,0.6476,0.8104,5,0.0422,317.1,487.5,1.85,0.1188,0.3954,0
0.8444,0.7589,0.7625,2,0.5764,234.2,310.3,2.94,0.1058,0.2466,0
0.868,0.868,0.8351,1,0.0117,21.3,21.3,4.71,-0.1075,0.5071,1
0.8103,0.6936,0.772,5,0.0456,281.7,434.1,1.55,0.0488,0.1194,0
0.7807,0.6684,0.7459,2,0.0294,156.8,247.4,6.28,0.1595,0.4887,1
0.7392,0.7392,0.7396,1,0.3898,236.2,236.2,12.0,0.1593,0.198,0
0.8257,0.7456,0.9609,3,0.0345,266.6,377.9,7.01,0.273,0.4919,1
0.9188,0.9165,0.9895,2,0.3254,276.4,290.9,1.35,0.156,0.0012,0
0.9131,0.9131,1.0,1,0.1515,114.4,114.4,3.77,0.2521,0.7922,1
0.8371,0.7768,0.7626,3,0.0323,288.3,401.6,4.7,0.2716,0.5658,0
0.8808,0.7873,0.9488,3,0.4118,257.1,278.5,0.55,-0.0561,0.7963,0
0.7844,0.7581,0.7606,3,0.1128,216.2,338.0,5.91,0.1254,0.0049,0
0.8173,0.6969,0.8747,5,0.368,270.0,283.7,2.36,0.1745,0.3119,1
0.8478,0.7829,0.8129,5,0.2734,167.3,305.2,3.04,-0.0603,0.0483,1
0.8493,0.6124,0.8322,5,0.3633,168.4,309.5,1.34,0.3104,0.1553,0
0.88,0.773,0.9404,3,0.018,218.4,250.8,2.18,0.1612,0.8195,1
0.8209,0.7223,0.7729,3,0.2477,23.9,128.4,1.14,0.1249,0.2391,1
0.8285,0.6453,0.9215,4,0.2529,314.6,320.6,5.01,0.0195,0.621,0
0.7187,0.551,0.7027,3,0.3115,152.6,326.1,3.44,0.0061,0.194,0
0.6848,0.6848,0.5423,1,0.1585,191.3,191.3,0.83,0.216,0.5995,0
0.798,0.5405,0.8478,4,0.1416,131.6,190.6,3.05,0.1435,0.8144,0
0.8347,0.6717,0.8572,5,0.0947,50.4,55.0,8.45,0.1416,0.0469,0
0.45,0.45,0.4003,1,0.1031,312.2,312.2,3.6,0.2287,0.2216,0
0.9412,0.9412,0.9395,1,0.1483,202.1,202.1,3.95,0.0662,0.7215,0
0.7925,0.6382,0.7564,5,0.0521,261.2,272.2,5.54,0.0369,0.0994,0
0.767,0.5449,0.744,5,0.1247,36.4,115.9,0.89,0.1752,0.2439,0
0.8028,0.6963,0.8776,2,0.2277,137.1,285.0,6.07,0.141,0.2348,1
0.8387,0.6146,0.8382,3,0.0106,74.5,249.2,4.84,0.4219,0.4547,1
0.878,0.7379,0.8016,5,0.4329,109.6,262.7,0.68,0.1521,0.2404,0
0.6973,0.6973,0.6737,1,0.2208,134.7,134.7,2.28,0.2139,0.5288,0
0.8547,0.5589,0.8288,5,0.5546,298.6,337.3,6.51,0.0768,0.0608,0
0.8486,0.7498,0.8505,5,0.1022,174.0,208.9,1.01,0.2756,0.1559,0
0.8724,0.7729,0.875,4,1.0,92.7,140.7,3.98,0.1349,0.3886,1
0.8546,0.7812,0.7609,4,0.201,110.7,217.6,0.95,0.2798,0.5372,0
0.7506,0.5401,0.7094,3,0.0255,41.0,219.9,8.35,0.2157,0.5971,0
0.8063,0.6927,0.9379,2,0.0407,211.6,271.4,4.05,0.0449,0.0415,1
0.7842,0.7842,0.7669,1,0.3169,115.8,115.8,6.36,0.0956,0.5425,0
0.7805,0.7591,0.7807,2,0.0596,105.6,258.3,0.79,0.1715,0.0416,0
0.7842,0.5579,0.7124,5,0.0096,219.2,256.0,2.4,0.0204,0.0173,0
0.8237,0.7639,0.9379,2,0.2043,71.3,166.9,3.79,0.0015,0.1336,1
0.8795,0.8756,0.8529,2,0.6263,99.3,172.6,4.25,-0.0253,0.067,1
0.8012,0.7523,0.7722,3,0.0148,118.6,207.0,4.71,0.1483,0.2598,1
0.8036,0.6107,0.8896,5,0.2282,211.6,247.7,2.36,0.052,0.3629,0
0.8995,0.8953,0.896,2,0.0656,310.1,318.9,4.99,0.0271,0.7551,0
0.6772,0.5787,0.6451,4,0.3031,316.6,363.3,2.34,0.0433,0.7435,0
0.7031,0.5824,0.7639,5,0.2564,59.9,160.5,5.38,0.4378,0.4562,0
0.8918,0.8918,0.8534,1,0.1685,284.9,284.9,2.12,-0.0508,0.5011,0
0.7304,0.45,0.6858,3,0.0009,235.8,344.0,6.35,-0.1459,0.6063,0
0.8812,0.7989,0.9059,4,0.3563,267.1,415.0,8.21,0.2577,0.5648,0
0.86,0.86,0.8328,1,0.1858,317.6,317.6,6.34,0.0495,0.5908,1
0.7263,0.6619,0.705,2,0.3901,262.6,424.6,3.66,0.0299,0.2959,0
0.7373,0.6815,0.6523,3,0.028,72.8,185.7,3.16,-0.1169,0.4856,0
0.7851,0.7399,0.6323,3,0.0161,171.1,243.5,5.73,0.1367,0.0259,0
0.7777,0.595,0.8071,3,0.0591,282.6,358.7,2.58,-0.0031,0.0858,0
0.8715,0.7588,0.8157,5,0.0314,231.5,344.4,1.59,0.2499,0.2035,1
0.9028,0.835,0.8773,2,0.0656,39.7,204.0,9.23,0.1516,0.1706,1
0.8149,0.6289,0.8125,5,0.0206,253.1,297.4,0.72,0.154,0.5661,0
0.9115,0.829,0.9733,4,0.1853,172.5,277.0,4.14,0.2462,0.2836,0
0.8644,0.7711,0.7701,2,0.205,314.2,416.6,0.6,0.4211,0.0926,0
0.6725,0.583,0.6117,4,0.1901,212.0,231.8,1.19,0.1038,0.7774,0
0.9405,0.8899,0.9555,2,0.2445,203.1,292.6,3.21,0.242,0.2474,1
0.6563,0.6337,0.7494,3,0.2206,70.9,166.1,4.38,-0.0341,0.2008,0
0.8518,0.588,0.8432,5,0.0076,242.9,366.6,3.43,0.0825,0.376,0
0.8604,0.7943,0.881,4,0.0418,232.9,372.2,2.04,0.0695,0.4152,1
0.9293,0.9293,0.9967,1,0.0194,237.1,237.1,3.68,0.2837,0.0523,0
0.8465,0.6951,0.8412,5,0.0215,274.2,395.6,3.82,0.1736,0.2473,0
0.8625,0.8594,0.9028,2,0.2694,91.5,144.6,3.41,0.1085,0.0341,1
0.85,0.7707,0.9425,4,0.0282,215.9,282.8,1.92,0.0581,0.271,0
0.7794,0.5272,0.8021,4,0.5127,213.2,318.4,1.54,0.0066,0.6346,0
0.8089,0.8089,0.8037,1,0.2798,181.4,181.4,0.77,-0.0013,0.3844,0
0.7232,0.5425,0.7182,5,0.0549,215.4,262.1,6.55,-0.0831,0.4393,0
0.8141,0.7551,0.8779,2,0.1525,199.9,356.2,2.4,-0.0947,0.3434,0
0.8696,0.8696,0.8833,1,0.1161,159.6,159.6,3.38,0.1379,0.0669,0
0.9581,0.9581,0.8838,1,0.0428,212.7,212.7,2.33,-0.0329,0.1003,1
0.9168,0.9125,0.719,2,0.012,68.7,170.3,1.46,0.2463,0.4368,1
0.8177,0.7655,0.852,3,1.0,185.4,261.6,0.51,0.2651,0.1454,1
0.8924,0.8282,0.9034,3,0.4338,271.7,378.3,4.66,0.2612,0.1274,0
0.947,0.947,0.9322,1,0.1762,146.0,146.0,2.53,0.195,0.4997,1
0.8697,0.7712,0.9043,4,0.0752,160.7,256.5,1.3,-0.0892,0.5726,0
0.8634,0.863,1.0,2,0.2442,57.4,113.9,3.78,0.1633,0.0738,1
0.8645,0.8107,0.9263,5,0.8149,112.7,219.0,2.69,-0.0269,0.0935,0
0.9545,0.9069,0.9527,3,0.0479,172.0,229.2,4.88,0.0677,0.5462,1
0.7936,0.6609,0.8397,5,0.0989,163.8,264.4,1.72,0.1358,0.0496,0
0.9109,0.7933,0.8842,4,0.0213,180.2,324.9,0.42,0.0786,0.485,0
0.7247,0.7074,0.6847,2,0.1445,264.6,406.4,4.15,-0.0101,0.3405,0
0.7661,0.5753,0.8743,3,0.1408,42.0,160.0,1.15,0.2258,0.7345,0
0.8985,0.8149,0.7824,5,0.0607,245.3,255.5,5.94,0.2126,0.7022,0
0.8638,0.7671,0.8714,2,0.1787,94.4,200.5,5.56,0.103,0.7426,1
0.758,0.4925,0.6748,5,0.2204,223.8,396.8,4.54,0.1503,0.2934,0
0.8687,0.8307,0.7802,3,0.0267,248.1,258.6,2.88,0.1903,0.0113,1
0.825,0.6541,0.873,5,0.0363,121.5,280.1,0.95,-0.0744,0.0254,0
0.7957,0.7816,0.7335,2,0.0366,293.6,306.5,1.92,0.1299,0.1992,0
0.863,0.863,0.8701,1,0.008,114.3,114.3,3.29,0.0173,0.2107,0
0.995,0.995,1.0,1,0.0125,238.9,238.9,7.23,0.1644,0.3834,1
0.8086,0.7083,0.8927,5,0.0341,293.5,374.7,4.94,-0.1,0.2622,0
0.9398,0.8934,0.9403,4,0.0744,216.8,374.3,5.85,0.2114,0.4789,1
0.8402,0.7317,0.7809,5,0.1399,311.3,469.1,3.57,0.172,0.2414,0
0.9199,0.8997,0.9485,2,0.045,55.5,226.8,5.81,0.1171,0.3862,0
0.8128,0.6726,0.8437,5,0.0412,63.3,205.0,1.3,0.2291,0.2255,0
0.8845,0.7562,0.8581,5,0.099,61.5,166.5,5.12,0.0812,0.1622,1
0.8686,0.6523,0.9418,5,0.1883,278.3,448.6,2.6,0.1303,0.6601,1
0.827,0.7351,0.7758,3,0.2639,244.0,263.6,1.54,0.1146,0.2261,0
0.8097,0.633,0.9015,5,0.2506,299.1,443.4,5.28,0.1187,0.4319,0
0.7625,0.6952,0.7519,2,0.0453,80.1,235.4,3.23,0.0986,0.344,0
0.8797,0.776,0.8893,3,0.0782,218.0,258.7,6.76,0.3259,0.6822,1
0.6639,0.6639,0.7537,1,0.1064,289.6,289.6,5.91,0.1934,0.777,1
0.8622,0.8439,0.9383,2,0.0381,136.8,193.5,2.4,0.053,0.1751,0
0.7973,0.6709,0.7248,3,0.0103,41.2,162.3,9.34,0.2819,0.4244,0
0.6923,0.6923,0.7045,1,0.1186,314.9,314.9,9.74,0.0652,0.5993,0
0.8831,0.8831,0.8201,1,0.1052,151.0,151.0,4.85,0.0151,0.2823,1
0.8344,0.7649,0.8544,4,0.1089,295.2,338.2,7.39,0.3351,0.3194,0
0.8692,0.7873,0.8992,3,0.2773,179.8,348.0,3.35,0.1259,0.2572,1
0.8105,0.6704,0.7934,5,0.1318,180.1,336.4,3.51,0.0586,0.0666,0
0.9151,0.9151,0.7913,1,0.148,240.1,240.1,4.25,-0.005,0.1747,1
0.7937,0.7126,0.8524,3,0.2437,155.8,249.5,6.01,-0.0249,0.068,0
0.8827,0.8057,0.9006,4,0.187,188.4,190.2,4.49,0.0931,0.4155,1
0.8047,0.6663,0.7145,2,0.3951,23.5,48.6,2.73,0.1599,0.389,1
0.778,0.6678,0.7407,5,0.0481,206.0,348.0,2.14,0.1821,0.0941,0
0.7417,0.7417,0.7476,1,0.0338,287.1,287.1,2.31,0.1242,0.0307,0
0.8917,0.775,0.9619,5,0.2931,107.1,119.1,4.58,0.3503,0.2343,1
0.6662,0.5,0.6156,3,0.8168,268.9,273.0,5.79,0.289,0.5843,0
0.8781,0.8781,0.8688,1,0.4304,310.5,310.5,1.98,-0.0401,0.6692,1
0.8867,0.8867,0.7969,1,0.4384,164.4,164.4,1.55,0.1666,0.5048,0
0.9085,0.869,0.8589,4,0.1847,241.7,273.2,1.92,0.1097,0.1929,0
0.942,0.8465,0.9764,4,0.1004,302.6,347.4,2.61,0.234,0.0208,0
0.9002,0.9002,0.9134,1,0.9744,302.0,302.0,6.44,0.1,0.0546,1
0.8413,0.7649,0.7673,3,0.0091,189.3,342.9,6.49,-0.0179,0.4672,0
0.8343,0.5668,0.8769,5,0.1868,39.6,171.0,1.21,0.1009,0.3989,0
0.8075,0.6109,0.8008,5,0.012,242.4,302.7,3.31,-0.0071,0.1692,0
0.7966,0.6371,0.7933,3,0.1433,262.8,375.3,1.35,0.2197,0.2576,0
0.8033,0.7607,0.8014,3,0.4569,255.0,402.7,3.19,0.0306,0.3953,0
0.8266,0.6359,0.7695,5,0.1624,286.4,327.6,2.17,0.1117,0.0879,0
0.9174,0.8647,0.9157,5,0.5426,118.5,224.0,2.64,0.1452,0.3503,1
0.7912,0.689,0.7851,4,0.0771,171.8,240.0,4.03,0.0381,0.7132,0
0.8472,0.8472,0.8363,1,0.0714,265.4,265.4,7.71,0.1948,0.0088,0
0.7522,0.7522,0.6885,1,0.1464,234.6,234.6,3.82,-0.151,0.2121,0
0.7652,0.609,0.7031,4,0.3358,60.5,83.4,0.88,0.0274,0.2257,1
0.8571,0.732,0.8961,5,0.2541,235.6,239.4,6.0,0.2192,0.5605,1
0.8218,0.7361,0.7255,2,0.1824,259.7,358.6,7.82,0.2348,0.1517,1
0.754,0.754,0.7622,1,0.1859,48.1,48.1,0.69,0.0809,0.3869,0
0.9128,0.8783,0.9557,2,0.1985,88.9,108.8,1.18,-0.0155,0.2171,1
0.9061,0.7394,0.9721,5,0.0363,263.9,373.5,2.54,0.1272,0.8113,1
0.8209,0.7521,0.8844,3,0.2877,250.6,393.9,2.73,0.119,0.2429,1
0.9241,0.8838,0.8872,5,0.5907,289.3,313.5,2.94,0.128,0.2066,1
0.7629,0.7105,0.8441,3,0.5101,229.7,371.2,14.0,0.1367,0.5688,0
0.8883,0.8551,0.8821,3,0.1415,192.9,285.3,2.14,0.1956,0.5483,1
0.7521,0.6655,0.722,3,0.0387,173.9,250.2,2.24,0.2914,0.1935,0
0.8337,0.7282,0.8813,3,0.1071,204.7,231.0,1.91,-0.0282,0.7991,0
0.7645,0.7373,0.7046,4,0.0125,318.3,379.9,3.01,0.1442,0.2779,1
0.9188,0.9188,0.7998,1,0.6625,49.4,49.4,2.61,-0.0289,0.1907,1
0.9363,0.8948,0.7832,3,0.0588,163.7,329.3,0.94,0.3505,0.6117,0
0.8585,0.7865,0.8308,5,0.4284,276.4,317.2,5.21,-0.0307,0.1724,0
0.7222,0.4732,0.8227,4,0.1006,91.9,234.3,4.98,0.3677,0.6964,0
0.8867,0.7802,0.9044,4,0.1401,127.4,305.1,2.53,-0.0796,0.2007,0
0.8208,0.7656,0.7996,5,0.0586,315.6,367.6,2.85,0.2021,0.4494,0
0.7621,0.542,0.7379,5,0.2759,75.6,197.1,3.5,0.067,0.1109,0
0.9228,0.8801,0.9702,4,0.0705,59.4,99.2,0.95,0.0979,0.3183,1
0.7592,0.5983,0.791,3,0.1283,160.3,302.5,1.65,0.1079,0.1992,0
0.8435,0.8331,0.801,2,0.047,222.4,315.8,2.51,0.0686,0.0465,0
0.887,0.7822,0.8609,4,0.0372,107.3,204.7,3.73,0.2475,0.311,0
0.9163,0.9006,0.8856,2,0.1853,184.0,193.8,4.38,0.4214,0.5388,1
0.7428,0.5984,0.7425,3,0.2476,148.9,156.0,4.04,-0.0672,0.6137,0
0.9005,0.9005,0.9798,1,0.2988,122.4,122.4,0.68,0.2935,0.4459,1
0.8284,0.7091,0.7439,4,0.3993,167.0,297.9,2.49,0.0883,0.7971,1
0.8208,0.7297,0.775,5,0.1618,308.9,426.9,2.74,0.098,0.5936,0
0.8144,0.7034,0.8264,4,0.4378,265.0,371.4,1.74,0.1591,0.0066,0
0.9326,0.8939,0.8949,2,0.0652,123.2,144.4,2.27,0.2708,0.4628,0
0.7952,0.5666,0.7739,3,0.3213,227.1,336.1,1.0,0.1603,0.093,1
0.7462,0.6252,0.7933,3,0.1823,80.3,176.1,3.2,0.1486,0.0888,0
0.9175,0.8207,0.9181,4,0.0458,259.4,354.3,1.52,0.1675,0.5926,1
0.8241,0.6564,0.795,5,0.0909,278.0,320.8,2.75,-0.0159,0.3565,1
0.8257,0.5024,0.792,5,0.7918,263.3,434.6,2.46,0.1858,0.1148,0
0.832,0.4878,0.7765,4,0.0632,105.3,283.6,3.4,0.0569,0.6138,0
0.9693,0.9693,1.0,1,0.2776,154.5,154.5,3.01,0.0312,0.0783,1
0.8901,0.8406,0.9775,3,0.2331,278.7,452.6,1.58,0.2616,0.0089,0
0.8152,0.7313,0.7984,3,0.4151,227.5,253.8,2.49,0.0324,0.38,1
0.819,0.7485,0.8019,4,0.1581,253.7,411.7,4.11,0.3148,0.2679,0
0.7155,0.45,0.7235,2,0.2165,84.7,183.5,3.22,0.0592,0.2174,0
0.801,0.801,0.8402,1,0.6239,72.5,72.5,4.48,-0.0868,0.3412,1
0.7727,0.7727,0.6964,1,0.5394,105.3,105.3,3.86,0.3127,0.3632,1
0.7853,0.7853,0.7195,1,0.0043,79.7,79.7,2.69,0.1144,0.3007,0
0.9023,0.8234,0.8892,2,0.5663,163.1,316.4,2.02,0.2395,0.6248,1
0.9048,0.7933,0.8454,3,0.3931,135.1,210.9,2.64,0.0379,0.0162,1
0.861,0.5808,0.805,5,0.2864,35.5,213.0,5.28,0.2475,0.3626,0
0.8569,0.661,0.8692,4,0.26,19.0,139.9,0.88,0.0714,0.5397,0
0.7966,0.642,0.7882,3,0.0764,172.4,305.9,1.86,-0.0107,0.6644,1
0.8563,0.7635,0.8087,5,0.0,284.7,446.7,5.76,-0.0736,0.0611,0
0.7919,0.7919,0.7689,1,0.1131,299.6,299.6,3.49,-0.0797,0.6341,0
0.8782,0.7432,0.9174,3,0.1965,189.3,358.8,0.98,0.1174,0.3441,0
0.8144,0.8144,0.8173,1,0.0022,305.0,305.0,9.3,0.1094,0.2913,1
0.8265,0.6733,0.7875,4,0.0356,202.0,294.4,1.12,0.2262,0.7705,0
0.8637,0.7617,0.918,5,0.3796,247.3,273.9,2.95,0.0363,0.0151,0
0.7752,0.6249,0.8586,2,0.1627,37.5,62.7,5.9,-0.0884,0.5208,0
0.8307,0.7686,0.8398,2,0.0239,183.3,212.4,1.95,0.1245,0.2862,0
0.7537,0.6512,0.7039,3,0.0947,260.8,383.0,4.83,-0.0865,0.7384,0
0.8918,0.8272,0.8459,5,0.0094,318.6,413.9,2.55,-0.0149,0.3845,0
0.8191,0.7065,0.7889,2,0.0282,171.0,171.9,1.97,0.1734,0.1447,0
0.8464,0.6206,0.8438,5,0.0697,132.9,286.4,10.55,0.3285,0.3743,1
0.8181,0.6827,0.7651,5,0.0726,215.4,268.9,5.72,0.2002,0.2742,0
0.8818,0.8499,0.957,2,0.1334,282.8,374.4,3.23,-0.0234,0.1355,1
0.8094,0.7946,0.7338,2,0.0478,208.9,290.2,2.2,0.2242,0.1347,0
0.7928,0.7269,0.6907,2,0.0582,89.7,268.0,2.7,-0.0128,0.2829,0
0.5912,0.5912,0.5953,1,0.2259,312.8,312.8,5.55,0.3742,0.1096,0
0.8697,0.7678,0.8755,5,0.4015,116.0,139.0,8.25,0.0441,0.1069,1
0.8031,0.6836,0.8506,4,0.6069,166.4,302.9,4.6,0.0548,0.4025,0
0.872,0.5993,0.7934,5,0.0663,191.4,254.0,7.92,0.4758,0.2044,0
0.6872,0.5669,0.6426,4,0.0454,38.3,140.4,0.43,0.0602,0.1457,0
0.8174,0.8174,0.8246,1,0.4845,259.4,259.4,0.29,0.1968,0.0948,0
0.8914,0.8847,0.8778,2,0.1688,134.3,168.0,0.86,0.128,0.2896,1
0.7691,0.7691,0.7766,1,0.2352,42.7,42.7,2.49,0.1263,0.1314,1
0.7934,0.45,0.7569,5,0.0731,223.4,233.8,3.65,0.2131,0.5785,0
0.8565,0.8008,0.8013,2,0.4193,210.0,278.6,1.85,-0.0381,0.5217,1
0.8024,0.7065,0.7928,3,0.3336,216.4,311.9,1.02,0.1015,0.0116,0
0.7523,0.7523,0.6408,1,0.1842,180.7,180.7,1.7,0.1909,0.4598,1
0.8792,0.7939,0.8571,5,0.0046,298.9,415.4,4.63,0.1581,0.6816,0
0.8949,0.8749,1.0,2,0.1225,109.1,180.9,4.56,0.2041,0.3765,1
0.712,0.5047,0.6912,4,0.0615,316.6,460.4,0.37,0.3074,0.362,0
0.7232,0.5515,0.6672,4,0.0228,316.6,493.3,3.69,-0.0954,0.1394,0
0.908,0.8085,0.8593,4,0.2188,98.5,170.6,1.91,0.1199,0.7052,1
0.9447,0.9447,0.9288,1,0.0021,178.1,178.1,0.91,-0.0019,0.3339,1
0.7751,0.5943,0.8391,3,0.7123,134.5,227.4,2.7,0.2794,0.3543,1
0.8246,0.6639,0.8466,3,0.1512,256.7,384.5,3.08,0.0119,0.3493,0
0.8259,0.7548,0.8061,5,0.2527,141.1,232.9,4.5,0.1847,0.0067,0
0.6615,0.6615,0.5987,1,0.0275,19.7,19.7,0.14,0.1875,0.7859,1
0.8275,0.6355,0.8429,5,0.0753,48.6,93.8,2.88,0.0153,0.4298,0
0.7399,0.6964,0.7062,4,0.0414,172.7,298.4,0.35,0.2325,0.6007,0
0.6748,0.6748,0.7223,1,0.0388,19.3,19.3,0.29,0.0278,0.5337,0
0.757,0.45,0.7609,4,0.0749,139.2,214.9,1.83,0.1054,0.2612,0
0.7749,0.5884,0.7525,3,0.2973,147.0,186.5,4.49,0.211,0.4302,1
0.98,0.98,0.9858,1,0.1148,54.2,54.2,3.48,0.0965,0.4873,1
0.9191,0.9191,1.0,1,0.2781,288.0,288.0,4.84,0.1091,0.2672,1
0.888,0.7923,0.9086,3,0.05,130.4,273.6,3.1,0.2954,0.6077,1
0.8993,0.7595,0.8659,5,0.2355,48.3,218.6,1.47,0.3086,0.4359,1
0.843,0.8064,0.8571,4,0.1977,21.2,108.3,10.02,0.1382,0.4954,1
0.9375,0.9375,0.9889,1,0.3447,268.6,268.6,1.96,0.2102,0.1013,1
0.8942,0.8613,0.7876,4,0.3065,72.1,150.8,4.18,0.0069,0.2941,0
0.8043,0.6217,0.9787,5,0.4146,225.8,335.9,1.94,0.1574,0.4294,0
0.7997,0.4652,0.7612,5,0.0581,263.0,342.7,3.54,0.1351,0.3507,0
0.8218,0.6784,0.9023,4,0.4815,276.2,425.9,4.89,0.0638,0.7095,1
0.7621,0.5661,0.7738,5,0.3361,88.6,93.8,2.32,0.1307,0.4067,1
0.9512,0.9512,0.9242,1,0.3109,154.6,154.6,2.42,0.1286,0.1677,1
0.7893,0.45,0.8151,4,0.1041,243.6,371.5,3.49,0.2016,0.0802,0
0.8599,0.7329,0.8361,4,0.0444,177.1,338.9,6.26,0.2003,0.1658,0
0.8374,0.749,0.821,4,0.0091,228.9,230.9,0.19,0.1991,0.0085,0
0.7676,0.4785,0.7384,4,0.0116,77.2,115.6,3.23,-0.0896,0.1697,0
0.8275,0.7876,0.7109,3,0.2712,293.0,321.1,6.6,0.2128,0.5313,0
0.8604,0.8015,0.9347,4,0.2028,139.4,255.3,6.83,0.0433,0.0003,0
0.866,0.7589,0.8848,5,0.0786,178.5,204.2,1.4,0.2652,0.3892,0
0.6008,0.6008,0.6339,1,0.1959,265.4,265.4,1.47,0.1219,0.0721,0
0.8557,0.7357,0.7899,5,0.0367,81.8,226.7,2.0,0.1639,0.227,0
0.7239,0.7239,0.699,1,0.0442,138.1,138.1,1.81,-0.1476,0.128,1
0.8278,0.6986,0.8985,4,0.1563,289.8,304.8,2.92,0.1248,0.481,0
0.8049,0.7332,0.7514,3,0.1218,251.1,287.5,3.68,-0.0041,0.7622,1
0.6946,0.6729,0.8577,2,0.0863,105.0,223.6,4.76,0.3228,0.1075,0
0.8246,0.8246,0.7975,1,0.0652,253.7,253.7,2.68,-0.0758,0.2175,1
0.8745,0.7827,0.7758,4,0.0736,24.7,64.7,6.24,0.0858,0.1955,0
0.84,0.6972,0.8764,2,0.3329,165.9,168.8,9.41,0.0369,0.0454,1
0.8732,0.858,0.9404,2,0.3494,110.4,163.6,2.96,0.0638,0.8334,1
0.8632,0.6836,0.7741,3,0.4765,135.3,168.5,0.88,-0.0256,0.2518,0
0.8845,0.747,0.9043,4,0.0464,283.4,386.9,3.15,-0.0618,0.3229,0
0.7755,0.7638,0.8073,3,0.0262,76.0,109.4,3.6,-0.0426,0.31,1
0.8624,0.6955,0.8531,5,0.0095,209.8,229.4,2.73,0.0274,0.4341,0
0.9702,0.9702,0.9315,1,0.0484,271.5,271.5,3.61,0.1937,0.5367,1
0.7833,0.6327,0.7802,4,0.0113,114.2,129.4,2.21,0.2009,0.1409,0
0.7854,0.6373,0.7493,5,0.0352,148.1,154.3,3.47,0.0722,0.3958,0
0.8557,0.7547,0.7763,3,0.4339,281.7,332.9,3.68,0.3132,0.2691,1
0.8181,0.6943,0.8907,3,0.0125,103.5,171.6,9.91,0.3302,0.7904,1
0.6921,0.5649,0.6537,4,0.149,270.8,381.0,4.9,0.3743,0.4302,0
0.8433,0.682,0.8337,5,0.091,109.6,127.5,7.66,0.1107,0.0932,0
0.9218,0.909,0.8638,2,0.2368,160.2,304.1,2.01,0.0855,0.1195,1
0.8753,0.8753,0.9152,1,0.1031,302.3,302.3,2.69,0.1412,0.0767,1
0.8523,0.8523,0.7794,1,0.0444,161.6,161.6,4.43,0.0479,0.7418,0
0.784,0.6101,0.7504,2,0.1792,150.1,202.0,3.54,0.03,0.3519,0
0.7976,0.5844,0.8267,4,0.038,110.1,265.5,6.58,-0.0178,0.4066,1
0.9552,0.9109,0.9699,5,0.0781,85.6,172.6,4.48,0.4214,0.5342,1
0.6906,0.6906,0.6746,1,0.2111,180.9,180.9,1.9,0.1816,0.1043,0
0.9105,0.9105,0.8142,1,0.1124,246.5,246.5,6.58,0.2359,0.45,1
0.793,0.7923,0.8136,2,0.0675,55.5,128.9,3.66,-0.0622,0.1624,1
0.6061,0.45,0.5793,2,0.1378,194.0,276.9,0.99,0.1539,0.3287,0
0.8937,0.7487,0.8435,3,0.2647,107.5,193.3,3.66,0.1084,0.1187,0
0.7759,0.6412,0.7821,4,0.4184,88.7,113.2,2.24,-0.1436,0.3675,0
0.8913,0.8055,0.8586,4,0.0386,153.5,291.9,3.22,0.2729,0.4423,1
0.8743,0.8743,0.9422,1,0.0334,317.3,317.3,7.77,0.1708,0.7236,1
0.7433,0.5127,0.7377,4,0.1128,45.5,86.9,7.81,-0.0731,0.3148,0
0.8249,0.5699,0.7671,4,0.043,44.3,66.8,4.11,0.1481,0.4303,0
0.6819,0.5867,0.62,2,0.5802,88.2,113.4,2.93,0.1007,0.2042,0
0.8137,0.6288,0.8838,4,0.0988,196.9,328.8,2.69,0.1041,0.5232,0
0.8947,0.7287,0.7868,5,0.1201,296.3,468.3,1.4,0.2129,0.0475,0
0.8703,0.7606,0.8444,4,0.1381,191.3,344.8,1.86,-0.07,0.5222,1
0.6625,0.6625,0.6908,1,0.103,167.7,167.7,5.61,0.0644,0.4731,1
0.8027,0.6007,0.8147,5,0.0756,273.8,278.5,4.18,-0.0795,0.3178,0
0.9161,0.8869,1.0,3,0.4569,308.4,360.8,5.69,-0.0416,0.4191,1
0.7517,0.6832,0.7247,4,0.085,151.8,279.7,0.95,0.1379,0.9049,0
0.7046,0.45,0.6913,4,0.746,217.6,277.4,2.61,0.2965,0.3381,0
0.6348,0.6348,0.6562,1,0.2908,172.7,172.7,2.31,0.0686,0.3396,0
0.8895,0.8156,0.9193,5,0.072,192.5,274.5,1.77,0.3023,0.3515,1
0.8847,0.8271,0.7982,5,0.1675,200.6,219.9,10.81,0.0272,0.4103,1
0.8775,0.8279,0.905,4,0.1159,314.0,486.3,1.95,0.0297,0.2962,0
0.8862,0.8862,0.9307,1,0.1468,44.3,44.3,1.66,-0.0955,0.3627,1
0.8304,0.6939,0.8523,4,0.2836,271.5,399.2,3.49,0.2036,0.192,0
0.7939,0.556,0.8604,5,0.0088,239.1,259.0,0.38,0.1643,0.4984,0
0.8729,0.8729,0.8246,1,0.036,309.6,309.6,11.91,0.0026,0.3121,1
0.8035,0.7044,0.727,2,0.0507,17.6,47.5,0.46,0.0157,0.195,0
0.6891,0.5692,0.6094,2,0.076,253.5,281.4,0.82,0.096,0.0996,0
0.9507,0.9136,0.9667,2,0.0566,220.3,391.1,0.76,0.0994,0.4854,1
0.8826,0.8826,0.8386,1,0.1172,120.9,120.9,1.63,0.0207,0.5593,1
0.8895,0.8895,0.9984,1,0.1048,215.4,215.4,2.76,0.1518,0.2712,1
0.8161,0.7039,0.8548,4,0.5407,126.5,261.5,3.32,0.0615,0.1175,0
0.8034,0.8034,0.8126,1,0.0321,259.4,259.4,2.68,0.1183,0.6804,0
0.6347,0.6347,0.6416,1,0.0063,140.3,140.3,5.57,0.2102,0.2968,0
0.82,0.7266,0.8599,5,0.1394,46.2,61.1,1.06,0.0519,0.0109,0
0.8214,0.8214,0.8486,1,0.045,38.7,38.7,4.59,0.2007,0.195,1
0.8352,0.8352,0.7824,1,0.214,190.7,190.7,11.98,0.0546,0.037,1
0.7877,0.6369,0.7367,5,0.0183,302.4,450.3,1.3,-0.018,0.4988,0
0.7659,0.7659,0.775,1,0.4667,276.9,276.9,4.28,0.1299,0.3761,1
0.9205,0.9205,0.9514,1,0.0104,134.7,134.7,3.8,0.1004,0.1348,0
0.8144,0.7082,0.7859,2,0.5137,267.5,345.4,3.17,0.1649,0.374,0
0.6407,0.6407,0.625,1,0.1676,267.2,267.2,1.3,0.1903,0.1763,0
0.9055,0.8906,0.9515,2,0.0954,241.9,336.1,5.51,0.0915,0.75,1
0.8227,0.8227,0.7929,1,0.1653,146.2,146.2,4.95,0.0426,0.5341,1
0.7163,0.45,0.8402,2,0.5609,144.2,281.3,3.97,0.1198,0.1501,0
0.8477,0.7543,0.8432,3,0.1216,150.5,188.0,2.27,0.1498,0.3447,1
0.8294,0.8294,0.84,1,0.1986,247.5,247.5,6.04,0.0267,0.2372,1
0.8801,0.8566,0.7984,3,0.4052,81.6,126.6,0.56,0.1026,0.7474,0
0.8736,0.7831,0.8885,3,0.0208,53.4,89.4,3.13,0.2894,0.1742,1
0.7095,0.6647,0.7519,3,0.0349,98.3,272.2,4.15,0.292,0.1563,0
0.8704,0.7563,0.8921,2,0.3908,31.5,35.4,1.88,0.2914,0.0541,1
0.7763,0.7418,0.714,4,0.001,281.8,385.0,5.16,0.0533,0.3827,0
0.7579,0.6265,0.7935,3,0.0221,116.3,229.4,3.77,0.0473,0.0661,0
0.8987,0.8987,0.8517,1,0.327,244.6,244.6,3.23,-0.002,0.7584,1
0.8264,0.7006,0.771,3,0.0514,305.8,456.4,1.75,-0.0489,0.1103,1
0.8872,0.7671,0.8776,3,0.1444,23.2,36.2,1.84,0.115,0.2279,0
0.807,0.5819,0.7947,3,0.1221,291.2,331.3,8.05,-0.1184,0.1595,0
0.8747,0.6469,0.8038,4,0.6021,298.8,316.6,0.99,0.1122,0.1214,0
0.8098,0.7568,0.8223,3,0.2349,146.9,213.9,2.24,0.1146,0.0048,0
0.88,0.7266,0.9298,4,0.3273,81.5,162.2,5.12,0.0836,0.7956,0
0.7995,0.7025,0.8073,5,0.0044,36.7,91.6,1.62,0.1393,0.5667,0
0.8339,0.8339,0.9369,1,0.1189,152.2,152.2,4.84,0.0618,0.2884,1
0.8123,0.6556,0.84,4,0.0818,266.9,299.9,5.36,0.0225,0.0713,0
0.9066,0.7923,0.9776,4,0.1077,217.2,352.1,5.0,0.1392,0.1671,0
0.7377,0.6837,0.6545,3,0.2285,142.0,303.0,4.91,0.1823,0.2662,1
0.7731,0.5647,0.6661,2,0.0793,102.5,230.8,2.75,0.1748,0.5671,0
0.8747,0.8031,0.829,3,0.3632,228.6,319.3,6.17,0.0757,0.1514,1
0.8825,0.8061,0.9265,4,0.3293,173.2,236.0,1.29,0.0773,0.6367,1
0.957,0.9447,1.0,2,0.5671,117.2,125.4,6.39,0.0992,0.3137,1
0.9491,0.9491,0.8672,1,0.005,23.6,23.6,2.17,0.2785,0.408,1
0.7773,0.7127,0.7386,5,0.0199,186.5,231.1,6.46,0.3143,0.89,0
0.856,0.7546,0.8311,3,0.0991,283.8,358.9,1.84,0.0706,0.1701,0
0.9454,0.9375,1.0,2,0.4748,163.8,236.2,4.73,0.2637,0.8334,1
0.8726,0.765,0.9204,3,0.071,89.0,171.7,2.85,0.0264,0.0711,0
0.7734,0.7734,0.7691,1,0.3018,186.2,186.2,2.55,0.3266,0.2633,1
0.8538,0.7642,0.9617,2,0.0846,271.7,379.7,10.22,0.0788,0.125,0
0.7617,0.595,0.8219,4,0.8603,217.4,221.3,3.18,0.0223,0.414,1
0.7787,0.5798,0.7204,3,0.0977,270.2,434.6,4.57,0.1464,0.0385,1
0.8726,0.8566,0.9336,2,0.448,193.1,203.5,4.0,0.1388,0.5533,1
0.8413,0.79,0.8525,2,0.0778,240.4,308.6,4.0,0.1248,0.3836,1
0.8698,0.8698,0.9466,1,0.0628,74.2,74.2,9.1,0.0348,0.82,1
0.8457,0.8007,0.714,3,0.3855,130.1,252.4,0.95,0.1636,0.1577,0
0.7097,0.7097,0.7927,1,0.0521,119.4,119.4,1.19,-0.1478,0.3738,1
0.9075,0.8779,0.916,2,0.0907,216.4,379.9,1.98,0.1381,0.7887,0
0.6598,0.5983,0.719,2,0.0393,41.1,173.6,1.3,0.0845,0.6818,0
0.7308,0.7308,0.6976,1,0.0118,108.4,108.4,3.0,0.1293,0.014,0
0.7976,0.7396,0.744,3,0.0169,191.2,353.1,1.07,0.2343,0.1998,0
0.8953,0.8953,0.8807,1,0.0265,93.8,93.8,6.7,0.1473,0.5696,1
0.8948,0.8948,0.8876,1,0.419,273.2,273.2,2.33,0.2034,0.1984,1
0.8396,0.6141,0.9573,4,0.082,66.1,242.0,3.04,-0.1049,0.5675,1
0.857,0.8424,0.8282,2,0.1296,174.3,308.9,1.15,0.0608,0.1165,0
0.8175,0.7665,0.7668,5,0.2775,277.9,395.2,5.39,0.0619,0.4669,0
0.7615,0.6939,0.7172,5,0.1102,134.1,246.5,2.32,0.1623,0.3255,0
0.7556,0.6252,0.6519,3,0.371,291.5,417.7,4.46,0.2411,0.3802,0
0.8377,0.6397,0.76,5,0.0331,34.8,135.0,2.09,0.2914,0.6148,0
0.9429,0.9429,0.8761,1,0.2375,239.6,239.6,2.6,0.1652,0.0344,1
0.9106,0.7994,0.9329,5,0.3089,114.4,208.5,4.06,-0.0936,0.0428,1
0.7789,0.5786,0.7153,3,0.1808,25.6,106.4,1.08,0.2113,0.4005,0
0.7936,0.5961,0.8398,4,0.0591,74.5,169.6,3.31,0.0362,0.2451,0
0.8189,0.7922,0.8034,4,0.102,317.9,465.3,7.52,0.3782,0.3967,0
0.8509,0.8021,0.7542,2,0.6632,147.0,169.8,2.2,0.349,0.5947,1
0.85,0.6489,0.8695,3,0.0937,21.1,72.9,1.34,0.2893,0.3407,1
0.7458,0.4795,0.7418,5,0.0932,199.2,340.1,6.03,0.4429,0.0519,0
0.771,0.6025,0.709,5,0.0801,243.9,315.3,1.37,-0.0169,0.5999,0
0.761,0.761,0.7888,1,0.3575,309.2,309.2,1.77,-0.0106,0.2774,0
0.8633,0.7951,0.8305,2,0.83,256.3,303.2,3.89,0.2141,0.335,1
0.6169,0.6169,0.6235,1,0.0225,59.7,59.7,5.31,0.0926,0.6834,0
0.7855,0.6528,0.7166,3,0.6003,311.4,324.5,0.59,-0.0636,0.8137,0
0.7898,0.7898,0.7602,1,0.4388,189.5,189.5,0.82,0.1238,0.1198,1
0.9285,0.9285,0.9143,1,0.0469,229.4,229.4,1.6,0.1287,0.034,0
0.8793,0.8297,0.8978,2,0.4005,61.0,228.6,5.59,0.2031,0.0946,1
0.7924,0.6005,0.735,4,0.0621,261.7,291.9,6.74,0.0866,0.5298,0
0.8147,0.7083,0.8696,2,0.2174,17.4,139.5,3.02,0.0392,0.6524,0
0.9321,0.8945,0.981,3,0.2758,34.4,43.9,1.95,0.2654,0.8841,1
0.778,0.5597,0.7062,5,0.1047,198.3,213.2,1.88,0.0318,0.0652,0
0.8445,0.7519,0.9583,4,0.3937,303.7,457.5,2.74,0.4276,0.4656,0
0.8684,0.7551,0.813,5,0.103,229.2,296.3,6.06,0.2609,0.3809,0
0.8423,0.7758,0.8976,5,0.1299,154.0,294.7,4.31,0.0458,0.1026,0
0.7357,0.7357,0.7895,1,0.0011,144.0,144.0,3.75,0.0348,0.5439,0
0.8257,0.7095,0.8253,2,0.1006,196.5,373.7,1.65,0.1779,0.319,0
0.9397,0.9341,0.886,2,0.8707,205.4,241.5,2.83,0.05,0.5746,0
0.8984,0.8459,0.9224,4,0.3195,140.3,180.3,1.73,0.1206,0.4102,0
0.9083,0.8703,0.9737,3,0.0054,272.4,328.2,7.41,0.4042,0.4592,1
0.6992,0.45,0.7789,3,0.3815,250.0,286.1,2.6,0.2311,0.1626,0
0.7172,0.6189,0.7979,4,0.3439,122.1,154.8,1.28,0.2956,0.1651,0
0.7383,0.45,0.6798,3,0.2521,108.7,203.8,2.54,0.0764,0.0682,0
0.9564,0.9387,0.9445,2,0.1385,199.0,211.4,1.23,0.0036,0.3663,0
0.8222,0.67,0.8255,3,0.0279,289.6,460.5,3.7,0.1897,0.4731,0
0.7769,0.7769,0.8039,1,0.0221,64.1,64.1,4.47,0.0253,0.3872,1
0.7866,0.5245,0.7878,4,0.2036,78.4,104.4,1.04,0.2153,0.5517,0
0.8055,0.6886,0.7406,5,0.3076,292.5,377.6,4.59,0.199,0.5453,0
0.8003,0.6619,0.7794,2,0.2304,197.7,267.1,1.66,0.0894,0.0938,0
0.7823,0.5999,0.7443,5,0.1316,163.3,307.3,1.76,0.0819,0.7004,0
0.8798,0.8405,0.8563,2,0.0496,44.4,144.0,6.73,-0.0246,0.7875,1
0.8789,0.8148,0.9852,3,0.3364,123.8,291.6,2.58,0.0976,0.2302,1
0.7531,0.5527,0.8006,3,0.0465,144.2,292.0,2.17,0.0303,0.3111,0
0.9018,0.834,0.9201,4,0.157,202.1,217.2,8.12,-0.0351,0.1455,1
0.7906,0.6547,0.7181,4,0.1365,85.7,133.5,1.74,0.2367,0.1519,0
0.7872,0.6012,0.7265,2,0.4144,259.1,389.6,0.75,0.24,0.3921,0
0.8465,0.7422,0.9353,2,0.3403,270.4,353.3,2.61,-0.0345,0.472,1
0.7675,0.6232,0.7807,4,0.085,180.9,311.7,6.18,0.0883,0.5476,0
0.7561,0.7008,0.7893,5,0.1171,318.7,438.3,5.67,-0.0986,0.4642,0
0.8436,0.7204,0.7338,2,0.2641,272.8,396.1,4.07,0.1122,0.2912,1
0.8797,0.8371,0.8756,4,0.4802,270.0,392.6,1.58,0.0985,0.2732,0
0.7556,0.5751,0.7699,4,0.0242,171.4,273.8,13.95,-0.0372,0.4531,1
0.8765,0.814,0.883,5,0.1103,96.8,133.7,3.5,-0.0108,0.4373,1
0.8415,0.7353,0.8091,4,0.0769,51.5,164.8,1.24,0.2317,0.1948,0
0.8866,0.8231,0.7869,3,0.0636,74.3,159.5,2.5,0.1153,0.0364,1
0.8793,0.7837,0.8152,5,0.1875,57.8,228.8,2.62,0.0025,0.4788,0
0.8295,0.8295,0.8318,1,0.1608,149.0,149.0,6.97,0.0207,0.7087,1
0.9329,0.858,0.8739,3,0.1626,133.7,234.1,3.07,-0.007,0.1077,0
0.8478,0.819,0.8277,3,0.3125,239.0,335.8,7.03,0.1386,0.125,1
0.8554,0.6414,0.9222,3,0.5534,46.0,170.5,3.81,0.2681,0.413,1
0.8878,0.7939,0.8967,4,0.065,226.3,329.0,0.71,0.1688,0.0983,0
0.8341,0.7859,0.762,3,0.1321,247.9,252.7,2.71,0.0437,0.8314,1
0.8924,0.878,0.9223,2,0.2812,168.7,347.8,3.7,0.172,0.2851,1
0.8039,0.8039,0.7857,1,0.0997,67.0,67.0,7.23,0.1562,0.5571,1
0.8005,0.6689,0.8657,3,0.2416,269.7,346.3,0.87,0.2448,0.2422,0
0.7543,0.6684,0.843,3,0.0149,258.3,396.6,4.44,0.247,0.1392,0
0.8831,0.7908,0.9286,5,0.2332,121.9,254.6,2.26,0.1292,0.2844,1
0.8555,0.8555,0.9648,1,0.0229,21.0,21.0,3.25,0.1154,0.1039,1
0.8637,0.7969,0.7632,4,0.0733,305.5,359.9,3.22,0.1561,0.1134,0
0.8728,0.8451,0.8166,2,0.0658,181.8,315.3,6.34,0.3556,0.2666,0
0.8939,0.8081,0.8425,3,0.4743,150.6,159.6,6.0,0.1554,0.0638,1
0.8056,0.7667,0.8933,3,0.0324,97.4,187.9,3.23,0.0584,0.1019,1
0.8095,0.7259,0.8711,2,0.1508,139.1,196.7,5.79,0.1842,0.0543,1
0.8645,0.655,0.8379,4,0.0706,183.1,201.0,0.75,0.133,0.1563,0
0.7386,0.6346,0.8106,3,0.2392,104.2,169.6,0.96,0.2808,0.2478,0
0.8351,0.686,0.7801,5,0.0931,223.3,240.3,2.42,0.1444,0.2344,0
0.8509,0.8509,0.909,1,0.1481,89.9,89.9,5.09,0.0218,0.641,1
0.808,0.4868,0.8648,4,0.4406,184.1,347.7,2.66,0.2137,0.1195,0
0.7827,0.6863,0.7663,5,0.1572,25.9,158.9,4.84,0.2179,0.0507,1
0.8002,0.7246,0.7857,3,0.6731,22.0,102.0,10.12,0.0166,0.1888,1
0.5735,0.4796,0.4711,2,0.3002,91.4,208.2,2.23,-0.0059,0.3491,0
0.8486,0.755,0.8599,5,0.294,137.3,277.8,1.86,0.3478,0.4097,1
0.8645,0.6741,0.8345,5,0.0616,212.9,385.3,2.4,0.2235,0.1815,0
0.751,0.751,0.8118,1,0.3193,77.2,77.2,3.85,0.0174,0.1319,1
0.9539,0.9539,0.9385,1,0.6085,299.4,299.4,2.59,0.0926,0.0764,1
0.6695,0.4714,0.7032,2,0.1764,48.0,209.5,3.93,0.1258,0.5686,0
0.8869,0.7856,0.9153,4,0.1216,74.6,75.5,1.57,0.1295,0.1154,1
0.8067,0.8067,0.7261,1,0.1236,302.2,302.2,1.18,0.2332,0.03,0
0.8106,0.6387,0.7859,3,0.0659,59.9,104.1,4.74,-0.0628,0.2787,0
0.7102,0.45,0.7305,5,0.0118,137.9,209.5,1.77,0.04,0.471,0
0.8639,0.7348,0.877,5,0.0559,123.5,140.9,2.14,0.166,0.7205,0
0.8419,0.7091,0.8981,5,0.0835,71.4,197.9,1.03,0.1667,0.6256,0
0.8658,0.756,0.8722,4,0.1439,75.6,84.8,3.81,0.1177,0.1924,0
0.8226,0.6878,0.8671,4,0.0538,237.9,409.8,2.75,0.1075,0.2086,0
0.7714,0.6169,0.8146,5,0.6468,234.1,239.1,2.67,0.4572,0.0988,0
0.8397,0.7238,0.7948,3,0.0104,247.6,328.3,6.41,0.1577,0.4589,0
0.8686,0.7937,0.8916,5,0.1445,270.9,364.2,3.48,0.0013,0.3395,1
0.8195,0.6641,0.8195,4,0.2211,168.0,242.2,6.31,0.0641,0.1224,0
0.8662,0.7547,0.8824,5,0.1067,121.4,291.1,1.05,0.2368,0.4842,1
0.7336,0.4712,0.7298,4,0.1208,220.2,364.1,9.07,0.302,0.0994,0
0.8323,0.6777,0.8048,3,0.1659,88.8,141.9,1.72,0.1338,0.5788,1
0.8316,0.6678,0.7477,4,0.015,293.1,412.1,5.19,0.1206,0.3038,0
0.723,0.5435,0.7008,3,0.0594,125.4,152.5,4.39,0.0769,0.4647,0
0.8339,0.7711,0.7611,3,0.041,172.2,344.1,3.75,0.0789,0.446,1
0.9036,0.9036,0.8718,1,0.0899,279.9,279.9,3.55,0.2172,0.0106,0
0.735,0.4619,0.789,5,0.0548,142.0,250.7,1.8,0.4164,0.1442,0
0.5876,0.5876,0.6603,1,0.2532,28.0,28.0,2.3,-0.044,0.6195,0
0.8647,0.7727,0.8165,2,0.0647,230.6,315.5,4.95,0.179,0.3988,0
0.7627,0.6092,0.7414,5,0.2389,287.9,440.0,0.79,0.0222,0.0824,0
0.8633,0.7473,0.9519,3,0.2198,64.8,177.6,0.77,0.2597,0.4281,0
0.6763,0.6763,0.7438,1,0.4637,191.4,191.4,3.92,0.355,0.0954,1
0.943,0.943,0.9229,1,0.2389,211.3,211.3,6.29,-0.0037,0.3855,1
0.8902,0.8256,0.8645,2,0.0794,70.5,162.1,4.15,0.1685,0.0056,1
0.8219,0.6329,0.7622,5,0.2171,228.3,396.1,2.29,0.271,0.0655,0
0.8355,0.731,0.9237,4,0.0453,98.8,173.7,1.48,0.1413,0.2241,0
0.7892,0.45,0.8133,5,0.0437,154.3,198.3,1.95,-0.038,0.1343,0
0.9639,0.9383,0.8683,2,0.4307,314.6,364.7,2.01,0.1105,0.008,0
0.8685,0.7947,0.8584,4,0.0298,196.9,206.9,6.12,-0.0301,0.5031,0
0.7987,0.6993,0.7246,3,0.2065,169.6,232.0,3.81,0.067,0.7081,0
0.9362,0.9161,0.9774,2,0.5695,166.5,304.3,2.72,0.0157,0.3509,1
0.9108,0.8675,1.0,2,0.0055,50.1,152.9,1.36,0.1041,0.2922,1
0.7486,0.6112,0.8073,4,0.0173,46.7,78.5,3.28,0.2433,0.5392,0
0.8728,0.6888,0.9532,4,0.0714,253.4,310.1,7.7,0.1281,0.6836,0
0.9359,0.9359,1.0,1,0.0242,244.9,244.9,4.64,0.097,0.5547,1
0.8095,0.6597,0.7642,2,0.0376,305.3,413.6,0.87,-0.0691,0.5927,0
0.7669,0.45,0.7366,4,0.0942,112.6,130.4,1.33,0.0205,0.5608,0
0.8235,0.675,0.7482,4,0.0029,309.6,374.0,0.81,0.2301,0.074,0
0.936,0.936,0.9621,1,0.1382,216.8,216.8,5.06,0.0143,0.5323,1
0.8023,0.6896,0.8387,4,0.1749,166.1,192.4,2.17,0.0353,0.2975,0
0.9105,0.9105,0.9319,1,0.0014,265.0,265.0,5.4,-0.0844,0.5231,0
0.7858,0.7858,0.7761,1,0.0282,110.5,110.5,3.01,-0.0655,0.4202,0
0.7453,0.5593,0.8509,2,0.1173,176.4,347.7,8.32,0.209,0.6073,1
0.8496,0.8496,0.8689,1,0.1666,233.3,233.3,0.67,0.097,0.2626,0
0.724,0.45,0.6897,4,0.1557,90.8,237.4,7.5,-0.0115,0.1311,0
0.8728,0.8728,0.8024,1,0.5254,67.1,67.1,1.48,0.0765,0.6629,1
0.9291,0.906,0.9271,5,0.0597,91.9,113.9,9.04,0.0117,0.0823,1
0.7257,0.5456,0.7234,5,0.0793,78.1,251.1,2.94,0.0234,0.1828,0
0.7767,0.7767,0.6429,1,0.2008,259.5,259.5,1.52,-0.0997,0.3789,0
0.866,0.7615,0.7198,3,0.1904,126.1,263.7,4.34,-0.0093,0.1859,0
0.867,0.8194,0.7978,3,0.0833,281.5,457.0,0.74,0.0927,0.1888,0
0.7355,0.5939,0.7684,3,0.2073,225.1,227.0,3.33,0.0052,0.5071,0
0.6759,0.6723,0.6394,2,0.265,307.7,322.6,1.86,-0.036,0.6127,0
0.8705,0.7611,0.867,4,0.2102,191.2,313.3,3.24,0.122,0.4362,0
0.8875,0.7855,0.783,3,0.0548,256.2,355.0,3.55,0.2279,0.2764,0
0.826,0.7144,0.8921,5,0.0778,298.4,399.3,1.92,0.1257,0.1339,0
0.8204,0.6991,0.8721,3,0.0753,174.1,279.7,8.94,0.349,0.0628,0
0.8814,0.7446,0.7934,5,0.0433,73.4,139.6,3.06,0.021,0.2941,1
0.8598,0.7474,0.8819,2,0.2081,195.6,329.3,5.71,0.086,0.5946,0
0.7174,0.7174,0.733,1,0.2565,94.5,94.5,5.86,0.0104,0.3732,1
0.6094,0.6094,0.7307,1,0.6809,190.1,190.1,4.48,0.0316,0.4446,0
0.8586,0.754,0.9676,2,0.0257,262.7,274.2,2.12,0.216,0.2159,0
0.9122,0.7823,0.9011,3,0.1059,272.1,350.9,2.34,0.1773,0.0272,1
0.7747,0.6649,0.8765,5,0.084,135.6,293.7,1.8,0.0811,0.1088,0
0.8323,0.7237,0.8704,4,0.5509,137.7,232.1,1.51,-0.0316,0.5478,0
0.7701,0.766,0.7283,2,0.1465,132.5,294.9,3.18,0.1654,0.2937,0
0.9412,0.8633,0.9898,4,0.0706,23.8,189.6,11.56,0.2434,0.4628,1
0.9485,0.9352,0.9287,2,0.1351,140.2,220.2,1.23,0.2106,0.3031,1
0.7617,0.7617,0.8232,1,0.2582,223.5,223.5,4.7,0.2306,0.1716,0
0.8725,0.768,0.8785,4,0.0244,72.9,186.5,2.47,0.0901,0.2307,0
0.8026,0.8026,0.7977,1,0.0424,134.5,134.5,2.52,0.3443,0.4517,0
0.918,0.918,0.9329,1,0.1033,219.5,219.5,7.7,0.0549,0.0883,1
0.8593,0.7918,0.7459,3,0.2114,216.5,390.3,3.3,0.3478,0.3916,1
0.8649,0.7665,0.7782,4,0.106,309.5,447.1,1.36,0.1863,0.3288,0
0.8101,0.6487,0.8362,4,0.1473,76.3,207.0,2.95,0.0575,0.5605,0
0.8261,0.6996,0.8804,4,0.0484,254.9,277.8,3.02,0.1598,0.572,0
0.8616,0.7758,0.8411,5,0.0461,267.2,374.6,9.06,-0.0331,0.2736,0
0.9104,0.8287,0.8963,5,0.0009,177.5,187.7,3.32,0.1623,0.3551,0
0.7139,0.7139,0.7049,1,0.0053,210.1,210.1,6.45,0.2633,0.4707,0
0.8338,0.6249,0.8583,5,0.5111,84.7,116.3,5.22,0.0196,0.0099,1
0.9101,0.9101,0.9108,1,0.0821,65.2,65.2,6.97,0.1364,0.0036,1
0.9105,0.8303,0.8185,5,0.104,64.6,219.8,3.27,0.1848,0.3626,0
0.8295,0.7152,0.9006,5,0.1785,214.9,349.8,0.9,0.3335,0.0271,0
0.8691,0.7592,0.7907,3,0.2485,163.0,245.8,5.58,0.2005,0.1025,0
0.6603,0.5418,0.6977,2,0.0634,42.2,109.2,1.04,0.4193,0.3957,0
0.8584,0.7688,0.7928,4,0.1768,71.8,127.4,5.24,-0.0772,0.1627,1
0.8049,0.6923,0.8028,2,0.1131,176.5,264.3,4.32,0.3998,0.1172,1
0.8943,0.8085,0.9028,3,0.0298,229.7,243.5,2.72,-0.001,0.8022,1
0.9159,0.9159,0.9745,1,0.5518,317.6,317.6,5.39,0.114,0.071,0
0.8291,0.7728,0.7659,3,0.4791,292.2,318.3,2.87,0.0859,0.2682,0
0.7786,0.7754,0.7421,2,0.1599,163.9,200.1,2.42,-0.0075,0.1538,0
0.8208,0.6769,0.8614,4,0.0656,241.3,261.5,2.1,0.0079,0.1158,0
0.7981,0.6541,0.7471,3,0.2195,257.9,270.3,4.18,0.2364,0.2208,0
0.8291,0.6809,0.8522,5,0.0151,28.7,159.6,4.73,0.2255,0.197,0
0.8936,0.8936,0.8183,1,0.2556,125.3,125.3,5.33,0.0189,0.3911,1
0.8899,0.7319,0.8687,5,0.1544,166.7,289.6,3.41,0.2129,0.3011,1
0.8996,0.8252,0.9604,2,0.2266,19.3,177.0,3.09,0.0882,0.0582,1
0.8131,0.8131,0.8297,1,0.0242,150.6,150.6,2.94,0.1755,0.0129,0
0.7643,0.7245,0.7814,3,0.003,133.6,222.7,2.87,0.1293,0.3504,0
0.8879,0.8308,0.8638,3,0.2453,195.0,295.5,10.13,0.0794,0.3427,1
0.8488,0.7203,0.8916,4,0.1155,269.9,324.0,4.32,0.2431,0.8563,0
0.944,0.913,1.0,2,0.1729,56.2,154.8,4.3,-0.0088,0.0412,1
0.7439,0.7439,0.7041,1,0.1102,171.4,171.4,1.12,0.2543,0.3026,1
0.8135,0.7137,0.7594,2,0.0196,309.7,371.3,2.88,0.133,0.2571,0
0.9311,0.9037,0.8606,3,0.5646,94.5,148.6,3.5,0.259,0.0566,1
0.8931,0.8894,0.9301,2,0.157,211.1,228.9,10.25,0.1478,0.0641,1
0.7707,0.7707,0.706,1,0.1276,256.7,256.7,3.37,0.4078,0.3455,1
0.8554,0.7742,0.8407,4,0.1801,141.0,169.5,1.83,0.0551,0.7149,0
0.8149,0.648,0.8025,4,0.3066,67.8,79.0,0.71,0.1012,0.0568,1
0.756,0.605,0.7209,3,0.1086,315.3,457.3,5.33,0.3689,0.5622,0
0.8608,0.8391,0.8543,2,0.0095,66.6,230.2,3.63,-0.0198,0.4834,0
0.8487,0.6938,0.8533,5,0.3671,55.3,64.2,4.85,0.1886,0.4819,1
0.8111,0.7405,0.8343,5,0.236,124.8,141.5,2.02,0.2613,0.3542,1
0.8323,0.6758,0.8297,4,0.2326,221.9,282.1,7.77,-0.004,0.2664,1
0.7963,0.7476,0.7519,3,0.7605,245.9,363.4,3.18,0.1381,0.7079,0
0.9287,0.926,0.812,2,0.2017,231.3,401.8,3.38,0.2548,0.4935,1
0.8088,0.8088,0.7039,1,0.2328,105.5,105.5,1.68,0.0943,0.1833,1
0.787,0.6747,0.7889,5,0.088,146.3,171.6,0.64,0.2684,0.7463,1
0.8157,0.8024,0.6771,4,0.1454,121.5,157.9,1.31,0.3287,0.3103,0
0.8105,0.7236,0.8345,3,0.0033,182.7,306.7,8.93,0.2317,0.2384,0
0.8225,0.7914,0.8631,2,0.1957,123.5,159.1,2.07,0.0012,0.473,0
0.8772,0.7917,0.7116,4,0.7522,186.5,208.0,3.87,0.2151,0.158,1
0.8323,0.8323,0.7897,1,0.0221,190.0,190.0,3.06,0.0913,0.0923,1
0.8032,0.6973,0.8099,2,0.0043,193.7,323.1,3.42,0.0508,0.1501,0
0.7636,0.7636,0.801,1,0.646,109.3,109.3,2.82,0.204,0.7676,1
0.8298,0.7803,0.859,5,0.2613,304.3,410.8,1.09,0.1985,0.5659,0
0.6706,0.45,0.6931,4,0.2945,188.1,240.6,0.62,-0.1096,0.6449,0
0.8362,0.7839,0.8007,4,0.0662,22.7,164.6,6.56,0.108,0.1513,0
0.8803,0.7834,0.8794,3,0.0859,54.2,130.1,3.9,0.2484,0.7103,1
0.8057,0.6583,0.7688,4,0.4887,39.8,86.6,2.26,0.0771,0.5279,0
0.8236,0.5756,0.8148,4,0.0044,25.2,142.0,1.95,0.0647,0.0404,0
0.8891,0.832,0.9859,2,0.0254,241.2,363.8,3.55,0.0792,0.0702,1
0.8397,0.7352,0.9501,4,0.064,103.9,209.1,5.76,0.1546,0.1961,0
0.7939,0.5647,0.7477,5,0.0151,173.9,209.8,2.99,0.156,0.4222,0
0.8907,0.7644,0.8993,3,0.0065,135.6,169.0,3.48,-0.0351,0.071,1
0.7988,0.7988,0.8451,1,0.1428,105.4,105.4,3.44,0.2941,0.3929,1
0.8673,0.7912,0.9447,5,0.1035,180.6,279.7,1.11,0.1815,0.9151,1
0.8856,0.8068,0.8322,5,0.1723,268.9,356.8,4.9,-0.024,0.268,0
0.9097,0.834,0.9868,4,0.0762,276.3,306.3,1.14,0.0085,0.1044,0
0.8868,0.8388,0.9141,5,0.0642,26.5,158.6,7.4,0.1271,0.3297,1
0.8678,0.7332,0.9058,5,0.255,239.9,258.2,0.8,0.268,0.3471,0
0.928,0.8834,1.0,3,0.0549,264.4,416.5,1.22,0.1563,0.3798,1
0.9671,0.9671,0.8462,1,0.4876,310.2,310.2,1.32,0.1034,0.2408,1
0.9046,0.8703,0.8144,4,0.3364,58.1,190.7,1.35,0.0908,0.072,1
0.9747,0.9747,1.0,1,0.016,200.0,200.0,1.38,0.2453,0.1154,0
0.836,0.836,0.9488,1,0.0574,205.5,205.5,1.67,0.2131,0.1882,0
0.8137,0.7983,0.9429,2,0.4694,293.8,382.3,3.01,0.0608,0.2982,1
0.8711,0.7632,0.8493,3,0.0384,315.7,326.1,3.39,0.0094,0.4911,0
0.9413,0.9413,0.9227,1,0.1861,259.6,259.6,4.28,0.1747,0.1852,0
0.9523,0.9523,0.8426,1,0.0005,251.6,251.6,1.04,0.0304,0.1735,0
0.833,0.6582,0.7676,3,0.0848,27.1,180.4,4.57,0.1934,0.2437,1
0.876,0.6783,0.8917,5,0.2692,87.3,144.3,5.47,0.2113,0.2281,1
0.8658,0.7543,0.779,3,0.0081,57.9,143.6,2.26,-0.1368,0.4412,0
0.8106,0.7059,0.7287,5,0.0178,256.5,403.7,2.17,0.1045,0.4577,0
0.8244,0.7326,0.7386,3,0.2907,133.6,267.2,0.75,0.431,0.5345,1
0.8189,0.8189,0.8187,1,0.0468,91.2,91.2,1.6,0.2784,0.8673,1
0.9535,0.9535,0.9204,1,0.0915,132.9,132.9,2.35,0.1544,0.5614,1
0.8748,0.8706,0.9381,2,0.0791,74.8,214.4,3.41,0.208,0.3068,1
0.8889,0.8889,0.9362,1,0.161,301.9,301.9,4.36,0.1419,0.0131,1
0.8653,0.8274,0.8242,4,0.0711,254.8,368.6,1.78,0.2714,0.0763,0
0.8313,0.7439,0.9153,2,0.0492,82.7,185.2,1.47,0.3064,0.1369,1
0.8784,0.8426,0.8321,4,0.0447,282.7,287.6,0.55,0.1819,0.2749,0
0.8359,0.8359,0.895,1,0.477,28.4,28.4,1.14,0.0683,0.5195,1
0.7681,0.7681,0.7603,1,0.0151,23.5,23.5,3.99,0.1781,0.1355,1
0.8673,0.8673,0.9188,1,0.3561,309.6,309.6,1.33,0.2945,0.804,1
0.6583,0.5305,0.5708,3,0.0149,292.5,365.4,1.75,0.2542,0.6542,0
0.8436,0.7781,0.9338,5,0.6278,235.4,240.6,1.9,0.2102,0.2936,1
0.6754,0.5256,0.6568,4,0.0034,221.7,247.2,1.82,0.1083,0.1017,0
0.9846,0.9846,0.9655,1,0.1432,192.3,192.3,0.86,0.1542,0.2369,0
0.8476,0.7946,0.8243,3,0.0746,69.8,201.3,1.02,0.3802,0.5101,1
0.8091,0.6942,0.7204,4,0.3608,274.9,338.7,2.29,0.1873,0.0971,0
0.8442,0.7155,0.8466,2,0.4751,121.0,280.5,1.27,0.2853,0.4496,1
0.8602,0.598,0.9776,5,0.2121,134.7,224.2,5.3,-0.1579,0.4286,0
0.7993,0.7993,0.8904,1,0.1444,120.3,120.3,3.77,0.1313,0.3018,0
0.9062,0.9062,0.8713,1,0.0804,60.1,60.1,0.88,0.1105,0.2034,1
0.9722,0.9722,1.0,1,0.1929,173.1,173.1,1.1,-0.0974,0.8858,1
0.8448,0.6677,0.9135,5,0.1344,55.5,211.8,1.81,0.1867,0.0708,0
0.9185,0.9185,0.9527,1,0.0013,107.3,107.3,5.45,0.2626,0.2939,1
0.8797,0.7784,0.8525,5,0.3192,102.6,238.0,3.07,0.1355,0.9243,0
0.8457,0.8457,0.85,1,0.2619,314.5,314.5,2.09,0.1229,0.0344,0
0.9604,0.9604,0.9808,1,0.6194,178.3,178.3,6.38,0.2436,0.133,1
0.8517,0.8517,0.7997,1,0.0405,302.9,302.9,1.19,0.0619,0.4276,0
0.8358,0.7219,0.8633,4,1.0,180.1,196.9,1.98,-0.0267,0.3064,0
0.8174,0.7065,0.8902,5,0.0805,238.0,361.1,2.9,0.1507,0.2904,0
0.7783,0.4628,0.7473,5,0.0226,228.1,336.6,1.85,0.1586,0.5579,0
0.8648,0.7446,0.9917,5,0.0459,278.6,393.4,4.12,0.0601,0.4577,1
0.8105,0.7355,0.8652,3,0.0085,57.1,199.3,7.73,0.1582,0.0859,1
0.7982,0.7982,0.7114,1,0.0187,58.4,58.4,5.7,0.0259,0.836,0
0.764,0.6693,0.7775,4,0.067,190.6,354.5,1.47,0.2489,0.4343,0
0.9202,0.9202,1.0,1,0.0982,86.4,86.4,2.72,0.003,0.3574,0
0.7611,0.6463,0.763,4,0.0443,146.4,321.2,5.86,0.0569,0.1993,0
0.9366,0.8689,0.8955,3,0.3922,123.6,217.4,6.83,0.2517,0.3914,1
0.7463,0.6181,0.7467,2,0.0395,213.3,310.7,3.86,0.0275,0.107,0
0.9592,0.9592,0.8713,1,0.0611,319.9,319.9,10.21,0.3146,0.4724,1
0.7983,0.6433,0.7586,4,0.6259,179.0,331.6,7.04,0.1736,0.0823,0
0.8926,0.8206,0.9015,3,0.0596,150.7,258.8,4.16,0.1444,0.2683,0
0.7859,0.6662,0.82,5,0.3387,317.8,323.0,4.5,0.0618,0.3534,0
0.9166,0.8986,0.9251,3,0.0634,27.7,54.0,2.81,-0.0683,0.3072,1
0.7688,0.6606,0.8097,4,0.0715,113.0,264.1,4.02,0.1185,0.2089,0
0.9015,0.9015,0.8725,1,0.0648,232.8,232.8,1.31,0.1163,0.46,0
0.8136,0.5918,0.8345,4,0.2568,249.6,278.7,2.18,0.1834,0.2628,0
0.7862,0.7862,0.7259,1,0.2798,165.5,165.5,3.83,0.2735,0.0442,0
0.9644,0.9644,1.0,1,0.038,161.0,161.0,2.34,0.1084,0.0284,0
0.8025,0.8025,0.7797,1,0.041,227.0,227.0,1.36,0.2205,0.0085,1
0.8542,0.7727,0.84,4,0.2168,277.3,422.7,8.28,-0.0119,0.31,0
0.83,0.83,0.7301,1,0.3708,95.2,95.2,5.74,0.0421,0.2623,1
0.9342,0.8977,0.9651,2,0.9581,183.9,300.6,2.2,0.193,0.2235,1
0.8232,0.7509,0.8716,5,0.1014,191.9,246.5,1.09,0.3745,0.4488,1
0.7896,0.7462,0.8469,5,0.0261,50.4,77.6,2.91,0.0005,0.2234,0
0.9395,0.9395,0.9872,1,0.0276,81.2,81.2,0.42,0.1105,0.4664,1
0.8553,0.791,0.8426,3,0.0524,248.0,294.9,0.86,0.1252,0.0875,0
0.8413,0.714,0.9251,5,0.1246,66.4,137.0,1.75,0.1506,0.3649,0
0.8475,0.7349,1.0,2,0.3347,251.1,369.4,4.69,0.3332,0.4747,1
0.8954,0.8029,0.8624,3,0.532,20.4,125.6,2.56,0.0994,0.3274,1
0.8642,0.8025,0.8475,3,0.0554,51.6,146.1,3.37,0.1783,0.1237,1
0.8725,0.7692,0.8961,3,0.023,173.4,255.2,3.21,0.1297,0.132,0
0.8803,0.8803,0.8225,1,0.3404,296.3,296.3,4.17,0.1731,0.1071,0
0.8349,0.6421,0.8013,3,0.1313,122.7,139.8,7.04,0.1914,0.2586,0
0.8104,0.7861,0.8546,2,0.1717,149.9,153.9,2.58,-0.0594,0.0743,1
0.7885,0.6585,0.9062,4,0.2709,177.3,337.9,2.73,0.3152,0.2502,0
0.6688,0.6688,0.542,1,0.155,236.9,236.9,4.78,0.1597,0.2812,0
0.9224,0.8687,0.9245,3,0.1364,178.4,355.5,1.52,0.0687,0.1741,1
0.8298,0.7608,0.922,2,0.2194,257.5,294.5,3.3,0.1607,0.0386,1
0.7932,0.6952,0.7716,4,0.0753,244.0,371.0,2.66,0.1866,0.2509,0
0.7255,0.6392,0.8077,2,0.4878,222.9,327.1,0.22,-0.0685,0.2814,1
0.8056,0.602,0.7918,4,0.0198,138.9,267.0,2.75,0.0633,0.2587,0
0.8692,0.7832,0.9114,4,0.0184,240.8,301.2,2.33,0.0666,0.6341,0
0.8259,0.8259,0.84,1,0.1566,212.9,212.9,1.8,0.1022,0.0915,1
0.927,0.9159,0.905,2,0.2045,211.3,248.5,4.92,-0.0521,0.6695,1
0.8354,0.7577,0.8722,5,0.0375,300.6,406.2,7.4,0.264,0.1597,0
0.8483,0.8483,0.7418,1,0.0373,64.2,64.2,7.71,0.1348,0.5597,1
0.7738,0.6673,0.7998,2,0.6036,269.2,395.1,7.63,0.2917,0.2784,1
0.9666,0.9426,0.871,2,0.4994,214.2,282.5,1.2,-0.0817,0.7424,1
0.8505,0.8308,0.6472,2,0.1672,122.0,141.4,1.01,0.188,0.8673,1
0.8873,0.7826,0.9252,5,0.0132,207.9,324.9,3.52,0.2863,0.1124,1
0.8678,0.7507,0.7994,5,0.2021,212.7,254.0,1.63,0.1575,0.3705,0
0.6574,0.469,0.6408,4,0.2678,189.1,237.8,3.96,0.1896,0.3369,0
0.7811,0.5915,0.7469,3,0.179,157.1,205.5,3.88,0.0497,0.3081,0
0.8402,0.6555,0.9229,3,0.1184,50.6,201.0,2.16,0.3129,0.6406,0
0.8745,0.8048,0.9677,4,0.4461,141.4,174.8,0.71,0.2431,0.7168,1
0.856,0.7771,0.7965,4,0.3309,127.9,239.6,0.93,0.0671,0.0224,0
0.8324,0.7609,0.9107,4,0.0542,72.6,77.6,4.67,-0.0008,0.3372,1
0.7972,0.6513,0.8506,5,0.0198,41.2,200.2,2.19,0.1252,0.5946,0
0.811,0.6403,0.817,5,0.5288,273.8,341.7,3.18,0.0212,0.3275,0
0.9188,0.8742,0.9885,2,0.2644,307.3,339.2,4.26,0.2981,0.4509,1
0.8815,0.8269,0.8815,2,0.0745,99.1,268.5,4.16,-0.024,0.1529,1
0.8494,0.7221,0.7844,4,0.2575,127.2,238.9,0.96,0.1682,0.1872,0
0.8194,0.6602,0.8376,2,0.0742,80.2,120.0,2.62,0.0979,0.6165,1
0.9814,0.9814,1.0,1,0.0696,259.0,259.0,3.76,-0.1111,0.3908,1
0.8576,0.7988,0.9651,4,0.1758,124.3,179.9,1.14,-0.0119,0.1618,0
0.8786,0.8786,0.8591,1,0.0189,58.1,58.1,6.15,0.1023,0.4825,1
0.8268,0.8256,0.7771,2,0.16,168.5,311.2,3.28,0.0167,0.151,0
0.7902,0.6922,0.7267,5,0.0468,66.5,95.3,1.9,0.0503,0.1155,0
0.8986,0.7561,0.8208,5,0.5974,296.1,368.2,4.71,0.2164,0.8944,0
0.843,0.8098,0.9616,3,0.0548,167.1,254.4,2.16,0.1303,0.2353,1
0.8906,0.8554,0.7865,3,0.6926,37.7,164.9,3.08,0.1567,0.1152,1
0.9516,0.9516,0.9811,1,0.3114,61.6,61.6,4.3,0.0571,0.1143,1
0.8356,0.7366,0.7633,3,0.0988,238.4,344.4,1.4,0.0032,0.298,0
0.7499,0.5562,0.8655,4,0.1275,175.5,200.6,2.83,0.0588,0.1647,0
0.9387,0.9387,0.943,1,0.0323,29.2,29.2,1.62,0.1318,0.06,1
0.7736,0.45,0.7092,3,0.3078,95.6,221.6,1.02,0.0446,0.2835,0
0.7409,0.7409,0.8367,1,0.0015,77.0,77.0,5.21,-0.0124,0.3638,0
0.8333,0.7944,0.8681,2,0.9258,289.4,366.0,2.98,0.1444,0.2133,0
0.8618,0.7749,0.7399,5,0.215,87.5,204.7,0.94,0.1384,0.2463,0
0.8103,0.6648,0.8563,5,0.044,98.4,138.5,9.0,0.0108,0.1563,0
0.8509,0.7192,0.828,4,0.0019,174.1,313.6,4.97,0.2451,0.5399,0
0.8363,0.7118,0.8498,5,0.0094,210.3,223.4,3.04,0.0829,0.0253,0
0.886,0.8748,0.8557,2,0.3438,206.9,277.4,3.29,0.2714,0.5052,0
0.7776,0.5582,0.8267,4,0.5882,52.8,55.3,0.72,0.1179,0.0912,1
0.7561,0.5715,0.843,4,0.0426,305.3,446.0,4.84,0.0365,0.5704,0
0.8209,0.6743,0.8305,4,0.0215,232.4,241.9,7.32,0.116,0.2619,0
0.8049,0.7587,0.7915,3,0.3761,130.4,281.5,5.61,0.1472,0.1144,1
0.8932,0.6978,0.9464,4,0.2158,126.2,230.1,0.38,0.2329,0.1208,0
0.8378,0.6981,0.7964,4,0.2543,32.5,65.4,4.53,0.0875,0.0753,1
0.8005,0.7062,0.8203,5,0.5474,142.4,245.5,4.06,0.1604,0.1682,0
0.9013,0.8315,0.8293,3,0.234,226.2,347.5,1.34,0.2085,0.2506,1
0.878,0.8389,0.9407,3,0.2667,66.6,171.8,2.0,0.0457,0.2572,1
0.8304,0.6981,0.7554,5,0.253,193.7,267.6,5.18,0.2028,0.5008,1
0.9294,0.9117,0.9164,3,0.3425,52.4,203.1,5.41,0.2244,0.4814,1
0.9371,0.9306,1.0,3,0.2951,187.5,280.1,1.02,0.2054,0.8063,1
0.8194,0.6127,0.9792,4,0.5744,236.7,281.3,4.1,0.0225,0.4361,1
0.7659,0.5486,0.7982,3,0.1712,259.6,310.8,9.81,0.3199,0.8585,1
0.9424,0.9359,0.8118,2,0.138,113.5,141.8,6.67,-0.0179,0.2321,1
0.8631,0.6862,0.9259,5,0.0395,120.5,263.9,3.56,0.1724,0.0037,0
0.7759,0.7759,0.6007,1,0.4023,207.3,207.3,2.83,0.0069,0.0399,1
0.8426,0.727,0.924,3,0.4347,217.7,335.2,0.68,0.4182,0.106,0
0.889,0.8274,1.0,5,0.0221,73.4,130.3,10.99,0.0812,0.0195,1
0.8307,0.6932,0.7783,3,0.1073,140.1,259.6,5.0,0.2061,0.4869,0
0.8556,0.7708,0.9342,2,0.4782,171.3,329.8,1.66,0.089,0.6404,1
0.7802,0.5981,0.7709,4,0.1682,83.1,176.6,0.75,0.162,0.347,0
0.9079,0.866,0.8631,4,0.02,236.1,360.9,3.94,-0.0415,0.0798,1
0.879,0.879,0.9373,1,0.1082,61.6,61.6,0.81,0.1667,0.4408,0
0.8487,0.768,0.8433,4,0.0936,194.1,324.1,1.93,0.1828,0.5949,0
0.8353,0.6237,0.8955,5,0.2448,142.5,150.1,0.5,0.1572,0.638,0
0.9201,0.8814,0.9787,2,0.0047,61.0,89.3,11.62,0.1737,0.4261,1
0.7418,0.5613,0.7437,5,0.0099,225.0,268.8,0.4,0.1806,0.2927,0
0.9312,0.9207,0.9551,2,0.0168,302.0,326.4,1.7,0.194,0.83,1
0.7808,0.7,0.815,2,0.024,286.3,416.4,2.69,0.3268,0.3509,0
0.9863,0.9863,0.961,1,0.2629,113.0,113.0,2.9,0.0965,0.1949,1
0.8576,0.8576,0.8911,1,0.1161,54.5,54.5,3.51,0.191,0.0563,1
0.8324,0.8008,0.8158,2,0.657,188.0,347.1,12.15,0.1932,0.3032,1
0.8485,0.6339,0.8062,4,0.2255,49.5,148.0,1.4,0.0787,0.4605,0
0.8224,0.755,0.7584,3,0.1326,258.9,360.6,1.47,0.2152,0.2803,0
0.8102,0.7289,0.7926,3,0.0393,54.1,164.2,1.72,-0.0483,0.4084,0
0.8904,0.8904,0.8949,1,0.0262,286.2,286.2,3.23,0.0403,0.5844,1
0.8012,0.6766,0.8024,4,0.0191,47.2,218.6,8.24,-0.0982,0.4883,1
0.9232,0.8695,0.8796,5,0.0706,107.4,160.7,3.66,0.0516,0.5971,1
0.654,0.5272,0.564,3,0.0358,105.6,250.3,1.27,0.0209,0.011,0
0.7934,0.715,0.7422,3,0.0273,146.2,179.3,4.55,0.0732,0.6435,1
0.5774,0.5774,0.6199,1,0.1255,162.1,162.1,12.15,0.175,0.3278,0
0.8262,0.7542,0.8243,3,0.0644,151.6,181.0,3.72,0.2599,0.3067,1
0.8457,0.8381,0.8471,2,0.3853,109.3,216.6,0.53,0.1804,0.1752,0
0.841,0.7208,0.7483,5,0.0667,296.6,303.4,3.97,0.1272,0.8394,0
0.6185,0.6185,0.6241,1,0.1539,65.4,65.4,1.0,0.3377,0.2131,0
0.8923,0.8023,0.8906,5,0.0697,211.4,286.4,3.03,0.1846,0.1766,1
0.8803,0.7617,1.0,4,0.037,83.6,251.0,1.47,0.1459,0.3372,1
0.7701,0.5898,0.6978,4,0.1964,33.5,127.7,2.27,-0.0679,0.1868,1
0.8173,0.7265,0.8671,4,0.5356,188.6,294.5,6.79,0.144,0.639,0
0.8058,0.7465,0.769,3,0.2489,195.0,235.4,7.11,0.1964,0.2259,0
0.7349,0.5481,0.5811,2,0.0689,200.2,212.3,7.23,0.0469,0.2328,0
0.817,0.6575,0.9934,3,0.1008,254.0,392.1,0.59,0.0196,0.3322,0
0.8304,0.8304,0.7443,1,0.1251,25.1,25.1,3.94,0.3241,0.4418,1
0.9056,0.8572,0.9544,3,0.0083,278.3,418.8,0.91,0.1237,0.3959,0
0.8212,0.7629,0.7556,3,0.4577,126.2,226.9,3.02,0.1329,0.3156,1
0.9358,0.9085,0.953,3,0.1395,73.2,131.9,1.21,0.1348,0.529,1
0.9046,0.8564,0.7894,3,0.0187,133.0,240.8,3.98,0.0572,0.1844,1
0.7379,0.5605,0.723,5,0.0482,73.9,214.8,1.35,0.0694,0.0788,0
0.8756,0.8483,0.8918,3,0.2364,199.9,267.6,2.08,0.1036,0.147,0
0.851,0.7962,0.9029,4,0.1077,193.0,250.4,4.02,0.0394,0.1362,1
0.8485,0.7766,0.7944,5,0.0773,156.8,313.1,3.42,-0.0739,0.0532,0
0.7528,0.6689,0.7654,5,0.2232,39.0,215.6,7.14,0.3569,0.0665,1
0.8624,0.7858,0.9103,4,0.2854,16.1,152.6,2.05,0.1992,0.1349,0
0.7797,0.6908,0.7852,2,0.0375,317.1,320.6,1.27,0.2852,0.1032,0
0.8653,0.7698,0.846,5,0.3873,297.2,297.9,1.61,0.2321,0.3271,0
0.823,0.7171,0.7935,2,0.0858,189.9,261.5,4.46,0.0475,0.0993,1
0.7935,0.6996,0.6684,3,0.1359,229.0,349.1,2.21,0.0775,0.0407,0
0.8757,0.7747,0.8729,4,0.3301,272.9,365.5,0.84,-0.0292,0.1964,0
0.6768,0.6768,0.6696,1,0.1389,71.2,71.2,4.58,0.1185,0.4061,0
0.8554,0.8284,0.7193,2,0.0572,267.5,339.2,7.09,0.147,0.0749,0
0.8219,0.6713,0.8932,3,0.0775,128.9,129.3,7.95,0.2365,0.163,0
0.8791,0.7815,0.7817,4,0.6235,87.7,160.3,5.34,0.0321,0.2668,0
0.8934,0.8615,0.8323,5,0.0328,121.2,244.4,4.59,0.1668,0.1672,0
0.8905,0.8905,0.8801,1,0.0454,129.0,129.0,6.68,-0.0135,0.5348,1
0.8555,0.6503,0.984,4,0.0382,48.5,117.8,4.07,0.178,0.4954,1
0.9,0.9,0.9029,1,0.0755,152.8,152.8,2.06,0.1485,0.7851,1
0.9264,0.9214,0.8852,2,0.5157,126.9,193.9,1.79,0.1571,0.5046,1
0.8596,0.7023,0.9124,3,0.0515,80.3,221.6,1.76,0.044,0.0997,0
0.8678,0.8678,0.8999,1,0.1132,114.3,114.3,9.42,0.0326,0.5634,1
0.8843,0.6706,0.8263,5,0.0336,277.9,421.3,2.63,0.2522,0.0607,0
0.896,0.896,0.838,1,0.031,47.1,47.1,11.5,0.1316,0.4376,1
0.8002,0.5682,0.7858,5,0.1109,65.1,203.8,5.21,0.0471,0.2144,0
0.9118,0.884,0.8577,2,0.2239,150.6,303.9,3.29,0.285,0.2323,1
0.8849,0.8671,1.0,3,0.021,59.5,152.2,11.19,0.1038,0.5391,1
0.9474,0.9315,0.9543,3,0.2292,260.5,365.6,2.65,0.0958,0.0402,0
0.7543,0.5994,0.7124,3,0.0137,274.0,338.3,2.76,-0.0368,0.1344,0
0.7303,0.5647,0.7606,2,0.0304,249.0,288.7,2.13,0.1028,0.1588,0
0.8231,0.8176,0.8409,2,0.1519,226.6,354.3,4.49,0.2246,0.4395,0
0.8485,0.8485,0.8904,1,0.079,258.7,258.7,4.07,0.0935,0.2594,1
0.8434,0.8434,0.9389,1,0.1778,123.2,123.2,1.46,0.1854,0.1019,1
0.7692,0.6919,0.8044,3,0.189,290.5,329.5,4.21,0.2513,0.0037,0
0.9484,0.8668,0.9375,3,0.1307,228.5,340.7,2.9,0.2545,0.0221,1
0.8651,0.8651,0.8072,1,1.0,138.4,138.4,4.09,0.0994,0.5103,1
0.9725,0.9521,1.0,2,0.0616,153.0,199.1,2.11,0.1011,0.0418,1
0.8478,0.7864,0.9086,3,0.8573,275.2,417.9,2.18,0.0643,0.0418,1
0.8289,0.7766,0.7625,2,0.2291,89.7,149.2,2.34,0.1006,0.4484,0
0.8205,0.6487,0.894,5,0.63,29.5,206.4,1.58,0.1966,0.3883,1
0.8368,0.8368,0.8977,1,0.051,256.8,256.8,1.87,0.1783,0.0744,0
0.7385,0.714,0.6776,3,0.0616,80.1,84.0,12.22,0.0195,0.1044,1
0.7143,0.6473,0.7907,2,0.3647,147.9,291.9,1.22,0.0127,0.0373,0
0.8233,0.7313,0.8893,4,0.5003,179.3,305.8,2.73,0.2828,0.0034,1
0.7752,0.45,0.7113,3,0.057,257.1,299.9,6.34,0.1079,0.0063,0
0.9354,0.9056,0.9838,4,0.2457,19.2,141.8,5.33,0.2369,0.057,1
0.7457,0.6034,0.7382,3,0.0098,212.8,374.2,2.89,0.0677,0.3563,0
0.8751,0.7872,0.8495,3,0.0915,255.1,376.5,0.83,-0.0259,0.0903,0
0.7659,0.7659,0.7971,1,0.3238,32.2,32.2,0.39,0.1798,0.2335,1
0.8991,0.8074,0.8688,3,0.0068,20.7,196.0,4.21,0.3661,0.2897,1
0.6789,0.6789,0.6204,1,0.0288,193.4,193.4,4.49,0.1534,0.0042,0
0.8799,0.824,0.8473,3,0.3741,307.6,373.4,6.29,0.0927,0.0847,0
0.8889,0.8148,0.8726,5,0.1768,230.8,329.6,9.69,-0.0575,0.1996,0
0.7362,0.7362,0.7811,1,0.0933,281.9,281.9,1.35,0.0381,0.4838,0
0.5966,0.5748,0.6304,3,0.5316,305.6,344.2,4.86,0.0111,0.5376,0
0.8922,0.8249,1.0,5,0.0135,87.6,155.6,3.83,-0.0381,0.374,1
0.9266,0.9266,0.9509,1,0.1722,30.9,30.9,2.5,-0.0263,0.3183,1
0.8566,0.8139,0.817,4,0.2183,199.5,276.8,1.24,-0.1586,0.1069,0
0.8464,0.7542,0.8441,4,0.019,42.7,185.1,4.92,0.1542,0.302,0
0.8845,0.7389,0.9258,3,0.0576,87.6,130.3,6.06,0.0454,0.1716,1
0.845,0.6976,0.8418,3,0.0573,52.5,194.5,4.26,0.0401,0.5393,1
0.6532,0.6532,0.5677,1,0.0291,83.8,83.8,10.71,0.1166,0.0889,1
0.6876,0.6876,0.6106,1,0.3565,58.8,58.8,1.93,0.306,0.1519,0
0.7985,0.7085,0.8572,3,0.0514,238.2,295.4,5.81,0.2261,0.2289,1
0.9421,0.9398,0.8547,2,0.2514,229.8,400.2,4.32,0.2086,0.2101,0
0.9485,0.9485,0.8947,1,0.0284,184.6,184.6,3.45,0.3303,0.049,1
0.87,0.8411,0.8463,2,0.1049,187.1,253.4,2.3,0.2212,0.3831,1
0.7285,0.5265,0.7435,4,0.4781,85.3,120.1,2.12,0.1156,0.2566,0
0.8238,0.6505,0.7806,3,0.2229,17.9,26.7,0.88,0.268,0.2484,1
0.45,0.45,0.4765,1,0.2368,313.2,313.2,3.23,0.0566,0.7604,0
0.5658,0.5658,0.573,1,0.1425,297.9,297.9,3.09,-0.072,0.3518,0
0.8106,0.7263,0.8444,3,0.3001,266.5,316.2,7.06,0.0386,0.321,1
0.8577,0.7532,0.8308,4,0.1141,83.3,152.2,0.61,0.2354,0.2653,1
0.7946,0.6333,0.8723,3,0.3098,146.4,227.6,2.36,0.0226,0.054,0
0.8538,0.659,0.9597,4,0.04,102.2,176.0,5.46,0.2862,0.1311,1
0.7679,0.7679,0.6759,1,0.151,112.0,112.0,3.92,0.3087,0.5526,1
0.7152,0.538,0.7936,4,0.1228,297.8,357.5,1.35,-0.0019,0.4192,0
0.8516,0.6483,0.8724,3,0.2889,159.0,296.4,2.16,0.1813,0.0222,1
0.6853,0.6853,0.6804,1,0.3641,205.1,205.1,3.71,-0.055,0.4856,0
0.8423,0.7453,0.898,5,0.137,246.1,421.0,1.22,0.0051,0.0637,0
0.7221,0.6448,0.8001,3,0.1491,111.1,136.5,1.16,-0.0932,0.5043,0
0.763,0.763,0.7774,1,0.2455,57.2,57.2,2.93,-0.022,0.0419,1
0.8761,0.8451,0.9128,3,0.1234,78.7,91.6,2.98,-0.0817,0.1774,1
0.8004,0.8004,0.755,1,0.0508,208.6,208.6,2.69,0.1203,0.4389,0
0.7849,0.697,0.7519,5,0.3366,86.7,132.5,1.14,0.0911,0.1819,0
0.9162,0.8321,0.8526,5,0.543,265.0,281.5,1.75,0.1257,0.1742,1
0.8707,0.7894,0.8183,4,0.0826,247.7,302.7,1.9,0.2194,0.5024,0
0.787,0.5897,0.8536,4,0.3578,305.1,328.1,0.55,0.0937,0.3131,0
0.8639,0.7885,0.8026,2,0.0836,71.4,109.0,4.19,0.1865,0.2322,1
0.7756,0.45,0.7697,4,0.2774,148.9,195.1,1.96,0.1017,0.5213,0
0.8086,0.6824,0.8365,4,0.0214,229.3,243.4,0.85,0.3277,0.5132,0
0.8277,0.7484,0.7722,2,0.0786,222.0,285.1,1.42,0.2262,0.4,1
0.7971,0.6342,0.7625,5,0.0214,143.6,220.5,1.23,0.1514,0.5534,1
0.9011,0.8676,0.9148,3,0.1525,146.0,191.6,2.43,0.1624,0.266,0
0.7952,0.5755,0.9301,5,0.4233,170.5,198.9,0.37,-0.0067,0.2671,0
0.8411,0.7088,0.8336,5,0.0445,32.1,174.0,3.7,0.0271,0.4845,1
0.7768,0.7687,0.7636,3,0.12,177.4,354.5,5.16,0.1691,0.0121,1
0.7748,0.4733,0.7794,4,0.102,118.0,227.6,1.11,0.1477,0.396,0
0.7594,0.6423,0.8726,3,0.0864,223.0,342.4,0.67,0.2518,0.1649,0
0.717,0.45,0.78,4,0.1391,298.5,396.4,0.72,0.1251,0.1308,0
0.8774,0.7857,0.8894,5,0.1473,139.2,264.8,1.64,0.0372,0.1666,0
0.91,0.8459,0.921,2,0.3148,169.2,204.0,3.02,-0.0174,0.0728,1
0.9145,0.8811,0.8935,5,0.1313,213.0,329.5,1.33,0.2559,0.2473,1
0.7887,0.68,0.6123,3,0.0645,287.6,412.6,2.66,0.0836,0.5474,0
0.8076,0.7155,0.7725,4,0.7025,85.4,223.9,3.11,0.0352,0.2669,1
0.7124,0.556,0.765,2,0.081,302.1,309.6,3.65,-0.0899,0.0907,0
0.8518,0.7997,0.7476,2,0.0925,189.2,202.9,0.94,0.2895,0.1948,0
0.7536,0.631,0.7534,4,0.3118,292.7,470.8,3.48,0.0089,0.3159,0
0.5661,0.5661,0.5476,1,0.5403,82.3,82.3,0.64,-0.0752,0.4796,0
0.8525,0.8127,0.9683,2,0.0645,72.5,117.8,1.94,-0.0271,0.1061,0
0.7272,0.4761,0.7011,3,0.4479,77.3,155.6,5.77,-0.0384,0.0818,0
0.905,0.8517,0.9422,2,0.1641,86.6,115.3,6.17,0.034,0.0648,1
0.8446,0.6975,0.9168,4,0.2597,199.1,348.0,4.48,-0.0372,0.4834,0
0.9628,0.9628,0.9419,1,0.5356,144.5,144.5,4.52,0.0547,0.5425,1
0.8947,0.8223,0.9455,3,0.089,84.3,86.5,4.76,0.1128,0.2524,1
0.8309,0.6463,0.8273,3,0.4094,163.5,255.6,4.58,-0.0002,0.5315,1
0.7382,0.6336,0.7196,3,0.0236,273.9,316.1,1.8,0.0878,0.2803,0
0.6984,0.5623,0.7307,2,0.0101,302.3,334.9,4.75,0.055,0.1101,1
0.7947,0.7067,0.8356,4,0.4799,129.0,267.6,2.85,0.2653,0.1206,1
0.8588,0.7735,0.8217,4,0.0493,153.3,282.9,2.45,0.132,0.8037,0
0.8743,0.6498,0.9826,5,0.6059,195.7,272.9,3.63,0.0585,0.32,0
0.9175,0.8315,0.8833,5,0.0593,211.5,372.0,8.02,0.039,0.4106,1
0.8174,0.8174,0.7243,1,0.0089,200.9,200.9,3.65,0.1004,0.1402,1
0.8105,0.5935,0.8766,4,0.8597,302.2,447.7,11.4,0.0982,0.0538,1
0.7049,0.45,0.7732,5,0.1555,57.9,138.4,1.21,0.0228,0.5048,0
0.8291,0.562,0.7646,5,0.0328,59.3,127.1,2.91,0.204,0.716,1
0.778,0.6079,0.7723,2,0.6319,154.0,322.0,2.9,0.1371,0.55,0
0.9254,0.8886,0.9425,4,0.5767,182.5,205.9,1.69,0.16,0.0077,1
0.7681,0.6812,0.6872,3,0.188,198.0,271.6,3.97,0.1163,0.4509,0
0.8663,0.7591,0.8935,3,0.613,103.1,170.2,2.64,0.1844,0.5167,1
0.9196,0.8783,0.9934,2,0.1234,315.1,434.7,5.46,0.0849,0.1234,1
0.8498,0.7687,0.7694,2,0.022,106.3,190.6,3.79,0.1742,0.2413,1
0.7806,0.45,0.813,5,0.195,295.5,377.3,2.23,0.0375,0.0839,0
0.6428,0.6428,0.5725,1,0.0134,298.8,298.8,4.38,0.2973,0.1133,0
0.7384,0.45,0.6846,5,0.1002,147.4,167.7,1.48,0.0652,0.8442,0
0.9549,0.9476,0.9883,2,0.3216,136.9,245.4,4.53,0.1163,0.0139,1
0.9218,0.8275,0.9004,4,0.6557,132.3,139.7,5.14,0.1319,0.2186,1
0.8099,0.6763,0.7134,4,0.2425,283.5,396.3,2.19,-0.1217,0.0195,0
0.7003,0.4901,0.6565,5,0.0099,295.7,438.0,1.56,-0.0019,0.2266,0
0.7967,0.621,0.6377,5,0.0701,311.4,485.1,0.77,-0.0609,0.0757,0
0.9365,0.908,0.786,3,0.0878,72.6,170.2,2.06,0.1157,0.271,1
0.9299,0.8754,0.9848,2,0.0371,46.9,123.8,4.09,-0.0203,0.2372,1
0.9017,0.8304,0.8475,4,0.5976,100.1,101.8,2.92,0.1953,0.6061,1
0.8444,0.8444,0.9212,1,0.3232,78.8,78.8,3.45,0.2352,0.2094,0
0.7823,0.6829,0.7938,4,0.1109,202.6,359.0,1.42,0.1757,0.1668,0
0.8594,0.7331,0.8043,2,0.006,153.1,302.4,3.76,0.1336,0.4927,1
0.6891,0.5557,0.7463,5,0.0134,205.1,236.9,0.54,-0.0593,0.5838,0
0.9211,0.8803,0.9454,3,0.1373,129.2,287.0,7.01,0.1286,0.1866,0
0.8485,0.6662,0.8124,5,0.0887,17.6,120.6,5.29,0.2521,0.0495,0
0.7358,0.6528,0.6452,2,0.1367,105.3,191.8,4.12,0.1349,0.3401,0
0.8544,0.792,0.9217,3,0.0854,299.0,389.7,3.13,0.3324,0.5547,1
0.8224,0.6723,0.7375,3,0.0112,42.6,54.3,1.19,0.0545,0.4673,1
0.9301,0.9301,0.9627,1,0.0842,236.7,236.7,1.04,0.1142,0.5273,1
0.8881,0.8373,0.7413,2,0.1284,128.8,286.5,5.88,0.1454,0.3082,1
0.6955,0.6955,0.7401,1,0.0983,21.3,21.3,5.39,0.2078,0.0079,1
0.914,0.8338,0.8104,2,0.1833,287.1,299.4,0.2,0.1113,0.3442,0
0.8299,0.6121,0.9017,5,0.1394,244.3,401.7,4.61,0.0729,0.0379,0
0.8347,0.7726,0.7279,5,0.3983,178.7,287.9,0.8,0.13,0.0267,0
0.8346,0.7312,0.8741,4,0.0377,41.5,57.4,1.34,0.3958,0.0963,0
0.7785,0.6416,0.7408,3,0.0688,269.4,399.0,1.5,0.2145,0.4645,0
0.9591,0.9591,0.9241,1,0.1253,249.2,249.2,1.47,0.2006,0.0146,1
0.8193,0.7444,0.8535,3,0.2992,175.5,227.5,10.57,0.0698,0.3669,1
0.8159,0.4767,0.6988,5,0.0923,35.0,136.3,3.95,0.237,0.0668,0
0.8299,0.7131,0.7976,3,0.0121,291.5,444.2,1.21,0.0429,0.1324,0
0.7685,0.7685,0.7736,1,0.5039,105.6,105.6,0.53,0.2085,0.1901,1
0.8622,0.7815,0.864,4,0.1096,286.1,421.6,0.79,0.089,0.0911,0
0.821,0.7568,0.7462,3,0.0135,239.5,281.9,0.52,0.0181,0.2675,0
0.8881,0.7049,0.9471,4,0.4766,298.2,465.3,4.71,0.1094,0.4389,0
0.8177,0.8177,0.8277,1,0.4213,91.0,91.0,1.8,0.0609,0.172,1
0.7736,0.7736,0.7069,1,0.0689,187.6,187.6,1.44,-0.0051,0.496,1
0.6772,0.5623,0.6707,2,0.4894,168.1,302.9,1.02,0.092,0.0448,0
0.9072,0.8403,1.0,2,0.0236,94.1,148.5,3.92,0.2348,0.0378,1
0.9554,0.9368,0.9358,2,0.0733,213.6,285.9,2.79,0.2571,0.3426,1
0.8445,0.6781,0.8834,5,0.0346,226.9,400.4,2.86,0.3825,0.1034,0
0.8685,0.665,0.7901,5,0.5024,232.3,243.6,0.6,0.0552,0.7012,0
0.9271,0.9271,1.0,1,0.103,158.3,158.3,1.42,0.0729,0.0227,0
0.7892,0.612,0.8436,5,0.2578,139.3,187.7,1.23,0.288,0.2374,1
0.8198,0.6611,0.7453,3,0.1818,144.0,225.1,7.84,0.1379,0.5103,1
0.5681,0.5681,0.5197,1,0.0099,315.2,315.2,1.07,0.2352,0.4603,0
0.8116,0.6327,0.7451,4,0.3119,55.8,192.9,1.24,-0.2069,0.0817,0
0.702,0.5451,0.7023,2,0.2106,293.2,347.3,2.12,0.0792,0.7017,0
0.7452,0.5635,0.7427,5,0.0586,37.7,66.5,4.12,0.0728,0.0581,0
0.9132,0.8791,0.8315,2,0.6133,104.4,115.9,3.07,0.1894,0.7205,1
0.8871,0.8871,0.8469,1,0.0484,164.4,164.4,3.02,0.224,0.2822,1
0.9091,0.8213,0.8065,4,0.1596,66.0,70.1,5.83,0.1252,0.3247,1
0.8464,0.7636,0.8665,3,0.0024,27.5,168.3,1.11,0.003,0.775,1
0.7982,0.6508,0.9209,5,0.0303,260.6,371.9,2.07,0.2265,0.0226,0
0.9303,0.8753,0.9076,5,0.1808,115.6,259.0,0.61,0.2339,0.0268,1
0.7776,0.6659,0.796,2,0.1462,306.5,436.7,1.91,0.2967,0.358,0
0.942,0.942,0.976,1,0.0612,82.3,82.3,4.03,0.1326,0.1451,1
0.8186,0.7641,0.7417,4,0.1557,171.9,281.8,4.81,0.1487,0.4995,0
0.8194,0.5922,0.9113,5,0.5869,72.4,157.9,1.41,-0.0296,0.3224,0
0.8621,0.7446,0.9212,3,0.2955,303.8,400.1,3.08,0.5,0.1428,0
0.8308,0.7785,0.6597,2,0.5536,29.4,100.4,3.58,0.0289,0.1216,0
0.8264,0.6602,0.7879,3,0.0819,207.2,253.7,7.56,0.0046,0.1714,1
0.8623,0.7298,1.0,3,0.0567,60.4,140.6,2.67,0.1838,0.5087,0
0.7756,0.6499,0.6998,4,0.1896,224.7,297.5,4.39,0.0179,0.3277,1
0.7093,0.6445,0.7429,2,0.0183,191.3,199.2,4.02,0.0453,0.2801,0
0.8244,0.7222,0.7655,2,1.0,29.7,54.2,1.33,0.0323,0.1572,1
0.84,0.817,0.9228,2,0.2448,255.0,377.7,3.68,-0.0663,0.4554,1
0.777,0.777,0.785,1,0.2156,68.1,68.1,3.48,0.0823,0.3052,0
0.8845,0.8845,0.74,1,0.1357,183.6,183.6,2.71,0.2743,0.1077,0
0.8608,0.7521,0.8213,3,0.4927,136.7,144.5,1.63,0.1155,0.1047,1
0.9062,0.8619,0.869,5,0.1371,215.3,275.4,3.34,0.0534,0.0367,0
0.8619,0.7311,0.8775,5,0.1291,65.0,112.1,3.73,0.2057,0.7609,1
0.8392,0.8277,0.8388,4,0.0103,65.8,166.9,2.53,0.182,0.4549,1
0.6794,0.45,0.7281,2,0.6129,302.3,403.2,3.16,0.0723,0.7242,0
0.8631,0.8631,0.9205,1,0.1922,160.0,160.0,5.45,0.1168,0.7476,0
0.8888,0.8373,0.9216,5,0.608,35.7,168.5,2.04,0.0694,0.4105,0
0.8345,0.7674,0.7921,5,0.0808,91.6,131.9,0.16,0.0042,0.7156,0
0.7505,0.4514,0.8109,5,0.1086,131.4,224.4,5.73,-0.0425,0.286,0
0.6252,0.6252,0.6605,1,0.1234,266.4,266.4,6.46,-0.0482,0.0004,0
0.7778,0.734,0.7609,3,0.165,295.1,320.4,3.98,0.1909,0.0053,0
0.7615,0.5994,0.8593,4,0.1197,253.9,347.0,0.68,0.0521,0.2661,0
0.7494,0.655,0.7708,3,0.0393,220.2,310.5,0.76,0.0581,0.4434,0
0.9192,0.8638,0.9884,4,0.1099,75.6,96.5,8.88,0.2596,0.1724,1
0.9184,0.8626,0.8551,4,0.0668,26.3,115.7,1.67,-0.0916,0.1978,1
0.826,0.6033,0.7687,5,0.034,68.1,127.1,0.73,0.1933,0.3151,0
0.9624,0.9624,0.8805,1,0.5641,186.7,186.7,3.48,0.25,0.2214,1
0.8809,0.8345,1.0,5,0.1731,255.4,338.2,3.06,0.154,0.1948,1
0.7601,0.45,0.7363,4,0.0708,31.9,175.4,3.14,0.2022,0.3852,0
0.9072,0.895,0.9924,2,0.1472,309.7,448.0,2.93,0.0655,0.4978,1
0.5241,0.5241,0.6042,1,0.1035,178.3,178.3,1.23,0.1712,0.1352,0
0.9589,0.9568,0.8799,2,0.073,227.1,288.2,0.69,0.1466,0.6264,0
0.761,0.7073,0.7008,2,0.4092,107.8,276.8,6.29,0.0076,0.5619,1
0.8733,0.8426,0.9196,2,0.0777,221.8,285.4,5.71,0.3404,0.1716,1
0.9306,0.9306,0.8384,1,0.0032,208.7,208.7,1.79,0.0311,0.3683,1
0.8074,0.6576,0.7357,4,0.0633,301.8,436.4,1.6,0.084,0.1332,0
0.7616,0.5793,0.8014,4,0.1736,58.2,83.6,2.32,-0.0377,0.2961,0
0.8418,0.8418,0.8445,1,0.1892,303.2,303.2,8.22,0.1464,0.3448,1
0.844,0.7408,0.6682,5,0.4579,15.7,22.7,4.53,0.0984,0.0203,0
0.8287,0.7464,0.9217,4,0.1777,242.3,399.4,9.6,0.0046,0.444,0
0.7043,0.5981,0.8487,2,0.0038,197.2,339.7,9.39,0.258,0.1213,1
0.9427,0.8595,0.9802,4,0.1045,35.9,116.5,3.7,0.2225,0.2722,1
0.8415,0.7721,0.8819,2,0.1276,226.4,296.8,3.46,0.1243,0.1207,1
0.8215,0.6343,0.7343,3,0.0348,177.0,189.2,3.25,0.2742,0.4967,1
0.8061,0.7169,0.8672,2,0.1127,136.1,239.0,2.1,0.205,0.7273,0
0.8793,0.614,0.8564,5,0.1265,16.6,186.2,2.92,0.0748,0.77,0
0.7943,0.755,0.7388,3,0.0536,182.3,190.0,10.4,0.2897,0.363,1
0.898,0.8061,0.9271,5,0.1381,204.9,265.0,1.94,0.1711,0.335,0
0.7362,0.568,0.6935,4,0.0347,291.8,386.8,3.54,0.1957,0.0338,0
0.9107,0.9107,0.8763,1,0.3559,77.6,77.6,6.02,0.159,0.3259,1
0.8058,0.6798,0.7552,2,0.1113,311.8,482.3,0.2,0.1849,0.8021,0
0.9226,0.8647,0.8678,5,0.0318,248.3,254.5,1.35,0.0893,0.6425,0
0.8998,0.8998,0.7999,1,0.0075,177.4,177.4,2.1,0.3449,0.2024,1
0.8522,0.7742,0.8762,2,0.5386,304.7,373.2,2.28,-0.1032,0.8531,0
0.8702,0.8188,0.8573,5,0.4646,305.0,452.8,10.23,0.074,0.1016,0
0.825,0.825,0.9247,1,0.0155,229.0,229.0,0.73,0.0333,0.2588,0
0.8654,0.7195,0.9266,4,0.0852,117.1,191.1,1.56,0.1179,0.0723,0
0.9324,0.9203,0.8926,2,0.1708,159.6,307.6,2.32,-0.1671,0.3223,1
0.9054,0.8456,0.8481,3,0.0089,212.4,302.1,0.94,-0.0419,0.4766,1
0.8282,0.7481,0.8988,4,0.0802,146.3,177.0,3.04,0.2001,0.4782,0
0.8745,0.7467,0.8835,3,0.4397,186.1,246.6,2.91,0.1525,0.073,0
0.8584,0.7682,0.9461,5,0.0945,311.9,381.6,2.22,0.1665,0.0483,0
0.9504,0.9097,1.0,2,0.0325,142.3,317.2,3.0,-0.0141,0.3034,0
0.8446,0.75,0.8354,4,0.0439,116.4,123.1,4.98,0.2204,0.6178,1
0.7184,0.7184,0.7718,1,0.1467,118.2,118.2,5.47,0.3074,0.125,1
0.9586,0.9222,0.9687,2,0.148,127.1,282.0,3.41,0.0569,0.594,1
0.8237,0.7837,0.777,2,0.1563,176.1,296.4,5.7,0.2342,0.1666,0
0.9036,0.9036,0.8401,1,0.2264,103.6,103.6,1.52,0.2146,0.3034,1
0.8759,0.7927,0.9619,2,0.0973,295.2,455.3,0.78,-0.0696,0.2994,0
0.8123,0.7731,0.8105,2,0.0579,308.5,417.6,3.37,-0.01,0.5016,0
0.5824,0.5824,0.5757,1,0.3022,239.2,239.2,9.76,0.3496,0.4373,0
0.7068,0.7068,0.6715,1,0.0395,149.7,149.7,1.85,0.0095,0.6729,0
0.812,0.7833,0.8643,2,0.2589,21.4,105.7,0.26,0.0213,0.0473,0
0.8197,0.485,0.778,4,0.0706,161.1,205.2,0.8,0.4032,0.2213,0
0.8276,0.7428,0.7598,4,0.0392,231.5,299.6,3.38,0.0924,0.7347,1
0.8625,0.6498,1.0,5,0.0463,249.3,317.5,3.66,0.2774,0.2836,0
0.7349,0.6737,0.7448,4,0.1573,171.7,193.9,2.87,0.2819,0.1353,0
0.7845,0.7845,0.7519,1,0.1863,236.0,236.0,1.92,0.1026,0.137,0
0.8903,0.788,0.9649,3,0.0135,105.4,202.5,2.76,0.0482,0.4351,0
0.8396,0.7275,0.8785,5,0.0486,79.8,84.4,2.56,0.2689,0.048,0
0.8969,0.849,0.8682,2,0.1108,78.3,184.0,3.57,-0.0346,0.6714,1
0.957,0.9373,0.8764,2,0.0029,319.3,352.8,1.2,0.0445,0.2946,1
0.7711,0.6972,0.7185,5,0.0371,266.8,271.8,3.23,-0.0515,0.585,0
0.9805,0.9805,0.9929,1,0.6564,165.4,165.4,5.9,-0.0622,0.3391,1
0.8654,0.8654,0.9023,1,0.0447,166.2,166.2,3.14,0.2253,0.1435,1
0.9335,0.8979,0.9376,3,0.1425,191.2,265.7,6.33,0.0794,0.4106,1
0.7463,0.6109,0.7229,2,0.0303,144.8,291.7,0.39,0.133,0.1849,0
0.8881,0.7838,0.8639,4,0.157,137.0,284.8,1.38,0.2244,0.6914,1
0.8634,0.7773,0.8445,5,0.0118,291.0,408.9,4.57,0.2862,0.3751,0
0.8809,0.8598,0.837,2,0.0764,318.7,341.8,2.51,0.1463,0.1881,1
0.8235,0.7113,0.8038,5,0.4879,314.0,377.0,4.28,0.2154,0.1564,0
0.8396,0.7989,0.8624,3,0.0332,176.1,325.4,2.79,0.3193,0.3449,0
0.8451,0.8451,0.8349,1,0.2784,182.5,182.5,5.66,0.1847,0.1192,1
0.836,0.8224,0.7074,2,0.0819,98.3,206.2,2.07,0.1432,0.1303,0
0.9036,0.9036,1.0,1,0.0138,64.6,64.6,4.01,-0.1663,0.0802,1
0.794,0.7422,0.7604,2,0.061,80.6,184.0,1.74,0.0165,0.5428,1
0.6487,0.5044,0.5426,3,0.2479,200.3,204.8,3.58,0.1546,0.6559,0
0.8023,0.8023,0.918,1,0.2716,187.7,187.7,5.02,0.0203,0.0192,1
0.7842,0.6149,0.7203,4,0.5164,63.3,141.0,6.84,0.0401,0.1567,1
0.8794,0.8169,0.9803,3,0.0032,47.3,120.3,2.52,0.0589,0.3373,1
0.8839,0.845,1.0,2,0.3109,50.4,82.7,4.05,0.1894,0.4073,1
0.8378,0.8136,0.7916,3,0.0679,259.4,340.7,3.04,0.1023,0.036,1
0.8869,0.7448,0.9414,5,0.0397,161.8,341.2,0.5,0.1558,0.6317,0
0.8889,0.8203,0.8148,4,0.0585,146.6,310.3,1.11,-0.072,0.1812,0
0.9326,0.9326,0.8979,1,0.0998,125.8,125.8,0.66,0.1379,0.6241,1
0.7208,0.45,0.7697,5,0.0994,31.7,141.7,2.13,0.0726,0.1915,0
0.8714,0.6877,0.8306,4,0.0693,301.6,398.3,4.92,0.0921,0.2034,1
0.9499,0.9145,0.8528,3,0.2915,157.9,297.4,1.82,0.2019,0.2932,0
0.8739,0.8078,0.8864,5,0.1559,30.2,126.2,5.76,0.119,0.6151,1
0.8426,0.7244,0.88,5,0.3449,315.9,347.8,1.69,0.1282,0.5174,0
0.783,0.5237,0.6684,4,0.0755,158.3,196.1,1.97,0.2351,0.5526,0
0.9159,0.897,0.8153,2,0.3429,131.9,217.7,1.75,0.1283,0.2461,1
0.872,0.688,0.9309,5,0.1833,28.2,187.1,4.55,0.218,0.3616,0
0.8001,0.6828,0.8511,2,0.0158,51.6,159.9,3.38,-0.1661,0.3695,0
0.8221,0.7672,0.8739,5,0.1021,228.9,345.8,1.4,-0.0302,0.5028,0
0.884,0.782,0.904,2,0.0698,185.1,231.5,10.73,0.3631,0.3834,1
0.7885,0.5722,0.8381,3,0.1219,143.3,232.0,6.43,-0.0959,0.2473,1
0.8098,0.8098,0.7854,1,0.2009,238.7,238.7,0.52,-0.0765,0.2124,0
0.7923,0.6274,0.7545,3,0.2744,75.0,85.8,2.93,0.0831,0.1403,1
0.8192,0.6116,0.8276,4,0.0035,241.5,342.4,5.93,0.2844,0.1729,1
0.7478,0.5956,0.7528,2,0.0161,227.9,359.1,2.67,0.2212,0.3229,0
0.8395,0.6389,0.8399,5,0.4519,127.0,231.5,3.98,0.4294,0.4191,1
0.8582,0.8582,0.7759,1,0.0462,311.1,311.1,2.71,-0.1368,0.1636,1
0.7542,0.6006,0.763,4,0.0586,153.7,161.1,2.68,0.1494,0.0038,0
0.785,0.6723,0.8555,5,0.0412,197.9,360.5,1.68,-0.0502,0.3478,0
0.8896,0.8823,0.8333,2,0.1887,54.1,199.2,6.63,0.0622,0.1864,1
0.7887,0.7138,0.7479,3,0.0745,74.8,175.8,5.38,-0.0138,0.2571,0
0.9716,0.9716,0.9729,1,0.1532,314.0,314.0,2.02,0.2737,0.4334,1
0.7057,0.7057,0.7195,1,0.2263,132.1,132.1,2.33,-0.0293,0.0403,0
0.8306,0.696,0.7796,4,0.9603,67.1,220.1,2.22,0.1904,0.047,1
0.8546,0.6472,0.8272,3,0.0089,289.8,451.5,2.32,-0.1194,0.1171,0
0.9413,0.9079,0.8278,4,0.016,261.7,345.3,1.22,0.2572,0.0915,0
0.7853,0.6915,0.7803,4,0.0943,95.8,166.5,4.37,0.1405,0.1679,0
0.9376,0.9376,0.8762,1,0.2119,273.5,273.5,2.13,-0.0798,0.2734,1
0.7669,0.7133,0.7828,2,0.1246,28.6,78.6,3.66,0.1101,0.5171,1
0.9255,0.8859,0.8789,3,0.0987,196.1,352.0,4.17,0.1878,0.2006,1
0.8694,0.7818,0.9517,5,0.2091,299.1,300.9,4.94,0.1163,0.0321,0
0.9055,0.8475,0.8991,5,0.0568,92.3,206.4,7.32,-0.0293,0.1247,1
0.7755,0.463,0.8145,5,0.0753,244.3,368.5,5.61,0.1509,0.2976,0
0.7336,0.7336,0.7298,1,0.0257,182.1,182.1,5.38,-0.0787,0.1246,0
0.853,0.7277,0.9115,4,0.0153,260.4,375.9,0.76,0.0238,0.2798,0
0.8082,0.7186,0.7026,3,0.1731,273.2,297.2,2.93,0.0292,0.3094,0
0.8169,0.6376,0.8124,5,0.0029,255.4,340.4,0.95,0.1524,0.3417,0
0.8145,0.6735,0.8637,4,0.789,235.0,342.3,2.89,0.2308,0.1858,0
0.8592,0.7679,0.9134,3,0.3331,159.3,240.4,0.6,0.1618,0.3382,0
0.6695,0.6695,0.7587,1,0.1647,281.7,281.7,6.79,0.0752,0.1992,0
0.822,0.5736,0.8513,5,0.2233,102.7,219.7,10.33,0.0035,0.4267,0
0.9854,0.9854,0.8792,1,0.0027,242.5,242.5,1.37,0.1639,0.2108,1
0.7516,0.6553,0.7618,5,0.1682,205.1,332.8,0.4,0.0822,0.8084,0
0.9418,0.9418,0.8181,1,0.0092,240.9,240.9,9.24,0.0849,0.2906,1
0.7956,0.728,0.8265,2,0.2808,116.4,280.1,1.76,-0.0675,0.2685,1
0.8913,0.8056,0.8651,4,0.1111,40.6,92.4,1.57,0.0421,0.0072,0
0.8681,0.6843,0.798,5,0.1303,240.7,390.7,5.17,0.0712,0.9792,0
0.8185,0.684,0.8773,4,0.5022,249.0,332.9,4.88,0.1344,0.3378,1
0.7961,0.6842,0.8318,5,0.0969,51.5,231.2,2.46,0.1879,0.258,0
0.676,0.5263,0.728,4,0.159,233.0,263.9,7.99,0.1213,0.0497,0
0.7485,0.6775,0.7305,4,0.1935,299.5,376.7,5.61,0.1703,0.1142,0
0.8498,0.8183,0.9534,2,0.0799,280.1,441.1,2.32,0.1033,0.1451,1
0.8754,0.8412,0.8582,2,0.5598,200.4,231.7,1.97,0.0721,0.3548,1
0.7853,0.6702,0.7515,3,0.1168,273.4,396.9,7.85,0.1077,0.2508,0
0.8742,0.832,0.89,3,0.0037,60.8,98.5,2.57,0.0001,0.8001,0
0.9046,0.8442,0.8576,3,0.2868,246.9,270.5,5.0,0.2106,0.5919,1
0.8829,0.806,0.8972,2,0.0412,40.0,163.2,6.92,0.0952,0.2017,1
0.7336,0.6037,0.77,5,0.1335,168.1,291.3,2.32,-0.2071,0.7463,0
0.7593,0.7336,0.8052,2,0.1843,111.2,290.1,4.58,0.1165,0.1632,1
0.8833,0.7921,0.7568,5,0.2505,222.6,271.6,5.84,0.385,0.611,0
0.8864,0.8255,0.8698,3,0.0212,165.8,191.3,2.04,-0.0766,0.1767,1
0.7324,0.7324,0.6708,1,0.1679,204.3,204.3,5.71,0.1049,0.7914,1
0.9202,0.8968,0.8855,3,0.0011,161.4,280.5,1.63,0.1669,0.4652,0
0.8869,0.741,0.8371,5,0.5895,196.1,223.4,5.68,0.076,0.1854,0
0.9178,0.8471,0.9612,4,0.0592,111.8,142.4,1.3,0.4693,0.1723,1
0.8413,0.727,0.9034,3,0.027,82.9,224.3,1.55,0.1763,0.1148,0
0.7907,0.5229,0.7191,5,0.0864,316.7,365.8,3.99,0.1348,0.5494,0
0.8554,0.7805,0.8292,2,0.134,51.6,102.2,0.66,-0.0162,0.0358,1
0.8294,0.6953,0.7037,5,0.0347,260.0,388.9,1.7,0.0036,0.9391,1
0.656,0.656,0.6579,1,0.4257,223.5,223.5,1.72,0.1623,0.1581,1
0.8591,0.808,1.0,3,0.134,53.8,177.1,2.55,0.2386,0.5383,1
0.8503,0.6499,0.9227,5,0.0969,77.0,179.6,1.98,0.2687,0.0383,0
0.8794,0.7487,0.852,4,0.0394,256.8,284.0,3.27,0.1079,0.6538,1
0.8561,0.6828,0.8603,5,0.0529,90.4,110.5,3.34,0.1181,0.364,0
0.8513,0.6624,0.8058,4,0.2693,24.5,101.2,1.65,0.2997,0.4747,0
0.7922,0.45,0.7698,4,0.057,39.9,88.8,0.47,0.1813,0.046,0
0.7063,0.5168,0.6069,4,0.6079,62.9,216.8,1.42,-0.2092,0.3029,0
0.8546,0.8546,0.819,1,0.1535,213.2,213.2,2.33,0.3247,0.3383,1
0.6885,0.6885,0.6877,1,0.1126,280.0,280.0,1.47,0.1393,0.2068,1
0.8523,0.7928,0.7949,3,0.0739,143.2,240.2,1.0,0.0061,0.779,0
0.8855,0.8495,0.8256,2,0.1447,60.5,236.9,1.27,0.0652,0.1002,1
0.8049,0.7469,0.9013,5,0.2292,56.2,99.5,4.86,0.3329,0.4336,0
0.8936,0.8232,0.8838,5,0.3359,96.2,178.6,0.77,0.2665,0.0758,1
0.9513,0.9513,0.9492,1,0.2341,304.3,304.3,4.3,0.1262,0.3801,1
0.8367,0.7418,0.8841,4,0.0932,161.3,276.4,2.2,0.0986,0.5811,1
0.8136,0.6306,0.7736,4,0.1756,307.1,485.1,3.04,0.166,0.3384,0
0.8076,0.6783,0.904,4,0.0141,73.7,229.1,0.79,-0.0074,0.4561,0
0.8502,0.8502,0.8386,1,0.091,280.3,280.3,6.06,0.0569,0.8314,1
0.8499,0.8362,0.8079,2,0.1205,160.7,252.7,1.28,0.2387,0.3714,0
0.8122,0.6637,0.8238,5,0.0193,139.9,263.2,1.84,0.2051,0.2476,0
0.469,0.469,0.4571,1,0.0486,251.1,251.1,2.97,0.1297,0.3924,0
0.9757,0.9757,0.8612,1,0.013,297.1,297.1,1.01,0.0037,0.379,0
0.7289,0.5896,0.7099,3,0.4018,230.6,404.7,2.51,0.1455,0.1577,0
0.8592,0.6948,0.9153,5,0.0763,242.7,301.7,2.93,0.0793,0.1064,0
0.7559,0.5021,0.7626,4,0.1396,226.5,250.0,3.87,0.2222,0.1864,0
0.8305,0.6634,0.8197,5,0.0246,109.9,180.8,1.43,0.1947,0.2812,0
0.8688,0.7784,0.8172,5,0.2111,136.8,311.8,2.12,0.1128,0.5829,0
0.6015,0.4533,0.7342,3,0.162,136.8,189.1,3.17,0.2086,0.4932,1
0.5396,0.5396,0.4964,1,0.1112,16.9,16.9,3.02,-0.0068,0.3122,0
0.85,0.6873,0.8072,4,0.8645,298.3,421.5,3.12,0.1878,0.2423,1
0.9849,0.9849,0.9198,1,0.316,241.8,241.8,9.69,0.1058,0.3698,1
0.8806,0.781,0.8453,4,0.0001,209.3,274.4,3.33,0.4193,0.439,1
0.9286,0.9286,1.0,1,0.0723,214.3,214.3,2.45,0.1049,0.1379,1
0.8502,0.7717,0.8633,5,0.5896,55.8,192.5,2.68,-0.0437,0.2393,0
0.7802,0.5764,0.7331,5,0.0683,277.1,332.9,0.52,-0.0248,0.0658,0
0.8225,0.7297,0.8548,3,0.1561,141.4,288.2,1.99,0.1351,0.1391,0
0.7199,0.7199,0.7136,1,0.2964,72.1,72.1,4.13,0.1675,0.3891,0
0.7654,0.5355,0.7065,5,0.1525,151.9,194.0,2.84,-0.039,0.3114,0
0.5877,0.5877,0.6683,1,0.353,30.1,30.1,5.47,0.0054,0.8506,1
0.8598,0.7484,0.9373,3,0.039,165.7,191.9,3.77,-0.1356,0.0572,0
0.8637,0.8009,0.7537,2,0.014,76.4,159.3,6.48,0.1148,0.2314,1
0.8605,0.7922,0.9177,3,0.0474,141.2,168.0,0.88,0.1209,0.2123,0
0.8607,0.7153,0.9186,5,0.0302,111.4,248.4,0.53,0.3134,0.2707,0
0.7867,0.7867,0.838,1,0.0331,265.7,265.7,2.3,0.0239,0.09,1
0.9033,0.8591,0.8421,2,0.0029,207.6,292.2,4.89,0.2107,0.274,0
0.7405,0.7405,0.8371,1,0.3523,235.4,235.4,7.86,0.1437,0.3904,1
0.6162,0.6162,0.576,1,0.0456,208.4,208.4,4.29,0.197,0.086,0
0.8699,0.7039,0.8922,5,0.0865,271.5,425.1,7.1,0.1957,0.5123,0
0.8929,0.8148,0.9227,4,0.0041,137.8,180.4,1.11,0.2115,0.5448,1
0.7806,0.7806,0.823,1,0.0007,26.8,26.8,2.84,0.0864,0.7615,0
0.8849,0.8265,0.9232,3,0.2072,132.4,157.7,4.6,-0.0606,0.2234,0
0.7716,0.45,0.7365,5,0.2304,183.8,264.2,7.37,0.119,0.1673,0
0.8554,0.7237,0.8533,3,0.2224,143.4,214.2,3.84,0.2506,0.2351,1
0.8441,0.7865,0.8596,2,0.1131,66.0,239.3,2.22,0.1774,0.1138,1
0.9155,0.8719,0.899,2,0.1734,282.0,310.4,2.25,0.0668,0.1976,1
0.8197,0.6466,0.841,4,0.0237,138.4,236.0,6.59,-0.0753,0.2836,0
0.8394,0.7553,0.8332,2,0.0262,33.6,153.3,3.02,0.0631,0.4083,0
0.7869,0.7571,0.8413,2,0.2599,67.5,201.0,1.86,0.1862,0.5265,1
0.8498,0.8498,0.8807,1,0.0513,255.9,255.9,0.74,0.0949,0.1656,0
0.8646,0.8184,0.8098,3,0.0856,56.6,224.8,4.12,0.316,0.2717,0
0.9635,0.9635,0.9683,1,0.064,161.6,161.6,4.78,0.0807,0.3546,1
0.6341,0.4613,0.6009,4,0.2361,180.3,246.9,4.03,0.0311,0.4826,0
0.925,0.8516,0.7887,3,0.1503,160.8,165.9,1.2,0.3344,0.1197,1
0.6663,0.5065,0.7776,2,0.2628,178.4,180.9,2.26,0.3567,0.113,0
0.8318,0.7863,0.8477,5,0.0177,89.3,109.3,1.6,-0.0662,0.0219,0
0.9536,0.9536,1.0,1,0.185,137.3,137.3,2.44,0.1126,0.8412,1
0.8275,0.7175,0.791,2,0.0022,297.3,462.0,1.32,0.0469,0.6577,0
0.8802,0.8034,0.7635,4,0.0813,281.7,441.6,2.45,0.2125,0.0508,0
0.8232,0.7191,0.835,5,0.82,179.1,331.5,3.13,0.1786,0.3107,1
0.9497,0.9497,1.0,1,0.1413,184.5,184.5,1.67,0.0351,0.0863,0
0.6755,0.6755,0.6984,1,0.1088,289.2,289.2,3.65,0.0193,0.4479,0
0.7512,0.5685,0.8457,4,0.0595,207.6,330.9,2.96,0.361,0.3084,0
0.83,0.7273,0.954,5,0.1124,216.7,323.7,4.25,0.0679,0.1924,0
0.9169,0.839,0.9734,2,0.4049,66.1,211.5,5.51,-0.042,0.3479,1
0.9043,0.9043,0.9828,1,0.1267,36.2,36.2,2.7,0.1481,0.5891,1
0.8064,0.6233,0.7893,4,0.1503,262.4,264.4,1.35,0.1884,0.7832,0
0.9197,0.8863,0.8686,2,0.0275,281.8,337.8,3.7,0.0881,0.2161,0
0.8213,0.6379,0.8903,5,0.1144,317.4,388.6,2.97,0.2352,0.5092,1
0.8352,0.8352,0.8491,1,0.1537,303.2,303.2,4.73,0.1303,0.4669,0
0.8248,0.7331,0.7736,5,0.0671,44.1,50.2,4.54,0.016,0.5254,1
0.8645,0.7755,0.8016,2,0.1711,144.7,309.0,1.63,0.0419,0.2055,0
0.8039,0.8039,0.723,1,0.0546,100.4,100.4,0.96,0.1671,0.8528,0
0.8241,0.7795,0.8451,3,0.2067,214.1,291.6,1.18,0.145,0.6124,1
0.8735,0.8602,0.9344,2,0.1574,136.1,219.3,3.56,0.0644,0.3333,0
0.7393,0.6164,0.8746,2,0.3062,103.6,120.7,3.8,0.0225,0.2659,1
0.8281,0.7394,0.9363,3,0.0833,124.7,227.8,1.4,0.1493,0.2388,0
0.7995,0.7995,0.7817,1,0.0209,262.4,262.4,3.45,-0.0303,0.5034,0
0.8366,0.726,0.7897,3,0.3817,231.5,258.1,0.07,0.0752,0.8778,0
0.8486,0.7938,0.9679,2,0.0417,305.2,368.8,5.17,0.0653,0.645,0
0.883,0.883,0.8524,1,0.1034,72.4,72.4,7.87,-0.0358,0.1935,1
0.8684,0.8101,0.9371,3,0.1127,95.3,202.2,6.5,0.0727,0.2819,1
0.8863,0.7727,0.8789,4,0.101,204.7,378.0,3.97,0.0481,0.1259,0
0.8748,0.7762,0.7452,4,0.2633,54.6,140.6,3.24,0.1719,0.3192,0
0.8488,0.806,0.8357,5,0.5699,118.6,150.7,4.91,0.2769,0.1495,1
0.8318,0.7081,0.9009,5,0.0496,229.9,346.4,3.8,0.1268,0.443,1
0.7567,0.5586,0.7159,5,0.0176,21.9,69.6,0.31,0.2039,0.3714,0
0.9383,0.9383,0.9433,1,0.2613,261.8,261.8,1.07,-0.0893,0.1143,0
0.8312,0.7349,0.8151,3,0.0655,211.7,241.0,3.16,0.2682,0.5037,1
0.9442,0.9442,1.0,1,0.1866,106.7,106.7,5.19,-0.0964,0.5702,1
0.8471,0.8471,0.8116,1,0.2767,256.4,256.4,1.7,-0.0455,0.1982,0
0.7131,0.7131,0.734,1,0.0618,284.9,284.9,3.56,0.0781,0.4279,0
0.7355,0.4746,0.8285,3,0.0863,261.4,331.1,1.55,0.2393,0.1093,0
0.9066,0.8107,0.8795,5,0.0324,202.4,264.1,3.18,0.1305,0.6524,0
0.8484,0.8484,0.8247,1,0.1576,163.2,163.2,2.21,0.0565,0.6783,1
0.8514,0.7672,0.972,2,0.0747,101.5,148.9,1.13,-0.0846,0.3868,0
0.7227,0.5735,0.5969,4,0.0245,301.5,393.9,5.63,0.1698,0.3027,0
0.7762,0.5622,0.8609,4,0.1091,87.0,187.1,1.85,0.1272,0.6813,0
0.9302,0.8855,0.965,2,0.0895,244.6,307.0,5.33,-0.0361,0.188,0
0.8755,0.8755,0.8238,1,0.1002,277.2,277.2,5.35,0.018,0.2148,0
0.7912,0.7912,0.859,1,0.2236,125.5,125.5,1.23,0.0536,0.3738,1
0.9383,0.8798,0.9422,3,0.0854,162.2,223.0,5.08,0.1439,0.3002,1
0.8323,0.6943,0.8867,3,0.5132,314.0,385.3,10.55,0.1655,0.5222,1
0.8723,0.7534,0.8141,3,0.2312,158.5,172.8,14.0,0.0512,0.2453,1
0.8779,0.8206,0.7917,4,0.0198,263.3,413.3,0.46,0.0816,0.1546,0
0.7999,0.6546,0.8903,5,0.0108,133.3,248.6,3.85,-0.1318,0.4534,0
0.831,0.6189,0.7414,5,0.082,309.0,430.1,3.43,0.0222,0.0985,0
0.8295,0.8295,0.8766,1,0.2341,191.0,191.0,1.64,-0.1828,0.5091,1
0.7038,0.6017,0.7346,2,0.0828,72.4,216.2,2.48,0.2657,0.3582,0
0.8281,0.6373,0.8672,5,0.0055,276.3,388.1,5.98,0.1683,0.4987,1
0.825,0.6587,0.8573,4,0.3665,267.2,285.2,3.32,0.2935,0.3254,0
0.8585,0.8585,0.8737,1,0.0041,299.7,299.7,3.76,0.0826,0.3124,1
0.8811,0.8718,0.7211,2,0.2603,159.8,203.5,6.25,0.1126,0.0116,1
0.877,0.8263,0.952,5,0.2873,242.7,377.8,5.45,0.0449,0.6129,1
0.9011,0.8085,0.8367,5,0.1082,194.8,340.8,3.36,0.0145,0.4015,0
0.92,0.858,0.975,3,0.0327,119.6,275.7,6.37,0.0525,0.1259,1
0.8837,0.7933,0.8579,5,0.0674,308.0,476.8,4.06,0.1595,0.0325,0
0.9831,0.9831,0.9588,1,0.014,95.9,95.9,1.79,0.0764,0.4993,0
0.9269,0.9269,0.9658,1,0.0914,129.5,129.5,2.64,0.3283,0.6817,1
0.8569,0.7815,0.9332,2,0.0776,309.3,465.4,1.97,0.0237,0.4941,0
0.8821,0.8638,0.8335,3,0.0278,259.9,432.7,3.11,0.0516,0.6495,1
0.887,0.6506,0.9278,4,0.0644,302.0,378.6,8.21,0.2311,0.0058,0
0.841,0.4808,0.8801,4,0.0603,105.8,239.2,2.53,0.1949,0.2841,0
0.882,0.785,0.8711,5,0.2043,250.2,408.8,0.63,0.1298,0.1591,0
0.7962,0.6313,0.8687,3,0.0917,103.6,215.0,11.91,0.0755,0.1124,0
0.7911,0.742,0.7481,5,0.2012,187.6,239.8,4.38,0.12,0.5949,0
0.8145,0.8145,0.8161,1,0.204,118.3,118.3,3.75,0.3245,0.1917,1
0.8149,0.6615,0.8559,3,0.3454,146.3,309.8,3.67,0.0537,0.5077,0
0.734,0.6108,0.809,2,0.0968,210.8,330.6,7.79,0.1085,0.2918,0
0.9066,0.9066,0.8495,1,0.1055,263.1,263.1,1.42,-0.037,0.5513,0
0.8878,0.8639,0.9954,2,0.3152,167.8,211.6,2.59,0.2233,0.6722,1
0.7276,0.6118,0.7811,2,0.0705,40.8,150.5,2.25,0.227,0.4424,0
0.7393,0.6704,0.7009,2,0.1046,68.7,92.1,9.26,-0.0422,0.6396,1
0.7679,0.5742,0.7508,3,0.1639,236.7,311.4,1.26,0.1461,0.1363,0
0.8264,0.718,0.7637,5,0.7414,316.2,406.5,4.64,0.0896,0.3353,0
0.7704,0.7704,0.8342,1,0.2236,247.7,247.7,4.1,0.1602,0.1569,1
0.8988,0.8525,0.9367,3,0.069,98.7,138.0,4.1,0.2185,0.2138,0
0.8434,0.6947,0.8588,5,0.1299,265.8,275.6,3.08,0.1678,0.2916,0
0.8557,0.7916,0.8267,2,0.1017,72.6,106.5,8.84,0.195,0.1603,0
0.9848,0.9848,1.0,1,0.0247,94.8,94.8,4.98,0.199,0.359,1
0.8917,0.8229,0.8802,3,0.034,74.6,253.5,2.85,0.2279,0.2608,1
0.8682,0.7442,0.9562,4,0.1335,22.1,71.6,2.61,0.3836,0.1908,0
0.741,0.6835,0.7299,4,0.1554,305.9,446.0,2.98,-0.1108,0.54,0
0.7606,0.4842,0.7238,3,0.9241,313.6,399.7,1.28,0.154,0.2418,0
0.8994,0.8596,0.9198,5,0.1214,311.1,409.8,3.83,-0.3007,0.4558,1
0.8661,0.7675,0.866,3,0.3204,201.5,218.9,6.3,0.0736,0.443,0
0.7291,0.5898,0.7557,4,0.0681,229.4,296.9,1.51,0.1448,0.4226,0
0.8399,0.7493,0.8728,3,0.2154,163.1,171.5,2.72,0.2765,0.4334,1
0.9242,0.9242,0.998,1,0.3281,25.6,25.6,3.71,0.083,0.0439,1
0.7894,0.6731,0.8361,3,0.1745,278.9,406.7,8.72,0.1957,0.2765,1
0.9396,0.9396,0.8853,1,0.0655,16.1,16.1,0.13,-0.0087,0.5531,0
0.9598,0.9598,0.9785,1,0.8129,305.5,305.5,4.71,0.1021,0.2508,1
0.8155,0.7047,0.8172,4,0.1928,71.2,161.1,5.4,0.1539,0.4904,1
0.9529,0.9529,0.9846,1,0.0527,186.4,186.4,4.48,0.0629,0.2523,1
0.6931,0.6931,0.692,1,0.0165,192.0,192.0,3.04,0.1275,0.1483,0
0.8011,0.7085,0.91,5,0.0417,176.7,285.2,2.98,0.181,0.3124,0
0.8268,0.8268,0.8301,1,0.0309,220.6,220.6,2.57,-0.0001,0.8454,0
0.8607,0.685,0.8506,5,0.4178,275.8,313.5,3.51,-0.0951,0.082,1
0.8543,0.6854,0.7156,5,0.3121,21.2,164.0,5.43,0.0462,0.0648,0
0.8592,0.6507,0.7253,5,0.2519,128.7,139.6,2.74,-0.0205,0.0901,0
0.8575,0.7838,0.9038,3,0.0128,89.0,185.5,2.02,0.1231,0.6672,0
0.7118,0.5778,0.7552,3,0.1643,112.5,233.3,3.39,0.2369,0.1031,0
0.5086,0.5086,0.4795,1,0.457,104.1,104.1,0.85,0.1249,0.7387,0
0.894,0.8527,0.9088,3,0.3655,47.6,189.6,10.39,0.3137,0.008,1
0.9114,0.9114,0.8583,1,0.172,65.0,65.0,5.12,0.1925,0.0891,1
0.7905,0.7905,0.7179,1,0.1208,53.8,53.8,1.82,-0.0158,0.4861,1
0.9102,0.8343,0.9133,5,0.0464,276.0,373.6,2.09,0.2156,0.2374,0
0.9353,0.9087,1.0,2,0.2133,59.6,133.6,1.06,0.4071,0.4555,1
0.8226,0.7656,0.7516,5,0.0047,60.1,140.3,8.44,0.1777,0.5814,1
0.8987,0.8319,0.8735,5,0.0711,305.6,357.2,1.95,0.1791,0.4778,0
0.8506,0.7541,0.8751,2,0.1045,166.9,200.7,7.92,0.1198,0.023,1
0.8256,0.8256,0.859,1,0.3017,205.2,205.2,3.05,-0.0163,0.0565,1
0.7856,0.7223,0.6664,2,0.0075,135.4,241.1,8.41,0.2233,0.0985,0
0.8795,0.8795,0.8077,1,0.0244,294.6,294.6,2.65,0.0403,0.1257,0
0.7785,0.5802,0.6734,5,0.0957,249.8,415.7,12.46,0.2145,0.3313,0
0.6351,0.5043,0.5629,3,0.0249,46.9,159.0,4.68,0.1789,0.5502,0
0.8513,0.7913,0.9486,3,0.5386,87.0,102.3,11.01,-0.0123,0.4428,1
0.8291,0.8291,0.8551,1,0.0142,268.6,268.6,1.74,0.0534,0.3207,0
0.88,0.88,0.8947,1,0.0101,307.7,307.7,1.75,0.2968,0.0473,0
0.8939,0.8195,1.0,5,0.2768,128.7,243.3,7.86,-0.0349,0.1495,0
0.8365,0.775,0.7984,4,0.1868,265.8,411.4,3.36,0.0688,0.1615,0
0.8903,0.8659,0.8381,3,0.0475,243.9,361.4,5.01,0.0081,0.1048,0
0.9359,0.8978,0.9063,5,0.013,33.1,183.2,8.43,0.2579,0.2032,1
0.7252,0.6169,0.7258,2,0.0417,231.3,388.2,1.21,0.0888,0.0472,0
0.8778,0.809,0.796,2,0.4035,192.1,223.0,0.94,0.1011,0.096,0
0.797,0.5712,0.7011,5,0.7687,66.2,170.7,0.96,0.2708,0.3046,1
0.8771,0.6624,0.8086,4,0.0949,53.3,165.8,2.99,0.292,0.4412,0
0.8706,0.7684,0.9644,5,0.235,72.8,242.7,1.59,0.3474,0.7259,1
0.7683,0.6913,0.863,5,0.0876,313.6,471.9,1.07,0.1996,0.1379,0
0.8519,0.7412,0.8857,2,0.2554,296.5,394.2,6.68,0.0799,0.583,0
0.8164,0.7525,0.8392,2,0.2862,96.0,237.1,4.22,0.0709,0.131,1
0.8615,0.7232,0.8829,4,0.1169,51.5,205.0,1.23,0.0673,0.3424,0
0.8497,0.8017,0.8293,4,0.289,254.1,386.9,6.51,0.1175,0.2349,0
0.7294,0.7014,0.7344,3,0.6036,264.1,314.1,4.01,0.1118,0.5154,0
0.731,0.5547,0.6268,3,0.7073,242.2,247.6,2.04,0.2105,0.0208,0
0.7557,0.7557,0.7413,1,0.0189,99.3,99.3,3.57,-0.2335,0.2688,1
0.8232,0.8091,0.8797,2,1.0,176.2,245.7,0.8,0.16,0.1732,1
0.8811,0.8308,0.8729,4,0.1124,91.3,178.5,3.13,-0.1123,0.232,0
0.85,0.7235,0.7672,4,0.2635,125.0,178.6,5.41,0.2201,0.1096,0
0.7948,0.7948,0.8039,1,0.2321,161.1,161.1,6.94,0.2294,0.9048,1
0.8867,0.8238,0.9116,2,0.1103,67.6,102.2,1.14,0.1258,0.4571,1
0.8947,0.8487,0.9472,2,0.1349,150.3,228.2,3.49,0.0571,0.1997,1
0.8622,0.7204,0.8138,3,0.144,128.9,232.6,4.2,0.0269,0.2693,0
0.9312,0.9312,0.9108,1,0.0489,32.3,32.3,1.14,-0.0133,0.4091,1
0.7641,0.7641,0.7991,1,0.0066,187.4,187.4,6.57,0.2357,0.3292,0
0.8903,0.8066,0.76,5,0.8007,97.7,175.7,8.62,-0.0937,0.4044,1
0.775,0.579,0.8228,3,0.3201,274.0,348.7,2.73,0.0239,0.1504,0
0.8867,0.6696,0.9153,4,0.0074,158.2,175.3,4.15,-0.0247,0.5506,1
0.953,0.9255,1.0,2,0.179,186.0,242.0,5.52,-0.0287,0.0471,1
0.8786,0.7703,0.8735,5,0.0498,108.3,174.3,1.96,0.1225,0.363,0
0.8626,0.8366,0.8361,2,0.0169,222.5,311.8,2.95,0.084,0.0562,1
0.8679,0.8279,0.8683,2,0.08,238.6,383.9,4.86,0.1439,0.232,1
0.8508,0.7529,0.8825,4,0.032,47.9,127.6,2.65,0.0893,0.517,1
0.7917,0.6933,0.765,4,0.0073,179.4,230.1,5.28,0.2017,0.3429,0
0.8699,0.7015,0.9316,5,0.2015,260.7,272.3,1.21,0.0967,0.3149,0
0.8781,0.7664,0.7827,4,0.1971,270.3,307.3,1.82,0.0178,0.0303,0
0.8703,0.8148,0.8738,2,0.0921,76.8,144.3,1.62,0.3382,0.0329,1
0.8137,0.6384,0.7553,3,0.2139,36.0,201.6,2.41,0.0283,0.0128,1
0.8096,0.6389,0.8999,2,0.378,57.2,116.9,4.15,-0.0133,0.1258,0
0.9252,0.9252,0.8803,1,0.2591,73.2,73.2,3.14,0.1299,0.2366,1
0.8405,0.743,0.7803,5,0.0786,91.7,195.3,3.25,0.148,0.1416,0
0.9173,0.9173,0.9836,1,0.1546,20.3,20.3,4.96,0.2496,0.6831,1
0.8288,0.6641,0.6636,5,0.8853,170.1,243.3,2.92,0.1961,0.2753,0
0.8633,0.6921,0.8097,4,0.0906,257.4,401.7,4.56,0.0082,0.1979,0
0.8429,0.842,0.8829,2,0.2114,293.7,428.2,7.34,-0.1275,0.4585,1
0.7849,0.7849,0.779,1,0.3182,283.3,283.3,4.23,0.033,0.167,1
0.8556,0.8076,0.8623,4,0.1591,108.1,147.8,0.98,0.07,0.1896,0
0.8332,0.6535,0.7886,4,0.9037,38.8,127.5,6.06,0.1096,0.6192,1
0.934,0.934,0.8935,1,0.2821,150.8,150.8,3.99,0.2653,0.5255,1
0.8348,0.8348,0.8746,1,0.0109,196.0,196.0,3.52,0.133,0.2727,0
0.8094,0.6317,0.8221,5,0.0234,46.2,173.8,2.47,-0.0413,0.6742,0
0.9121,0.8917,0.9539,2,0.2167,313.2,441.4,1.6,0.0739,0.136,0
0.8931,0.8703,0.9453,5,0.141,74.9,218.6,4.99,0.1609,0.4951,1
0.7932,0.697,0.7801,5,0.0545,193.4,238.3,2.02,0.2429,0.2968,0
0.9496,0.9463,0.8976,2,0.0718,197.1,375.3,1.65,0.0988,0.4367,1
0.7978,0.7978,0.6654,1,0.041,304.6,304.6,2.23,0.1258,0.0846,1
0.9347,0.8252,0.8269,4,0.2655,134.3,200.1,6.77,0.2127,0.4655,1
0.8003,0.6117,0.8417,5,0.3615,146.0,238.0,4.03,0.1446,0.014,0
0.8392,0.6335,0.8081,4,0.0113,256.1,370.0,2.94,-0.0246,0.1596,0
0.8331,0.6937,0.8764,5,0.0193,135.9,229.5,2.87,0.0033,0.2573,0
0.843,0.6859,0.8285,5,0.4477,252.9,286.8,4.06,0.1025,0.2069,0
0.9349,0.9349,0.9849,1,0.0026,267.5,267.5,0.61,0.2099,0.255,0
0.8172,0.7246,0.8062,4,0.0108,297.4,417.4,4.9,-0.0599,0.0938,0
0.8528,0.8345,0.863,3,0.432,287.3,348.2,2.37,0.129,0.767,0
0.877,0.8182,0.8816,5,0.0849,289.2,339.8,4.66,0.0883,0.5137,0
0.7116,0.5047,0.7466,2,0.002,155.6,319.0,4.88,0.2524,0.4068,0
0.8371,0.7335,0.7124,3,0.2451,210.3,319.2,3.85,-0.0112,0.6663,0
0.9217,0.9217,0.9346,1,0.2608,139.8,139.8,1.51,0.1969,0.0404,1
0.8897,0.8555,0.8875,4,0.4045,109.0,117.9,3.18,0.0495,0.2536,0
0.9187,0.8807,0.907,5,0.2509,89.6,114.8,2.64,0.1856,0.5922,1
0.6982,0.45,0.6738,3,0.3633,62.1,203.2,2.8,0.3773,0.1467,0
0.8855,0.7808,0.9352,5,0.1464,265.2,286.0,5.97,0.0731,0.428,0
0.9701,0.9451,0.9926,2,0.5045,262.6,395.8,2.96,-0.0074,0.9065,1
0.7724,0.6047,0.737,5,0.0867,220.8,307.0,1.92,0.1977,0.2741,0
0.8079,0.8079,0.7762,1,0.1135,93.5,93.5,4.86,0.1468,0.1522,0
0.8123,0.8123,0.7601,1,0.5118,197.2,197.2,2.53,0.3606,0.4765,1
0.609,0.609,0.698,1,0.4575,143.6,143.6,3.78,0.2882,0.1241,1
0.7813,0.5992,0.8549,5,0.0298,259.2,305.9,5.74,0.1727,0.5329,0
0.7401,0.5835,0.7318,3,0.0348,88.5,171.5,6.77,0.0716,0.5581,1
0.7573,0.632,0.7129,3,0.335,127.4,292.6,11.59,0.0434,0.8612,1
0.7513,0.6191,0.735,4,0.0108,214.0,287.1,0.94,0.1371,0.5869,0
0.8666,0.8002,0.8837,4,0.0199,144.3,224.5,1.05,0.0685,0.2289,0
0.7856,0.6562,0.8412,5,0.3136,62.5,202.4,5.29,-0.0161,0.3822,0
0.9765,0.9765,1.0,1,0.05,283.2,283.2,3.56,0.2874,0.3014,1
0.7992,0.7038,0.8254,4,0.0894,96.1,176.1,6.42,0.0489,0.7259,1
0.8351,0.668,0.7785,3,0.4094,16.0,163.3,7.15,-0.0685,0.3226,1
0.9362,0.9267,0.8769,3,0.2313,314.6,383.2,2.88,0.0589,0.4529,1
0.8584,0.79,0.8254,4,0.1014,292.2,362.2,1.12,0.083,0.3739,0
0.7053,0.7053,0.7068,1,0.0499,119.9,119.9,3.59,0.1155,0.5337,0
0.7471,0.6105,0.762,2,0.5404,250.9,259.0,4.25,0.1967,0.7311,1
0.9043,0.8697,0.8198,2,0.1252,263.1,363.1,3.97,0.2078,0.6941,1
0.8723,0.8182,0.8273,3,0.0066,78.2,177.1,6.64,0.1945,0.0577,1
0.7645,0.6052,0.7024,5,0.0293,184.4,234.8,8.26,0.2072,0.4355,0
0.8393,0.7068,0.9083,5,0.0935,75.5,115.6,4.11,0.015,0.0579,1
0.821,0.6791,0.7988,4,0.0766,297.9,412.2,9.88,0.0893,0.305,1
0.7662,0.5309,0.8669,5,0.2163,44.3,201.3,6.65,0.0857,0.1162,0
0.8944,0.8944,0.822,1,0.0238,294.4,294.4,0.52,0.2626,0.116,0
0.894,0.8063,0.8746,4,0.2828,107.9,138.0,4.25,0.0758,0.3009,1
0.9551,0.9242,0.9608,3,0.0356,86.2,144.9,2.34,0.1725,0.0585,1
0.8121,0.6409,0.7768,3,0.148,130.2,295.7,0.85,0.0014,0.5415,0
0.8139,0.7401,0.787,3,0.1595,279.3,392.3,2.07,0.0414,0.7249,0
0.8367,0.6952,0.8706,4,0.8589,281.3,341.8,0.4,0.2613,0.3764,0
0.9018,0.7866,0.9225,4,0.9722,81.0,193.2,0.47,0.3339,0.0093,1
0.7574,0.5893,0.6634,2,0.0276,144.9,213.7,2.6,0.1343,0.4638,0
0.7632,0.6713,0.609,5,0.0147,27.1,89.7,3.81,0.1448,0.0657,1
0.8564,0.8542,0.8801,2,0.1346,219.7,397.9,5.52,0.1441,0.6632,0
0.9083,0.9083,0.8488,1,0.1584,173.1,173.1,1.71,0.2341,0.4281,0
0.6643,0.6533,0.6326,2,0.1645,79.8,123.3,2.6,0.2612,0.4225,1
0.8492,0.7712,0.8682,5,0.1028,112.0,158.2,2.08,0.2555,0.5959,1
0.9631,0.9481,0.9204,2,0.0049,272.9,337.5,2.52,-0.004,0.2351,0
0.8124,0.8124,0.817,1,0.7895,224.0,224.0,0.61,0.1613,0.0374,1
0.9609,0.939,1.0,2,0.4893,296.6,342.1,6.87,0.1884,0.6522,1
0.8279,0.7162,0.9133,2,0.0423,183.5,208.6,3.97,-0.0098,0.0907,0
0.9339,0.8424,0.9745,4,0.1309,35.8,148.6,2.54,-0.0695,0.3027,1
0.797,0.6369,0.6848,4,0.0429,310.7,337.1,3.33,0.0346,0.2896,0
0.9052,0.7173,0.9611,5,0.0682,272.5,429.0,3.42,0.3116,0.3234,0
0.8237,0.649,0.8436,3,0.1187,79.0,145.0,2.49,0.0958,0.1044,1
0.787,0.5877,0.7849,4,0.4233,252.6,423.7,1.63,0.1912,0.1089,0
0.9132,0.834,0.8839,4,0.1379,226.0,360.9,1.63,0.1167,0.4219,1
0.8289,0.8289,0.8032,1,0.1755,79.0,79.0,0.75,0.3476,0.2295,1
0.8464,0.6373,0.8752,5,0.0625,261.4,338.3,6.05,0.1346,0.3042,0
0.8505,0.7296,0.8288,2,0.0821,156.5,295.7,1.71,0.0916,0.2479,0
0.9404,0.9271,0.9167,3,0.1997,183.5,225.4,2.88,0.0454,0.1073,1
0.7484,0.7484,0.7339,1,0.0858,81.3,81.3,3.04,-0.0018,0.0204,0
0.8943,0.8943,0.7857,1,0.1119,168.0,168.0,14.0,-0.1358,0.0741,1
0.7815,0.5945,0.8305,4,0.0216,103.6,107.7,7.26,0.1269,0.4425,0
0.8472,0.8352,0.8287,3,0.1186,54.7,188.2,6.86,0.3142,0.1657,1
0.8359,0.7402,0.9437,5,0.3243,242.8,281.5,3.35,0.0827,0.5545,0
0.9066,0.8112,1.0,4,0.0564,220.2,224.4,7.33,-0.0031,0.6586,1
0.8432,0.7921,0.8198,3,0.1027,16.3,176.3,2.04,-0.0274,0.2216,0
0.9449,0.9449,1.0,1,0.2181,291.9,291.9,1.37,0.2697,0.1908,1
0.7675,0.5605,0.7781,5,0.2821,78.4,254.9,1.93,0.1283,0.2582,0
0.8995,0.8784,0.9219,2,0.1373,282.9,327.2,1.4,0.0002,0.3749,1
0.8508,0.8508,0.8504,1,0.2925,162.8,162.8,2.7,0.0683,0.8526,1
0.84,0.7988,0.8691,2,1.0,135.7,197.7,1.13,-0.2009,0.3721,1
0.7553,0.45,0.7731,5,0.0412,40.3,189.3,3.13,0.034,0.2884,0
0.9024,0.7765,0.95,5,0.573,118.7,224.3,1.87,-0.0887,0.7783,0
0.836,0.7296,0.8369,5,0.0208,33.9,176.4,0.25,0.0381,0.4034,1
0.753,0.753,0.7695,1,0.2372,198.9,198.9,2.8,0.2785,0.847,0
0.8894,0.855,0.847,4,0.5732,199.7,362.9,6.05,0.0582,0.1378,1
0.8557,0.7171,0.9508,3,0.1013,136.1,165.3,4.11,0.123,0.2853,1
0.8831,0.7643,0.7622,4,0.271,189.6,356.2,10.55,0.2173,0.086,0
0.8722,0.7379,0.8942,5,0.0341,135.6,221.4,3.13,0.3199,0.8209,1
0.8358,0.65,0.7693,4,0.009,256.5,292.4,3.31,0.1197,0.0946,0
0.8761,0.7528,0.9031,4,0.4556,264.7,437.5,4.64,0.035,0.03,1
0.7982,0.7876,0.6914,2,0.0038,290.3,446.9,3.46,0.2813,0.2179,1
0.8518,0.8007,0.8401,2,0.2584,141.3,182.2,4.17,0.152,0.7262,1
0.6178,0.4599,0.5844,2,0.0404,25.4,31.8,0.57,-0.0177,0.4602,0
0.7853,0.6464,0.815,2,0.1375,181.0,183.6,0.45,0.1195,0.0387,0
0.8838,0.8187,0.9242,2,0.1745,297.8,446.9,1.87,0.0414,0.4423,1
0.8279,0.7304,0.8205,5,0.0569,105.6,171.4,10.02,0.2368,0.7723,1
0.8183,0.685,0.6793,5,0.1127,172.1,334.0,1.94,0.2491,0.219,0
0.7879,0.681,0.6967,4,0.1543,306.4,383.2,5.42,0.218,0.8326,0
0.9255,0.8255,0.9466,4,0.0211,122.4,193.9,1.22,0.0562,0.6331,1
0.7539,0.5226,0.787,5,0.004,17.0,170.0,0.49,0.0875,0.2719,0
0.8451,0.7916,0.8878,4,0.077,47.0,220.3,3.53,-0.066,0.2215,0
0.8622,0.8622,0.815,1,0.0257,56.8,56.8,8.85,0.2597,0.3175,1
0.7379,0.4894,0.7358,5,0.2908,189.6,228.0,8.6,0.1965,0.2542,0
0.8006,0.8006,0.7451,1,0.1761,66.5,66.5,4.2,0.1281,0.4651,1
0.8999,0.8107,0.8072,3,0.1487,217.2,325.6,2.1,0.0081,0.5234,0
0.8188,0.7221,0.74,3,0.3761,83.6,185.5,4.79,0.0618,0.0485,0
0.8963,0.884,0.8823,2,0.0666,33.0,194.3,2.87,-0.0464,0.3915,1
0.8709,0.7593,0.8592,5,0.0972,293.7,461.4,1.8,0.0896,0.2336,1
0.8311,0.6592,0.8451,5,0.2884,156.3,199.9,1.83,0.0533,0.4802,0
0.7458,0.677,0.8004,4,0.2317,142.9,266.8,1.07,0.0803,0.2126,0
0.8507,0.7301,0.8981,2,0.0106,38.8,153.6,1.99,0.0355,0.66,0
0.7854,0.7854,0.6301,1,0.1032,37.5,37.5,4.49,0.1953,0.4688,1
0.8193,0.6856,0.7092,4,0.2385,301.6,341.8,0.4,0.0485,0.2623,0
0.8733,0.715,0.7346,5,0.2857,156.0,225.0,3.13,0.2421,0.0051,0
0.8609,0.7135,0.8851,4,0.5242,168.3,242.8,4.72,0.0484,0.4186,1
0.8769,0.8769,0.9533,1,0.0418,135.0,135.0,1.94,0.3375,0.0667,1
0.8633,0.842,0.8605,2,0.0385,63.8,219.8,4.38,-0.0109,0.6602,1
0.7865,0.6339,0.6546,5,0.0604,50.8,76.9,2.68,0.0784,0.6216,0
0.7625,0.5721,0.723,3,0.2763,190.2,209.2,2.22,0.3,0.4225,0
0.8312,0.7743,0.8456,3,0.1603,223.3,260.9,5.93,0.3009,0.4142,1
0.7913,0.45,0.8072,5,0.0411,101.8,258.3,2.0,0.1102,0.4705,0
0.7544,0.7544,0.7778,1,0.0485,241.8,241.8,10.34,0.1648,0.0252,1
0.8955,0.7691,0.8393,3,0.2006,294.5,470.2,7.49,0.0231,0.2479,1
0.8625,0.7805,0.9468,5,0.1262,17.5,43.8,7.22,0.1152,0.1124,1
0.9049,0.8054,0.9249,3,0.177,126.6,205.9,4.39,0.3174,0.2764,1
0.8807,0.8588,0.8844,3,0.4163,39.1,78.2,7.49,0.1237,0.1502,1
0.8208,0.6083,0.7094,5,0.1303,75.2,228.3,1.88,0.2158,0.3988,0
0.9275,0.8811,0.907,3,0.0108,297.2,362.5,2.05,0.1701,0.0705,0
0.7819,0.6012,0.7147,3,0.2464,112.7,186.2,2.5,0.2214,0.6101,0
0.7788,0.5609,0.6752,4,0.1247,112.9,191.2,0.56,0.0645,0.2936,0
0.8552,0.7467,0.8612,3,0.2791,237.6,412.6,5.54,0.1843,0.3591,0
0.8784,0.7238,0.8824,4,0.0215,149.0,210.4,2.25,0.2644,0.6923,0
0.7209,0.577,0.7153,2,0.1281,159.9,209.9,1.01,-0.0184,0.3681,0
0.8925,0.8925,0.8798,1,0.2617,78.4,78.4,1.28,0.1842,0.2349,1
0.7316,0.7316,0.7282,1,0.0394,249.7,249.7,4.63,0.0929,0.0605,1
0.8411,0.7525,0.8041,3,0.1744,106.4,214.0,4.61,0.2203,0.6858,1
0.8046,0.8046,0.8105,1,0.0066,233.7,233.7,1.9,0.2223,0.2912,1
0.8875,0.8572,0.8468,3,0.3871,102.3,113.0,6.43,0.4016,0.3452,0
0.9417,0.9162,0.9096,4,0.2485,270.2,281.0,3.87,0.3815,0.3912,0
0.7295,0.6877,0.6811,3,0.2587,274.0,385.3,2.08,0.0904,0.1114,0
0.9542,0.9542,0.8867,1,0.0555,309.9,309.9,4.1,0.1609,0.5428,1
0.7527,0.7527,0.8656,1,0.0209,217.0,217.0,2.77,0.2674,0.0973,0
0.8789,0.7131,0.9305,4,0.1211,124.4,162.8,4.05,0.1371,0.1822,1
0.9122,0.8549,0.9537,2,0.0775,176.5,324.3,3.27,0.0463,0.2614,1
0.8441,0.7884,0.8245,4,0.0256,16.0,129.8,0.75,0.0328,0.7078,0
0.9333,0.9333,1.0,1,0.0537,290.7,290.7,3.27,0.4277,0.2981,1
0.8776,0.8183,0.9634,5,0.0549,90.4,253.8,1.41,0.2545,0.7736,0
0.7144,0.491,0.6946,2,0.013,258.6,428.8,2.74,0.0504,0.2249,0
0.7723,0.5844,0.8074,3,0.1347,26.9,181.0,0.56,0.1926,0.1581,0
0.9844,0.9844,1.0,1,0.0598,258.0,258.0,8.18,0.2677,0.1007,1
0.8247,0.7428,0.8701,5,0.0908,145.2,276.2,3.45,-0.0275,0.1954,0
0.9176,0.9176,0.9711,1,0.068,143.8,143.8,1.26,0.132,0.1608,0
0.9084,0.8478,0.9215,3,0.0425,152.1,190.2,1.07,-0.0177,0.0759,1
0.8269,0.7267,0.7983,3,0.6343,123.0,217.5,5.33,0.2171,0.5086,0
0.8134,0.6911,0.7926,4,0.3361,135.4,258.9,1.36,0.1343,0.1349,0
0.792,0.6272,0.8308,3,0.0351,297.0,391.9,4.51,0.2186,0.722,0
0.8068,0.6192,0.7805,5,0.1547,187.5,213.6,4.09,0.1418,0.2439,0
0.8341,0.733,0.8104,4,0.0147,53.9,200.4,2.92,0.1678,0.2921,0
0.8365,0.6897,0.8494,5,0.2621,93.5,184.8,0.53,0.3285,0.9884,0
0.8083,0.6771,0.8214,4,0.0303,286.0,390.1,4.91,-0.0846,0.159,0
0.7922,0.7101,0.8051,4,0.1997,273.6,433.4,2.25,0.1385,0.0461,0
0.8136,0.8136,0.8074,1,0.0465,209.4,209.4,3.05,0.3476,0.1361,1
0.9928,0.9928,0.9379,1,0.5202,246.6,246.6,8.85,0.1295,0.342,1
0.84,0.7208,0.8045,4,0.2707,124.9,152.9,6.03,-0.0006,0.5517,0
0.9239,0.8822,0.926,2,0.2949,115.2,281.3,0.96,0.1323,0.1833,1
0.9255,0.8927,1.0,4,0.0386,123.7,151.1,2.82,0.0811,0.5705,1
0.922,0.922,1.0,1,0.26,101.8,101.8,0.95,0.2386,0.2267,1
0.8158,0.6836,0.8612,4,0.0711,248.9,361.6,3.3,0.1614,0.1409,0
0.7872,0.7183,0.7556,2,0.0302,240.7,319.2,0.48,-0.0045,0.7898,0
0.9146,0.7908,0.9049,4,0.0442,145.1,281.6,5.26,0.0568,0.6537,0
0.8378,0.7735,0.8139,2,0.0639,154.0,159.3,3.61,0.0635,0.469,0
0.9216,0.9121,0.9172,2,0.0565,85.4,192.5,1.24,0.1611,0.074,0
0.8633,0.7452,0.7719,4,0.0567,232.5,329.1,4.36,0.2247,0.3489,0
0.8551,0.5714,0.8259,5,0.0577,142.5,213.3,3.07,0.1802,0.1455,0
0.8108,0.6998,0.9266,4,0.0734,277.1,395.9,3.2,0.1694,0.221,0
0.8562,0.6216,0.8728,5,0.0025,307.0,470.3,7.44,0.0253,0.1189,0
0.8066,0.8015,0.7502,2,0.0403,101.9,196.7,2.57,-0.0632,0.6691,1
0.941,0.941,1.0,1,0.0697,194.1,194.1,7.89,0.0785,0.4924,1
0.8863,0.853,0.8898,5,0.0809,154.3,237.6,1.51,0.0523,0.4304,1
0.8005,0.8005,0.7443,1,0.3084,257.7,257.7,2.89,0.1548,0.6421,0
0.7576,0.7176,0.7585,2,0.478,303.6,459.8,4.38,0.2488,0.0555,0
0.7511,0.5288,0.6955,3,0.1918,245.5,417.0,0.61,-0.0105,0.0656,0
0.867,0.6409,0.8273,4,0.083,104.4,104.7,1.6,0.1994,0.0695,0
0.9106,0.8953,0.9845,2,0.1729,173.4,263.3,2.72,0.1761,0.5029,0
0.9158,0.8824,0.8363,3,0.2595,295.6,400.2,2.82,0.0361,0.0499,1
0.8556,0.7954,0.8864,5,0.3668,140.0,240.4,2.63,0.0803,0.5596,0
0.9336,0.9336,0.9502,1,0.3626,38.1,38.1,0.92,0.038,0.2021,0
0.7791,0.7791,0.7653,1,0.1768,231.9,231.9,9.08,0.012,0.0031,1
0.63,0.63,0.6652,1,0.3038,306.2,306.2,2.91,0.1641,0.4252,0
0.9015,0.8538,0.9056,4,0.5442,83.7,254.7,1.38,0.0918,0.1922,0
0.8464,0.8464,0.7916,1,0.0008,207.2,207.2,1.59,0.1042,0.3593,1
0.7921,0.5479,0.8422,3,0.3192,203.7,213.1,1.84,0.2691,0.436,0
0.801,0.5393,0.8101,5,0.5175,283.7,331.4,3.32,0.0178,0.0697,0
0.6779,0.6401,0.7229,3,0.4781,131.1,208.5,3.1,0.2301,0.2867,0
0.8562,0.7525,1.0,5,0.2043,29.4,73.4,2.61,-0.0839,0.5556,0
0.818,0.7891,0.8592,2,0.0671,15.2,21.2,2.72,-0.0303,0.7542,1
0.8596,0.8596,0.8523,1,0.2599,62.7,62.7,0.94,-0.0127,0.3319,1
0.8393,0.73,0.8307,5,0.0646,134.7,219.9,6.61,0.0175,0.4094,0
0.8108,0.7521,0.8165,2,0.2998,243.9,336.6,3.77,-0.116,0.8675,1
0.7573,0.5228,0.7389,4,0.0092,213.2,306.3,3.3,-0.0827,0.3833,0
0.8234,0.8201,0.9323,2,0.0524,85.9,213.2,5.52,0.0225,0.0951,1
0.8676,0.8162,0.8985,4,0.044,82.3,90.8,1.11,0.1468,0.2273,1
0.9149,0.9034,0.9362,3,0.2214,209.8,334.0,5.44,-0.1299,0.0274,1
0.7561,0.6108,0.6834,5,0.2971,68.2,161.6,5.94,0.1512,0.1619,0
0.8509,0.8509,0.9095,1,0.127,298.3,298.3,2.49,0.0477,0.0256,0
0.9087,0.8556,0.8819,5,0.0993,263.3,379.1,5.75,0.1747,0.0722,1
0.8118,0.7936,0.796,2,0.3407,289.0,329.8,2.33,0.0727,0.4753,1
0.8112,0.6743,0.8763,3,0.3612,237.7,295.0,1.44,0.0594,0.327,0
0.8458,0.7916,0.7451,5,0.0928,69.2,184.4,5.26,0.2226,0.0244,1
0.8413,0.7523,0.8914,2,0.0206,198.3,292.0,1.43,0.3288,0.3539,1
0.5642,0.5642,0.5613,1,0.3167,113.7,113.7,1.46,0.1912,0.5457,0
0.8291,0.6942,0.8839,4,0.0025,277.0,332.5,1.63,0.0997,0.223,0
0.869,0.7694,0.9072,2,0.0715,82.3,164.9,1.18,0.229,0.4675,1
0.9157,0.8196,0.9609,3,0.6957,260.4,376.5,4.33,0.1321,0.1678,1
0.7909,0.6257,0.7426,2,0.1024,113.9,268.7,6.25,0.2288,0.2977,0
0.8375,0.769,0.7993,2,0.1843,51.1,99.2,0.86,0.3256,0.3267,0
0.932,0.932,0.8337,1,0.083,314.1,314.1,1.48,-0.1374,0.2899,0
0.7044,0.6363,0.6727,3,0.0206,212.6,272.0,4.98,-0.086,0.2802,0
0.7794,0.6284,0.7733,5,0.2069,45.5,172.0,6.94,0.0683,0.6311,0
0.8236,0.6887,0.8087,3,0.1629,305.4,439.7,3.66,0.187,0.3434,0
0.85,0.8015,0.7173,4,0.0335,222.5,363.8,2.95,0.0691,0.648,0
0.7552,0.6353,0.8216,3,0.2143,101.0,136.5,2.36,0.1462,0.0895,0
0.8982,0.8982,0.8823,1,0.0212,41.3,41.3,4.32,0.0976,0.4737,1
0.8087,0.7214,0.7825,4,0.122,299.0,343.4,4.04,0.0892,0.0322,0
0.8767,0.7299,0.9158,5,0.2297,90.6,127.6,2.12,0.0209,0.1392,0
0.8378,0.7307,0.7921,3,0.3239,135.2,290.2,4.66,0.2245,0.5722,0
0.8562,0.7439,0.8646,3,0.0548,234.1,297.2,2.13,0.4633,0.557,1
0.7891,0.5957,0.7951,5,0.1851,233.7,253.5,6.12,0.3641,0.3857,0
0.6093,0.5933,0.6026,2,0.0874,100.3,147.1,2.12,0.0612,0.6252,0
0.8621,0.7328,0.8957,2,0.0032,23.0,191.4,3.18,0.049,0.0863,1
0.821,0.7818,0.8375,3,0.1027,221.3,317.4,0.79,0.1318,0.2712,0
0.8038,0.7319,0.7617,2,0.0118,262.4,286.4,3.01,-0.0033,0.5963,0
0.7171,0.7171,0.8438,1,0.3766,290.5,290.5,3.23,0.3761,0.0422,1
0.8169,0.7033,0.8409,3,0.5439,149.9,150.8,4.65,0.2798,0.7973,1
0.81,0.728,0.7882,5,0.04,101.3,237.4,3.53,0.1926,0.1753,0
0.9275,0.7925,1.0,3,0.0991,41.7,196.2,1.33,0.2003,0.2231,1
0.7938,0.7938,0.757,1,0.1284,40.3,40.3,6.0,0.085,0.2499,1
0.938,0.938,0.9103,1,0.0703,64.8,64.8,3.38,0.0456,0.0752,1
0.8408,0.6661,0.8602,5,0.0305,236.4,381.9,1.58,0.2437,0.1692,1
0.8574,0.7845,0.8093,4,0.0067,71.8,186.5,2.78,0.118,0.2916,1
0.7687,0.6613,0.8257,5,0.1396,196.9,282.5,3.79,0.089,0.5797,0
0.8169,0.6638,0.8878,2,0.557,58.4,203.8,3.21,0.3487,0.8196,1
0.8577,0.7855,0.8479,5,0.0773,17.4,132.5,1.48,0.1654,0.2273,0
0.8446,0.8139,0.7823,4,0.0865,65.3,135.3,3.13,-0.0863,0.1656,0
0.8573,0.795,0.9123,2,0.4319,257.9,324.6,3.31,-0.0092,0.8608,0
0.8438,0.7102,0.955,4,0.042,265.3,441.0,0.98,0.1411,0.274,0
0.8552,0.8001,0.87,4,0.0678,78.2,215.3,5.41,0.2572,0.341,1
0.8734,0.8002,0.7774,4,0.0138,273.2,345.0,0.73,0.1419,0.1005,0
0.8476,0.7788,0.7929,3,0.1482,284.4,317.9,1.65,0.0779,0.3545,0
0.9007,0.8459,1.0,2,0.142,114.1,237.0,1.25,0.0248,0.385,1
0.8674,0.7457,0.8476,3,0.0284,39.1,82.6,4.11,0.3096,0.0029,1
0.8679,0.7503,0.8403,4,0.1383,141.8,285.4,4.2,-0.0004,0.868,0
0.8876,0.8743,1.0,2,0.0396,165.7,321.0,4.97,0.1111,0.1366,1
0.8111,0.7723,0.7868,4,0.1357,231.2,408.7,0.37,0.0342,0.1035,0
0.8759,0.8759,0.8656,1,0.0702,53.9,53.9,1.46,0.0399,0.5819,1
0.7378,0.6073,0.8063,3,0.002,226.0,265.5,1.55,0.2778,0.44,0
0.8616,0.8616,0.8012,1,0.2204,202.5,202.5,0.71,0.1418,0.0543,1
0.8903,0.8773,0.7985,2,0.1129,295.6,313.1,1.37,0.1335,0.1616,0
0.7452,0.5917,0.7361,3,0.0411,255.9,421.4,1.1,0.1169,0.2364,0
0.8382,0.7011,0.7348,5,0.2982,95.6,201.8,5.2,0.298,0.2622,1
0.9299,0.9299,0.9391,1,0.0576,302.0,302.0,1.85,0.1294,0.196,0
0.7742,0.539,0.8191,5,0.0823,293.8,355.4,3.45,0.1763,0.0327,0
0.7539,0.6521,0.8154,3,0.0715,38.8,91.8,3.88,0.0749,0.7717,0
0.8172,0.8172,0.7993,1,0.0452,124.3,124.3,4.84,0.3584,0.1914,1
0.7717,0.7717,0.6776,1,0.0679,114.6,114.6,0.39,0.0084,0.2272,0
0.7557,0.7187,0.8064,2,0.0703,218.3,289.8,1.44,0.2939,0.3083,1
0.8395,0.7485,0.8626,2,0.0559,67.4,95.1,9.44,0.0801,0.4117,1
0.8013,0.6993,0.8363,5,0.3241,187.8,233.2,8.31,0.0575,0.0265,0
0.8802,0.7831,0.8218,3,0.0879,72.9,80.8,1.48,0.0437,0.3641,0
0.8112,0.45,0.8112,5,0.3464,105.8,139.1,4.12,0.207,0.3007,0
0.8739,0.8739,0.8224,1,0.0033,25.7,25.7,6.76,0.2203,0.4682,1
0.8701,0.8294,0.8237,4,0.0246,52.7,141.8,11.69,0.1204,0.504,1
0.8886,0.7901,0.9276,5,0.4895,70.8,221.6,6.25,-0.1052,0.1551,0
0.8038,0.7235,0.7566,2,0.3598,207.7,287.1,2.91,0.111,0.7834,0
0.9397,0.9324,0.8595,2,0.0226,20.8,59.9,1.83,0.2183,0.2209,1
0.8043,0.7061,0.6984,5,0.3688,278.0,389.5,10.18,0.1224,0.1245,0
0.9928,0.9928,1.0,1,0.0148,146.1,146.1,0.33,0.185,0.4658,1
0.8368,0.826,0.8106,2,0.0206,102.4,277.1,1.17,0.1944,0.622,0
0.9195,0.9195,0.919,1,0.0067,219.5,219.5,0.74,0.0586,0.2379,0
0.7249,0.6959,0.6487,2,0.0624,154.2,161.9,3.02,0.2001,0.2047,1
0.905,0.8268,0.8727,2,0.1495,184.5,302.2,3.55,0.0457,0.6272,1
0.7806,0.7528,0.8899,2,0.092,276.7,386.8,1.33,0.1024,0.1372,0
0.8154,0.7016,0.8037,5,0.2613,148.6,296.4,4.22,-0.1268,0.1704,1
0.8416,0.7836,0.8253,3,0.0143,151.4,243.6,2.43,0.2442,0.4608,0
0.96,0.96,0.799,1,0.2917,32.3,32.3,0.93,-0.042,0.3516,1
0.9016,0.8051,0.9175,5,0.1946,307.7,478.4,2.77,0.0843,0.1627,0
0.8332,0.6953,0.8467,3,0.224,63.1,177.0,1.71,0.0484,0.1087,0
0.8806,0.8696,0.8978,2,0.5725,261.4,308.6,1.12,0.054,0.0334,0
0.6903,0.6055,0.7546,3,0.3416,296.9,433.2,2.74,0.104,0.0565,0
0.8672,0.7909,0.8004,5,0.2962,263.4,293.4,6.5,-0.0265,0.7223,0
0.8971,0.7913,0.8955,5,0.2968,81.3,220.1,2.19,0.1814,0.0546,0
0.7118,0.7118,0.6304,1,0.3422,59.7,59.7,3.83,0.2698,0.2217,1
0.8983,0.8482,0.9016,3,0.6282,127.1,238.4,2.42,0.2476,0.0421,1
0.7421,0.6151,0.6937,2,0.5189,27.5,107.7,0.65,0.0933,0.2216,0
0.7824,0.5685,0.7557,4,0.1179,135.6,148.5,2.39,0.071,0.5832,0
0.8561,0.7296,0.8452,4,0.3576,201.9,308.8,1.41,0.1922,0.6957,1
0.9163,0.8393,0.885,2,0.1645,107.3,110.7,10.03,0.0259,0.3682,1
0.7272,0.5385,0.6319,3,0.0278,226.1,328.3,5.35,-0.0177,0.5613,1
0.8595,0.8595,0.836,1,0.3823,25.7,25.7,1.94,0.1074,0.0378,1
0.7283,0.5391,0.763,2,0.3494,121.0,289.8,2.6,0.3168,0.3909,1
0.852,0.783,0.8415,4,0.3671,238.9,381.7,2.92,0.1253,0.6856,1
0.7496,0.7496,0.7502,1,0.1032,125.0,125.0,7.57,0.15,0.4075,0
0.9324,0.9324,1.0,1,0.1986,60.8,60.8,2.95,0.1941,0.7119,1
0.995,0.995,0.9064,1,0.1617,87.4,87.4,1.33,-0.0061,0.1749,1
0.7474,0.6435,0.639,4,0.4181,90.7,244.7,1.82,0.145,0.4589,0
0.8979,0.8979,0.8803,1,0.3228,276.8,276.8,2.66,0.3158,0.4102,1
0.8913,0.8913,0.9657,1,0.0043,180.7,180.7,8.2,0.0303,0.0735,1
0.8355,0.4946,0.821,5,0.2166,143.7,236.9,2.49,0.1841,0.1488,0
0.8627,0.7044,0.8387,4,0.0348,122.3,220.3,3.05,0.1759,0.3892,1
0.8895,0.696,0.9426,4,0.1623,142.5,297.7,4.12,-0.0767,0.3003,1
0.8259,0.8259,0.845,1,0.1142,75.1,75.1,6.56,-0.1042,0.0594,1
0.8498,0.7155,0.7866,3,0.0307,292.3,340.9,1.07,0.154,0.5806,0
0.8509,0.8124,0.8211,2,0.5501,248.3,328.4,3.04,0.1557,0.401,1
0.9132,0.8941,0.9119,3,0.0067,70.5,131.2,0.7,-0.0589,0.8599,0
0.9263,0.9263,0.9321,1,0.0002,56.0,56.0,1.8,0.0132,0.6417,1
0.8962,0.7475,0.8426,3,0.0276,24.6,140.3,2.55,0.5,0.1056,1
0.7682,0.6196,0.6987,3,0.08,147.9,300.6,0.62,0.206,0.0667,0
0.8993,0.8586,1.0,4,0.1889,71.1,212.8,1.35,0.1283,0.5484,1
0.8187,0.6786,0.7434,3,0.0101,264.6,443.4,4.24,0.168,0.3819,0
0.8697,0.7784,0.8682,5,0.0259,148.9,285.0,0.61,0.0566,0.6922,1
0.8428,0.7386,0.9326,2,0.0584,43.8,130.3,3.81,0.014,0.3287,0
0.8423,0.7516,0.862,4,0.27,276.6,389.9,0.65,0.0697,0.4194,0
0.8227,0.7372,0.7188,3,0.0404,84.0,125.2,2.42,0.3717,0.1048,1
0.8607,0.7944,0.9163,4,0.2915,45.8,133.1,7.17,0.0866,0.6555,1
0.7139,0.5898,0.662,4,0.4233,49.3,68.7,2.82,0.1184,0.4185,0
0.7798,0.6128,0.7048,5,0.4269,214.5,314.3,2.83,-0.1656,0.0687,0
0.7292,0.7292,0.7158,1,0.1312,141.6,141.6,4.15,-0.0231,0.6247,1
0.8787,0.8082,0.9696,4,0.0714,176.0,227.8,1.9,0.0821,0.7849,0
0.9492,0.8893,0.9568,3,0.1585,298.4,473.6,10.57,-0.0184,0.4894,1
0.6547,0.6547,0.6793,1,0.4321,138.1,138.1,1.5,0.1589,0.6286,0
0.8158,0.7571,0.7848,4,0.1608,260.2,265.9,1.98,0.4703,0.1178,0
0.8202,0.7843,0.8136,3,0.0817,221.3,322.2,8.17,0.0984,0.2795,0
0.7553,0.5993,0.8273,4,0.0748,61.8,98.0,1.38,-0.0741,0.4621,0
0.9305,0.8961,0.999,2,0.0917,291.9,371.7,2.49,0.1736,0.4168,0
0.8876,0.8461,0.7532,4,0.0749,308.6,317.2,0.07,0.0835,0.2275,0
0.8176,0.6365,0.839,3,0.0877,289.5,369.4,14.0,-0.1047,0.6182,0
0.8313,0.7053,0.8112,3,0.1217,66.1,193.3,5.17,0.1976,0.579,0
0.7848,0.7848,0.7335,1,0.1247,139.1,139.1,2.07,0.2657,0.126,0
0.7902,0.6369,0.7184,5,0.2005,115.0,244.9,4.9,-0.1128,0.5578,0
0.8557,0.8221,0.6886,4,0.0868,154.2,210.4,1.76,0.145,0.8054,1
0.9734,0.9734,1.0,1,0.2321,306.1,306.1,1.7,0.392,0.5831,1
0.6954,0.6954,0.6132,1,0.0249,165.6,165.6,3.3,0.2021,0.5069,1
0.89,0.7519,0.9328,4,0.4579,156.9,178.3,4.38,0.118,0.3878,1
0.9374,0.9173,1.0,2,0.0806,195.5,224.9,1.41,0.0283,0.0372,1
0.9845,0.9845,0.9909,1,0.7188,21.7,21.7,6.99,0.1251,0.1142,1
0.7327,0.7327,0.6804,1,0.0786,79.6,79.6,4.37,0.3486,0.4474,0
0.8967,0.825,0.9468,5,0.4951,145.3,209.6,1.64,0.2561,0.2322,1
0.6236,0.6236,0.6501,1,0.2413,23.9,23.9,3.92,0.0455,0.5848,0
0.8476,0.7187,0.808,5,0.5277,295.2,304.3,4.08,0.2599,0.0699,1
0.9247,0.8807,1.0,3,0.0034,190.9,218.2,0.81,0.234,0.2049,0
0.8791,0.8083,0.8069,3,0.0773,166.0,167.5,9.24,0.2902,0.4913,1
0.8703,0.7518,0.8519,5,0.1932,252.0,384.4,3.12,0.0106,0.0809,0
0.8814,0.822,0.9364,3,0.0144,258.4,274.5,1.64,0.053,0.7874,0
0.8686,0.7149,0.9147,5,0.3872,185.4,339.6,0.53,0.1629,0.2361,1
0.8673,0.7273,0.9268,4,0.0482,293.7,419.0,3.46,0.0106,0.3761,0
0.8925,0.7904,0.8322,5,0.0114,277.1,360.9,6.35,0.1799,0.0826,0
0.5354,0.5354,0.5986,1,0.1406,130.0,130.0,5.23,-0.0561,0.3661,1
0.8545,0.7588,0.7519,4,0.2008,69.9,220.6,0.98,-0.0283,0.4374,0
0.7343,0.6935,0.6819,2,0.405,224.3,296.3,4.85,0.104,0.3464,1
0.7519,0.5399,0.7704,5,0.2594,227.9,329.3,2.63,-0.0345,0.0509,0
0.8702,0.7539,0.8261,2,0.0176,244.3,352.3,4.45,-0.0194,0.0874,1
0.7371,0.5253,0.8396,5,0.127,215.8,394.1,4.78,0.0964,0.351,0
0.8496,0.7424,0.9476,2,0.4458,123.1,216.9,3.05,0.3036,0.2449,1
0.9255,0.9255,0.973,1,0.1414,271.3,271.3,0.76,0.2247,0.319,0
0.9032,0.9032,0.9652,1,0.0631,120.9,120.9,7.61,0.1203,0.7502,1
0.6567,0.6567,0.708,1,0.0954,184.2,184.2,5.0,0.2581,0.2856,0
0.7805,0.7805,0.7939,1,0.1151,65.9,65.9,1.79,0.3227,0.8805,1
0.8037,0.7281,0.7476,5,0.0601,265.0,346.3,4.05,0.2468,0.5623,0
0.6921,0.5449,0.6895,3,0.1464,236.2,311.6,2.88,0.225,0.5909,0
0.8504,0.5192,0.7598,5,0.2445,64.3,196.1,3.43,0.0273,0.0921,0
0.8922,0.8368,0.8153,3,0.0855,277.8,294.8,2.7,-0.0145,0.2075,1
0.8503,0.8403,0.8774,2,0.0054,310.0,432.3,3.73,-0.0686,0.2535,0
0.86,0.86,0.8627,1,0.0935,38.4,38.4,6.15,0.0036,0.2334,1
0.8707,0.6851,0.895,3,0.1682,306.7,423.2,5.16,-0.0768,0.4289,1
0.8496,0.7377,0.8661,4,0.1402,240.4,330.7,10.58,0.0567,0.4188,1
0.7595,0.5479,0.8333,5,0.0566,68.5,220.2,8.1,0.0817,0.3623,0
0.8439,0.7809,0.8695,5,0.2514,191.5,366.5,1.82,0.1538,0.4388,0
0.7717,0.7275,0.7668,2,0.0568,239.4,279.3,6.17,0.1113,0.4901,1
0.8125,0.6889,0.7781,4,0.0488,187.4,228.8,1.1,-0.193,0.0323,0
0.8845,0.7862,0.7259,2,0.0003,97.2,219.6,3.63,0.1203,0.6677,1
0.8595,0.8112,0.9004,3,0.4065,155.4,259.1,2.21,0.0357,0.4464,1
0.8979,0.8571,0.8164,2,0.3116,49.1,200.3,4.31,0.2003,0.2657,1
0.706,0.706,0.6026,1,0.1216,32.1,32.1,1.99,0.0085,0.6753,1
0.9234,0.9234,0.9064,1,0.323,178.5,178.5,1.79,0.1473,0.1703,0
0.8543,0.7397,0.8993,5,0.3965,173.8,288.2,3.41,0.0463,0.2558,1
0.5826,0.4763,0.6178,4,0.0653,42.1,118.2,1.61,0.0705,0.1575,0
0.93,0.9059,0.8485,3,0.1696,246.6,326.5,4.76,0.1268,0.3625,1
0.858,0.7474,0.8969,5,0.0447,295.4,453.5,4.58,0.2346,0.519,0
0.8955,0.7469,0.8558,4,0.4976,162.3,169.6,6.3,-0.0362,0.5385,1
0.8533,0.747,0.9564,2,0.1525,203.9,241.7,6.68,0.1476,0.569,0
0.8736,0.8736,0.8655,1,0.1878,70.3,70.3,2.49,0.0605,0.2254,0
0.7327,0.5261,0.7416,3,0.0129,278.7,416.9,1.51,0.1273,0.2444,0
0.8738,0.7704,0.8508,5,0.0692,30.9,48.3,10.24,0.0912,0.3223,1
0.7772,0.6384,0.6893,4,0.1029,182.6,227.6,4.07,0.2479,0.2832,0
0.9541,0.9541,1.0,1,0.3759,179.5,179.5,6.06,0.0532,0.4662,1
0.9152,0.8485,0.9226,5,0.1257,224.7,327.5,1.48,0.3461,0.1156,0
0.7143,0.7143,0.7011,1,0.0058,153.2,153.2,3.9,0.1692,0.0292,0
0.83,0.7348,0.8185,4,0.0428,30.1,205.6,4.57,0.2395,0.0807,0
0.8795,0.8154,0.9186,2,0.2283,313.9,329.6,8.07,0.0003,0.7886,1
0.8904,0.725,0.8141,3,0.0048,207.0,327.3,1.62,0.044,0.0845,0
0.6776,0.6426,0.7676,3,0.0001,257.6,415.7,0.58,0.1845,0.6424,0
0.8172,0.6843,0.7811,4,0.006,155.7,221.4,5.21,0.1486,0.0576,0
0.8953,0.8339,0.8625,2,0.0043,61.5,220.2,4.22,0.0147,0.1409,0
0.8625,0.8525,0.9517,2,0.3238,35.1,85.3,2.32,0.1633,0.6018,1
0.8473,0.7163,0.7524,4,0.2977,32.4,71.7,1.94,0.1754,0.7702,1
0.7861,0.6663,0.6875,3,0.0263,23.9,177.4,1.99,-0.0173,0.0154,0
0.9101,0.8309,0.973,4,0.0541,246.9,405.7,1.58,0.218,0.8896,1
0.8074,0.695,0.9441,5,0.0272,134.4,247.0,4.03,0.0749,0.0096,0
0.8797,0.7901,0.8042,4,0.0354,158.1,162.3,3.61,0.2407,0.0324,1
0.8348,0.6822,0.9348,5,0.3478,252.5,268.6,3.7,0.0476,0.0194,1
0.8004,0.8004,0.7863,1,0.2506,51.0,51.0,2.41,0.1113,0.7079,0
0.8905,0.749,0.7888,5,0.9227,194.5,369.4,7.04,0.2285,0.2185,1
0.8223,0.6948,0.8736,2,0.0486,262.6,368.3,1.06,0.1108,0.1142,0
0.8685,0.7851,0.8765,4,0.0196,134.1,195.3,7.19,0.0553,0.0506,0
0.7797,0.4514,0.9624,4,0.2992,243.0,284.4,3.53,0.2442,0.3665,0
0.8527,0.7505,0.8845,4,0.2725,179.8,297.7,0.29,0.2532,0.2703,1
0.8894,0.8245,0.8671,3,0.2808,188.7,367.1,0.91,0.2427,0.0055,0
0.736,0.736,0.6925,1,0.1533,286.8,286.8,5.54,0.1521,0.1771,1
0.8759,0.7692,0.9002,5,0.2469,303.4,463.2,3.06,0.0186,0.3564,0
0.8068,0.7981,0.7358,2,0.043,203.6,204.0,7.54,-0.0156,0.175,1
0.85,0.7767,0.8341,2,0.265,275.8,303.0,1.09,0.2161,0.1999,0
0.9219,0.9219,1.0,1,0.5993,196.1,196.1,0.86,0.0703,0.1373,0
0.7572,0.6209,0.8087,3,0.2219,192.1,269.5,1.74,0.3006,0.9139,0
0.9702,0.9702,0.9557,1,0.147,257.4,257.4,3.27,0.1808,0.0836,1
0.8066,0.6735,0.8383,4,0.0354,305.9,374.9,3.82,0.0994,0.0175,0
0.8653,0.848,0.9066,2,0.1228,233.9,373.5,2.18,0.1115,0.8578,0
0.6724,0.6481,0.6256,2,0.4001,203.5,265.6,0.93,0.1201,0.2156,0
0.892,0.8271,0.8021,2,0.0828,265.9,417.2,2.21,-0.0755,0.3466,1
0.8573,0.7802,0.8655,2,0.7298,292.9,354.0,1.83,0.1846,0.4508,1
0.9452,0.9359,0.8905,4,0.0406,111.9,248.3,14.0,0.0774,0.3821,1
0.9438,0.9125,1.0,5,0.4617,156.2,169.4,3.22,0.1537,0.0707,0
0.8939,0.8378,0.9564,5,0.0247,220.2,286.0,5.79,0.0802,0.3049,0
0.9309,0.9264,0.9866,2,0.0095,138.3,194.2,6.95,0.1136,0.2441,1
0.8324,0.7638,0.9108,4,0.322,130.2,287.8,0.66,0.2602,0.4631,0
0.8654,0.7418,0.7615,5,0.1225,171.4,185.6,4.58,0.0346,0.4575,1
0.8803,0.701,0.8208,5,0.2301,309.2,339.1,2.99,0.1523,0.0624,1
0.7955,0.6687,0.8633,4,0.1063,146.7,184.9,3.37,0.205,0.6931,1
0.7373,0.6055,0.7217,3,0.1087,297.8,388.1,7.36,0.1438,0.5173,0
0.8502,0.8381,0.84,3,0.275,297.5,351.4,2.18,0.0254,0.3943,0
0.9136,0.8923,0.9237,2,0.059,85.3,259.3,1.22,0.3115,0.5898,1
0.7976,0.5358,0.7553,5,0.3712,154.1,324.4,1.8,0.2229,0.218,0
0.9178,0.9178,0.8862,1,0.1337,38.5,38.5,1.18,0.1006,0.6222,1
0.7504,0.6569,0.7435,3,0.0212,190.6,201.3,2.34,0.0232,0.3446,0
0.7932,0.7932,0.715,1,0.6359,276.2,276.2,4.69,0.2784,0.0409,1
0.7324,0.6634,0.8287,3,0.4759,171.1,310.3,2.35,0.2366,0.6239,0
0.8116,0.5081,0.9288,5,0.4194,305.3,482.9,2.07,-0.1087,0.7364,0
0.8088,0.6694,0.8303,2,0.1346,129.8,256.2,4.95,0.333,0.9179,0
0.7843,0.5393,0.6823,3,0.1557,313.9,385.1,1.57,-0.108,0.2647,0
0.8853,0.8105,0.8185,3,0.0051,281.3,370.3,4.98,0.1889,0.6518,1
0.8028,0.5471,0.8372,4,0.0557,209.0,331.2,4.25,0.2179,0.133,0
0.8816,0.7701,0.8869,3,0.0335,120.2,134.6,1.54,0.3032,0.2993,0
0.8512,0.8173,0.8273,3,0.106,127.9,223.2,0.96,0.154,0.2392,0
0.8954,0.8954,0.8269,1,0.211,259.8,259.8,5.51,0.2984,0.4248,1
0.8811,0.8811,0.886,1,0.2648,253.7,253.7,3.1,0.04,0.1973,1
0.8713,0.7134,0.8687,4,0.4855,267.5,411.1,6.55,0.1289,0.077,0
0.7777,0.5545,0.7793,5,0.1337,156.4,265.8,1.57,0.1601,0.309,0
0.7408,0.5336,0.689,5,0.1707,84.5,217.5,6.74,0.1581,0.0923,0
0.8196,0.7209,0.8089,4,0.2705,20.8,145.4,2.54,0.0115,0.151,0
0.8733,0.8361,0.8597,3,0.2393,178.6,223.1,3.02,-0.2111,0.1634,0
0.8654,0.8654,0.8818,1,0.5273,162.8,162.8,1.46,0.0735,0.4258,1
0.8207,0.737,0.8215,2,0.1739,257.6,434.7,1.78,-0.0348,0.2734,0
0.585,0.585,0.6378,1,0.3405,206.4,206.4,2.44,0.0063,0.2513,0
0.797,0.6323,0.716,4,0.5923,176.9,246.6,2.19,0.0761,0.0563,0
0.977,0.977,0.9821,1,0.0169,22.4,22.4,2.19,0.1353,0.3604,1
0.8701,0.8253,0.8378,4,0.3744,317.0,388.9,6.25,0.099,0.0676,1
0.9075,0.8531,0.9264,3,0.1462,184.2,272.2,5.81,0.3681,0.2041,1
0.7962,0.7756,0.7671,2,0.1024,209.2,299.1,2.9,0.0641,0.5878,0
0.8863,0.8088,0.8835,5,0.2841,264.4,320.4,2.2,0.019,0.6201,1
0.8283,0.7449,0.827,3,0.0212,59.3,215.6,5.25,-0.0202,0.6442,1
0.8489,0.735,0.8867,4,0.0697,31.1,139.2,1.97,-0.0637,0.0568,1
0.8311,0.6853,0.8601,4,0.0934,60.3,240.2,11.87,-0.0269,0.648,1
0.5634,0.45,0.5335,2,0.0259,251.7,283.7,4.42,0.17,0.3608,0
0.848,0.7411,0.9026,2,0.0573,232.4,378.1,5.41,0.2792,0.042,0
0.885,0.678,0.9221,4,0.3265,74.7,185.1,7.38,0.1094,0.0168,1
0.8859,0.6816,0.8655,5,0.1511,110.2,168.1,2.17,0.0934,0.3779,0
0.6598,0.5642,0.7266,2,0.2673,33.5,78.3,3.42,0.0737,0.0931,0
0.9844,0.9844,1.0,1,0.343,313.1,313.1,3.57,0.2703,0.1592,0
0.7374,0.7374,0.7629,1,0.3319,54.4,54.4,0.59,-0.0128,0.1802,1
0.6684,0.6684,0.7009,1,0.0237,265.5,265.5,1.58,0.1445,0.2711,0
0.7915,0.697,0.7378,5,0.1377,258.0,347.0,2.46,0.0179,0.0453,0
0.8626,0.8626,0.9376,1,0.2888,201.0,201.0,3.29,0.3481,0.0431,1
0.8712,0.8088,0.8899,4,0.2039,190.2,196.9,1.97,0.2308,0.0865,1
0.8925,0.8925,0.8736,1,0.0408,155.7,155.7,5.87,0.0995,0.1759,1
0.8825,0.7826,0.9431,4,0.085,285.4,398.9,1.8,0.0996,0.0895,0
0.7699,0.6057,0.7582,5,0.0019,135.2,138.1,1.33,0.0952,0.2363,0
0.8565,0.8024,0.8595,3,0.0502,145.4,250.3,2.58,0.2548,0.4185,0
0.5772,0.4623,0.6614,2,0.1923,229.7,405.0,3.02,0.3061,0.2691,0
0.8314,0.6973,0.9569,5,0.1163,157.5,184.7,3.46,0.1906,0.3067,1
0.8166,0.8166,0.7696,1,0.0761,53.3,53.3,4.84,0.0812,0.4342,1
0.8704,0.8429,0.9528,2,0.4756,66.2,107.8,12.84,0.0057,0.299,1
0.7514,0.7514,0.7238,1,0.0737,71.9,71.9,2.66,0.0503,0.3047,1
0.8852,0.8187,0.9935,5,0.0765,240.9,283.3,4.12,0.0797,0.0624,0
0.7273,0.5913,0.7025,2,0.1799,196.4,317.8,6.06,0.3391,0.6015,0
0.9401,0.8901,0.8339,3,0.9238,178.9,296.6,6.26,0.0302,0.286,1
0.8389,0.6713,0.9149,4,0.3213,54.1,187.3,5.05,0.1705,0.6117,0
0.8463,0.8463,0.8792,1,0.0819,201.1,201.1,1.37,0.261,0.1464,1
0.8146,0.6195,0.8083,4,0.1891,149.5,280.9,0.58,-0.1287,0.1061,0
0.8668,0.8668,0.8515,1,0.5212,65.0,65.0,7.67,0.2283,0.4796,1
0.7999,0.717,0.7589,4,0.3111,112.3,283.1,0.94,0.1824,0.587,0
0.9649,0.9508,0.9533,4,0.0909,286.4,362.0,4.73,0.0146,0.379,0
0.8244,0.6958,0.8891,5,0.0586,318.3,421.9,2.01,0.2495,0.1512,0
0.8462,0.7933,0.8396,5,0.123,246.8,384.9,1.14,0.0845,0.5431,0
0.8477,0.7448,0.9229,4,0.409,89.6,183.1,6.6,-0.0993,0.2952,0
0.7417,0.5393,0.7943,2,0.006,214.5,216.6,4.87,0.1571,0.8751,0
0.826,0.693,0.7744,5,0.1641,146.4,204.1,0.55,0.1935,0.3092,0
0.8076,0.6107,0.8036,5,0.1157,204.6,297.5,4.62,0.1385,0.6471,1
0.8273,0.8273,0.8977,1,0.0384,227.3,227.3,3.58,0.2875,0.1443,1
0.8977,0.8977,0.8885,1,0.0048,105.8,105.8,2.75,0.2201,0.4556,1
0.888,0.8833,0.9385,2,0.0139,198.6,357.1,1.57,0.2386,0.8181,1
0.8048,0.8048,0.6753,1,0.0065,132.0,132.0,6.33,0.148,0.3872,1
0.8525,0.5579,0.9164,5,0.2517,200.1,320.8,2.84,-0.0372,0.1376,0
0.8805,0.8522,0.8789,4,0.2,110.7,224.9,1.05,0.2656,0.7508,1
0.8929,0.8558,0.8804,2,0.1089,180.5,285.0,2.31,0.206,0.1282,0
0.9553,0.9553,0.9855,1,0.0859,216.5,216.5,7.23,0.0922,0.0939,1
0.779,0.4605,0.7218,3,0.5021,184.9,220.8,4.41,0.1145,0.3111,1
0.9327,0.9005,0.8231,2,0.2614,185.9,288.0,4.29,0.0446,0.3149,1
0.7693,0.5193,0.8026,5,0.1684,129.1,196.8,6.22,0.1326,0.1336,0
0.9111,0.8436,0.9778,2,0.0616,160.8,191.2,3.81,0.1758,0.0283,0
0.7637,0.6398,0.8385,4,0.076,38.1,182.3,1.12,0.098,0.3721,0
0.8581,0.7346,0.8172,3,0.0291,185.8,256.4,11.04,0.3779,0.6574,1
0.8774,0.8774,0.8722,1,0.2735,218.8,218.8,1.93,0.2595,0.0406,1
0.7415,0.5375,0.7907,3,0.3938,35.0,94.3,4.18,0.1585,0.6865,0
0.8289,0.5271,0.8087,5,0.2608,66.4,69.0,0.38,0.0443,0.1012,0
0.8216,0.741,0.6977,4,0.1152,209.6,354.5,2.68,0.0886,0.5046,1
0.8894,0.8894,0.9312,1,0.0279,87.8,87.8,3.37,0.043,0.2042,1
0.8372,0.7096,0.8711,4,0.1051,75.9,187.9,4.19,0.0503,0.0373,0
0.6315,0.6315,0.6634,1,0.0297,23.2,23.2,5.56,0.0353,0.0651,0
0.8325,0.6402,0.7966,4,0.4699,234.9,307.3,1.14,-0.109,0.1691,0
0.851,0.7825,0.894,4,0.1684,22.7,150.8,5.82,0.163,0.1224,1
0.859,0.7237,0.9147,5,0.1876,35.3,183.9,5.09,0.1509,0.211,0
0.8368,0.5973,0.786,4,0.0974,227.5,356.5,3.56,0.0383,0.3433,0
0.7985,0.5661,0.6618,5,0.333,144.7,167.2,0.87,0.2185,0.2517,0
0.7504,0.5434,0.7557,2,0.7186,143.2,147.4,2.88,0.209,0.123,1
0.8508,0.7188,0.8825,3,0.1253,289.7,367.4,3.48,0.1291,0.1523,0
0.8534,0.8295,0.7953,3,0.0518,198.3,370.9,2.18,0.0329,0.2866,0
0.9037,0.9037,0.9438,1,0.0079,174.2,174.2,8.46,0.0841,0.5852,1
0.9732,0.9608,0.8604,2,0.0248,242.7,384.2,1.95,0.1763,0.2412,0
0.8056,0.7072,0.797,3,0.2224,219.4,366.1,2.64,0.0847,0.1894,1
0.8219,0.6611,0.8631,5,0.4574,315.5,317.2,0.59,0.1625,0.2119,0
0.7918,0.6987,0.7729,5,0.0803,250.3,384.9,0.05,0.2135,0.4212,0
0.8412,0.6384,0.8396,3,0.0099,165.3,259.2,13.33,0.1954,0.5963,1
0.8715,0.7351,0.7965,4,0.5128,270.4,356.1,3.06,0.1105,0.5123,0
0.9453,0.9032,0.9389,2,0.0056,217.9,317.0,0.83,0.0579,0.3648,0
0.8757,0.6809,0.8624,4,0.0374,263.5,267.3,7.01,0.1075,0.4237,0
0.8701,0.7479,0.7999,3,0.0295,283.8,462.1,2.46,0.0081,0.0918,0
0.7795,0.5907,0.9008,4,0.4605,89.3,197.7,8.62,0.3112,0.1234,1
0.9204,0.8967,0.9338,3,0.093,184.3,252.3,1.56,0.0126,0.6409,1
0.9745,0.9745,0.9589,1,0.0047,186.9,186.9,8.17,-0.2257,0.7411,1
0.7391,0.5704,0.6749,3,0.1235,85.3,149.6,0.94,0.2378,0.657,0
0.8541,0.7012,0.7934,5,0.0186,155.8,160.1,4.12,-0.0177,0.0279,0
0.8503,0.664,0.8244,4,0.2069,306.5,455.8,4.04,0.1263,0.1373,0
0.9003,0.8126,1.0,2,0.044,210.9,226.8,4.2,0.0051,0.4685,1
0.7707,0.7454,0.8078,2,0.0922,69.0,113.6,3.85,0.1568,0.0827,1
0.6969,0.6969,0.7312,1,0.0095,25.0,25.0,3.91,0.1175,0.4603,0
0.8397,0.8397,0.8278,1,0.3664,188.3,188.3,4.33,0.2872,0.2115,1
0.8869,0.7782,0.8577,5,0.0214,136.8,172.7,1.93,0.095,0.1283,1
0.7228,0.5404,0.754,5,0.0707,29.5,196.2,1.74,0.1555,0.3123,0
0.9085,0.9085,0.8923,1,0.0811,49.7,49.7,4.22,-0.0603,0.3386,1
0.8912,0.8611,0.8151,3,0.0888,48.7,157.8,7.15,0.165,0.5391,1
0.8118,0.6495,0.7697,5,0.1495,197.2,290.2,8.19,0.2448,0.5044,0
0.8912,0.8912,0.8375,1,0.0252,222.1,222.1,6.71,0.2387,0.1718,0
0.6956,0.4823,0.6407,3,0.0255,87.0,206.5,5.81,0.3646,0.5428,0
0.8931,0.7927,0.9569,4,0.125,315.1,444.3,0.73,0.0549,0.6926,0
0.8622,0.8044,0.9206,2,0.0519,228.5,387.7,7.71,0.1566,0.1561,0
0.9285,0.9285,0.8675,1,0.0004,85.1,85.1,2.78,0.2546,0.4356,1
0.8674,0.7732,0.927,3,0.082,149.2,242.7,7.22,-0.007,0.3086,1
0.9549,0.946,0.9856,3,0.4133,297.1,319.8,3.59,0.0114,0.7068,0
0.8226,0.8034,0.8773,2,0.0028,198.9,287.3,3.03,0.0294,0.5231,1
0.8874,0.8874,0.8147,1,0.1204,312.2,312.2,1.24,0.1769,0.5072,0
0.8718,0.8718,0.7937,1,0.2955,258.4,258.4,3.95,-0.0296,0.1434,1
0.7973,0.7251,0.8143,4,0.1411,78.7,246.1,0.69,0.2252,0.3785,0
0.9338,0.9285,0.9858,4,0.2321,318.4,348.9,4.4,0.0858,0.1938,1
0.7297,0.7193,0.6971,2,0.0218,300.4,428.7,0.54,-0.0017,0.2871,0
0.8929,0.843,0.8462,3,0.211,225.2,308.3,4.54,0.1316,0.0432,0
0.8203,0.8203,0.8196,1,0.2924,209.7,209.7,3.52,0.0354,0.2415,1
0.9254,0.8381,0.9275,4,0.2625,89.2,179.4,6.46,0.1909,0.132,1
0.9294,0.9196,0.8579,4,0.3022,54.6,172.4,5.13,-0.061,0.165,1
0.7681,0.5889,0.7076,4,0.3678,287.9,369.4,1.91,0.0277,0.6206,0
0.6949,0.5909,0.6323,3,0.2342,15.0,91.1,0.97,0.0411,0.2154,0
0.8616,0.8316,0.8159,2,0.1467,280.4,319.9,1.14,-0.0357,0.1985,0
0.9445,0.9445,0.9325,1,0.05,104.6,104.6,2.06,-0.0864,0.1339,1
0.8505,0.7235,0.9641,4,1.0,244.1,304.1,0.87,0.2302,0.4092,1
0.73,0.5753,0.7614,2,0.1697,313.9,374.5,0.61,-0.2119,0.3492,0
0.6442,0.6442,0.6849,1,0.067,131.0,131.0,2.23,0.0684,0.0565,1
0.8683,0.6302,0.9316,5,0.0087,36.4,216.3,5.52,-0.0286,0.7986,1
0.8942,0.8192,0.7967,5,0.3498,127.9,164.4,3.82,0.2975,0.4224,1
0.8345,0.6509,0.8265,3,0.0966,102.7,113.8,2.31,0.1056,0.5061,0
0.6257,0.6257,0.589,1,0.3211,266.1,266.1,2.03,0.2071,0.0935,0
0.8453,0.7852,0.8328,4,0.0125,196.4,235.6,9.05,0.2059,0.5114,0
0.8963,0.8757,0.9244,2,0.0307,39.2,54.6,1.41,-0.0217,0.702,0
0.4841,0.4841,0.4664,1,0.2231,129.7,129.7,2.26,0.279,0.401,0
0.7801,0.7745,0.8505,2,0.0885,32.5,135.7,2.23,-0.0016,0.0997,0
0.9636,0.9363,0.9703,2,0.377,19.3,32.9,2.86,0.1439,0.0554,1
0.7307,0.5569,0.7403,4,0.0627,153.3,290.1,11.77,-0.0338,0.4801,0
0.8364,0.6839,0.9099,3,0.528,136.5,284.0,6.21,0.1823,0.677,0
0.8238,0.7824,0.8521,4,0.1938,163.6,264.8,3.34,0.2746,0.0482,0
0.96,0.96,0.9779,1,0.0404,110.9,110.9,5.34,0.1658,0.6624,1
0.9242,0.7942,0.8102,4,0.1713,232.2,341.2,1.02,0.0538,0.2405,0
0.7816,0.6802,0.8542,4,0.1983,293.6,470.3,4.24,-0.0809,0.3511,0
0.8827,0.7712,0.8386,2,0.0684,38.6,153.6,1.82,0.1557,0.1294,1
0.8733,0.8489,0.9329,3,0.2762,237.7,245.4,0.98,0.0065,0.8043,0
0.6376,0.5783,0.6486,3,0.0289,291.3,415.2,3.65,0.0329,0.5424,0
0.7194,0.4882,0.7014,2,0.0393,316.7,472.4,4.98,-0.1371,0.0553,0
0.8848,0.7885,0.8911,3,0.4473,144.0,166.1,4.62,-0.009,0.4172,1
0.8723,0.7999,0.8516,3,0.2012,271.7,435.7,7.99,0.1291,0.6592,1
0.8455,0.7598,0.8558,4,0.033,177.3,329.2,1.54,0.0924,0.4144,0
0.8702,0.8289,0.9046,3,0.2224,284.1,382.9,12.08,0.0752,0.5216,1
0.8594,0.6551,0.9545,5,0.228,176.0,213.3,4.59,0.2601,0.2478,0
0.8492,0.7979,0.9277,5,0.1872,234.7,354.4,12.14,0.2196,0.1834,1
0.8993,0.8507,0.7408,4,0.0266,297.7,370.7,5.11,0.2758,0.299,1
0.8015,0.6395,0.901,5,0.0916,210.3,293.2,1.03,0.013,0.6561,0
0.7804,0.737,0.7359,3,0.025,122.4,209.8,7.29,0.0701,0.8083,1
0.7875,0.6748,0.8381,3,0.083,128.9,250.3,0.86,0.1312,0.3157,1
0.9912,0.9912,1.0,1,0.2711,67.8,67.8,0.77,0.0751,0.6841,1
0.9121,0.9071,0.855,2,0.5058,305.5,485.3,7.09,-0.0013,0.6616,0
0.8651,0.7887,0.84,2,0.0671,16.1,26.3,3.56,-0.0383,0.3391,1
0.738,0.6481,0.6896,3,0.1137,165.9,275.7,0.78,-0.2471,0.4083,0
0.8268,0.751,0.9763,2,0.163,54.0,136.0,3.93,-0.0863,0.1474,1
0.8774,0.6996,0.9259,3,0.0658,281.9,381.9,1.53,0.1456,0.1645,0
0.8695,0.8695,0.8128,1,0.017,267.9,267.9,4.0,0.1622,0.4293,1
0.7455,0.5934,0.7398,3,0.0545,159.9,231.2,7.62,0.1584,0.2516,0
0.7973,0.7973,0.8578,1,0.0026,74.6,74.6,2.77,0.1105,0.4878,1
0.7992,0.7992,0.8752,1,0.1235,130.8,130.8,1.61,0.0711,0.3488,1
0.8829,0.7747,0.9051,3,0.0207,257.0,405.2,3.04,-0.0402,0.4682,1
0.6616,0.6013,0.6625,2,0.3607,275.9,414.7,4.57,0.1067,0.1434,0
0.9046,0.9046,1.0,1,0.0311,298.5,298.5,4.5,0.1247,0.6178,1
0.8487,0.7405,0.8236,2,0.1768,307.9,347.4,3.69,0.3943,0.1859,1
0.7601,0.5804,0.7278,4,0.0061,288.3,341.3,1.39,0.1457,0.5008,0
0.8484,0.7551,0.9511,3,0.0764,41.5,219.0,1.16,0.0587,0.5366,0
0.7942,0.7942,0.8128,1,0.1466,213.2,213.2,0.5,-0.0606,0.3065,0
0.7976,0.45,0.7689,5,0.1509,72.5,152.0,1.24,0.1424,0.0046,0
0.9116,0.9116,0.9302,1,0.0477,285.7,285.7,4.02,0.2828,0.0445,0
0.8046,0.7317,0.8706,3,0.5269,211.7,363.8,3.82,0.2018,0.144,1
0.7216,0.7216,0.7243,1,0.1951,164.1,164.1,2.6,0.0146,0.1904,0
0.812,0.812,0.9086,1,0.4366,85.4,85.4,1.53,-0.0403,0.04,1
0.7403,0.6612,0.6664,3,0.1677,46.0,107.0,3.71,0.2493,0.5218,0
0.8831,0.7595,0.9634,5,0.0958,296.4,385.5,2.13,0.1429,0.6389,0
0.5816,0.5816,0.5473,1,0.0607,148.7,148.7,3.93,-0.0296,0.3916,1
0.7885,0.7885,0.8501,1,0.0549,305.2,305.2,5.43,0.1019,0.1946,1
0.8577,0.7632,0.8464,3,0.1631,283.9,368.5,3.24,0.1737,0.3875,0
0.8788,0.7167,0.8948,4,0.4698,268.8,270.0,0.83,0.3539,0.8728,0
0.819,0.7012,0.8319,2,0.0121,78.3,120.1,3.33,0.1017,0.0769,0
0.7561,0.6629,0.7483,2,0.2627,191.9,199.3,0.9,0.1739,0.1609,0
0.7283,0.7283,0.7109,1,0.365,43.2,43.2,3.03,0.115,0.2561,0
0.8111,0.8111,0.819,1,0.0189,38.5,38.5,3.06,0.0488,0.3975,1
0.8176,0.5113,0.7232,5,0.1414,115.4,267.0,1.33,0.2763,0.2134,0
0.8117,0.7068,0.7983,2,0.2798,173.3,262.1,3.89,0.1948,0.7151,1
0.7849,0.5983,0.7311,5,0.1796,113.2,162.7,4.8,0.136,0.3791,0
0.9348,0.9348,0.9051,1,0.5403,32.3,32.3,3.27,0.0059,0.7088,1
0.8199,0.7479,0.655,4,0.3454,42.9,121.9,0.7,0.1731,0.1863,0
0.7998,0.7798,0.7935,2,0.0345,289.4,435.0,5.71,0.0544,0.3408,0
0.7947,0.7471,0.8291,3,0.0785,35.9,202.4,1.54,-0.0233,0.3003,0
0.8693,0.7708,0.7754,4,0.0681,69.4,130.6,3.27,0.0376,0.1365,0
0.7604,0.45,0.8113,3,0.0958,274.3,405.5,2.71,0.1665,0.2389,0
0.915,0.85,0.9622,5,0.3015,25.7,49.6,1.7,0.0493,0.231,1
0.9401,0.9314,0.9392,2,0.1024,241.6,266.9,1.95,0.0526,0.3545,1
0.8796,0.8003,0.8889,4,0.3436,299.9,348.4,2.57,0.2402,0.0853,1
0.7771,0.45,0.8635,5,0.2548,35.0,54.2,0.53,0.0581,0.2792,0
0.7892,0.6861,0.816,3,0.1464,88.7,133.8,4.68,0.1552,0.4944,1
0.7948,0.5538,0.8422,3,0.4189,20.2,47.0,1.92,0.0944,0.275,0
0.6168,0.4869,0.5921,3,0.12,149.6,170.7,3.79,0.167,0.2478,1
0.8553,0.6658,0.9024,5,0.2821,237.4,364.5,9.59,-0.0217,0.8784,0
0.8871,0.7781,0.8914,4,0.0167,77.8,125.1,9.13,0.1136,0.3804,1
0.7927,0.7694,0.7469,3,0.028,144.7,182.2,4.63,0.0046,0.27,0
0.6878,0.6194,0.744,2,0.075,124.0,217.5,2.34,0.0977,0.5817,0
0.9101,0.9101,0.8637,1,0.1114,290.4,290.4,0.95,0.1873,0.4087,1
0.7441,0.7441,0.8151,1,0.1341,256.2,256.2,6.45,0.0304,0.5114,1
0.7583,0.7219,0.6318,3,0.1168,207.3,272.2,3.03,0.2611,0.0462,0
0.8414,0.612,0.9971,4,0.3829,198.5,365.4,5.81,0.0753,0.0352,0
0.763,0.6791,0.927,3,0.5893,209.0,227.8,2.05,0.169,0.2165,0
0.7764,0.6979,0.6967,3,0.0263,119.5,184.3,1.27,0.3044,0.1404,0
0.7651,0.7651,0.8335,1,0.0702,73.6,73.6,6.01,0.1064,0.5411,1
0.9075,0.8796,0.8186,4,0.0365,164.4,217.6,1.77,0.0567,0.2303,1
0.7078,0.6957,0.6777,2,0.0422,70.8,74.0,9.02,-0.0547,0.39,0
0.8534,0.7371,0.7329,2,0.0656,315.6,338.8,3.44,-0.0085,0.1551,0
0.8571,0.8428,0.8262,3,0.0918,314.3,464.4,11.67,0.2141,0.6398,1
0.7392,0.7351,0.7514,2,0.1535,77.1,139.0,4.73,0.3138,0.4466,1
0.8982,0.7631,0.8118,3,0.0773,305.0,411.5,1.13,0.2243,0.0981,0
0.9341,0.857,0.9093,5,0.1003,303.2,357.9,3.62,0.0265,0.1142,1
0.875,0.7074,0.8859,5,0.1386,29.9,110.0,3.2,0.2426,0.4152,0
0.8208,0.7097,0.7416,2,0.0121,227.6,249.4,3.93,0.0821,0.6222,0
0.8321,0.624,0.7971,3,0.0106,178.7,211.4,3.99,0.0899,0.2358,0
0.8721,0.7435,0.8559,3,0.0128,205.7,228.1,5.72,0.101,0.0401,0
0.7219,0.45,0.7602,5,0.0361,159.7,215.1,2.12,0.1312,0.4462,0
0.8853,0.7616,0.9009,4,0.2144,265.2,304.0,4.85,0.2239,0.6515,1
0.935,0.9181,0.9529,2,0.0272,165.4,250.9,2.61,0.0531,0.6632,0
0.8674,0.6249,0.9266,5,0.1094,62.5,96.7,2.6,0.1087,0.404,1
0.8444,0.756,0.834,3,0.2741,296.0,433.9,2.38,0.3296,0.6622,1
0.7566,0.7262,0.7187,4,0.1887,289.8,407.1,4.19,-0.0297,0.5602,0
0.8183,0.7215,0.8872,2,0.219,111.9,207.3,4.3,0.1591,0.3653,1
0.8147,0.7074,0.8606,2,0.3573,102.7,260.2,1.44,0.2232,0.5077,0
0.7654,0.5612,0.809,5,0.164,213.9,334.9,2.26,0.0864,0.3359,0
0.9327,0.8963,0.8174,3,0.1305,308.2,324.7,4.18,0.0915,0.5054,0
0.8114,0.7308,0.7239,2,0.0274,151.5,226.0,5.37,0.0377,0.3769,1
0.7846,0.5512,0.8375,4,0.0084,171.4,216.1,6.69,0.0886,0.7999,0
0.8659,0.8659,0.8306,1,0.0304,87.7,87.7,7.98,0.0521,0.3236,0
0.8731,0.7149,0.8929,5,0.06,83.3,149.3,1.42,0.298,0.281,0
0.8442,0.8169,0.7749,5,0.0095,283.2,365.1,1.56,-0.0652,0.7301,0
0.8479,0.693,0.902,5,0.434,261.3,396.4,1.77,0.037,0.4333,0
0.9658,0.9658,0.9175,1,0.3603,259.2,259.2,0.97,0.137,0.5852,1
0.8958,0.8568,0.8911,2,0.0964,200.7,264.9,3.03,0.1533,0.0953,1
0.8688,0.8688,0.875,1,0.2031,119.4,119.4,5.42,0.0473,0.4209,1
0.8121,0.7211,0.7495,3,0.272,211.8,310.6,2.26,-0.0566,0.311,0
0.688,0.5595,0.643,3,0.084,259.0,392.9,5.92,0.1309,0.5401,0
0.8061,0.6631,0.861,4,0.467,284.2,289.1,5.62,0.0908,0.0186,1
